[2026-04-11 18:59:19] production.ERROR: syntax error, unexpected end of file, expecting "elseif" or "else" or "endif" (View: /var/www/vhosts/ieslamarisma.net/httpdocs/proyectos/2026/joseangelaquino/laravel/gym-reservas/resources/views/auth/register.blade.php) {"exception":"[object] (Illuminate\\View\\ViewException(code: 0): syntax error, unexpected end of file, expecting \"elseif\" or \"else\" or \"endif\" (View: /var/www/vhosts/ieslamarisma.net/httpdocs/proyectos/2026/joseangelaquino/laravel/gym-reservas/resources/views/auth/register.blade.php) at /var/www/vhosts/ieslamarisma.net/httpdocs/proyectos/2026/joseangelaquino/laravel/gym-reservas/storage/framework/views/08bd678c24c6ebca26eb51391224eab6.php:451)
[stacktrace]
#0 /var/www/vhosts/ieslamarisma.net/httpdocs/proyectos/2026/joseangelaquino/laravel/gym-reservas/vendor/laravel/framework/src/Illuminate/View/Engines/PhpEngine.php(60): Illuminate\\View\\Engines\\CompilerEngine->handleViewException()
#1 /var/www/vhosts/ieslamarisma.net/httpdocs/proyectos/2026/joseangelaquino/laravel/gym-reservas/vendor/laravel/framework/src/Illuminate/View/Engines/CompilerEngine.php(75): Illuminate\\View\\Engines\\PhpEngine->evaluatePath()
#2 /var/www/vhosts/ieslamarisma.net/httpdocs/proyectos/2026/joseangelaquino/laravel/gym-reservas/vendor/laravel/framework/src/Illuminate/View/View.php(209): Illuminate\\View\\Engines\\CompilerEngine->get()
#3 /var/www/vhosts/ieslamarisma.net/httpdocs/proyectos/2026/joseangelaquino/laravel/gym-reservas/vendor/laravel/framework/src/Illuminate/View/View.php(192): Illuminate\\View\\View->getContents()
#4 /var/www/vhosts/ieslamarisma.net/httpdocs/proyectos/2026/joseangelaquino/laravel/gym-reservas/vendor/laravel/framework/src/Illuminate/View/View.php(161): Illuminate\\View\\View->renderContents()
#5 /var/www/vhosts/ieslamarisma.net/httpdocs/proyectos/2026/joseangelaquino/laravel/gym-reservas/vendor/laravel/framework/src/Illuminate/Http/Response.php(79): Illuminate\\View\\View->render()
#6 /var/www/vhosts/ieslamarisma.net/httpdocs/proyectos/2026/joseangelaquino/laravel/gym-reservas/vendor/laravel/framework/src/Illuminate/Http/Response.php(35): Illuminate\\Http\\Response->setContent()
#7 /var/www/vhosts/ieslamarisma.net/httpdocs/proyectos/2026/joseangelaquino/laravel/gym-reservas/vendor/laravel/framework/src/Illuminate/Routing/Router.php(920): Illuminate\\Http\\Response->__construct()
#8 /var/www/vhosts/ieslamarisma.net/httpdocs/proyectos/2026/joseangelaquino/laravel/gym-reservas/vendor/laravel/framework/src/Illuminate/Routing/Router.php(887): Illuminate\\Routing\\Router::toResponse()
#9 /var/www/vhosts/ieslamarisma.net/httpdocs/proyectos/2026/joseangelaquino/laravel/gym-reservas/vendor/laravel/framework/src/Illuminate/Routing/Router.php(807): Illuminate\\Routing\\Router->prepareResponse()
#10 /var/www/vhosts/ieslamarisma.net/httpdocs/proyectos/2026/joseangelaquino/laravel/gym-reservas/vendor/laravel/framework/src/Illuminate/Pipeline/Pipeline.php(170): Illuminate\\Routing\\Router->Illuminate\\Routing\\{closure}()
#11 /var/www/vhosts/ieslamarisma.net/httpdocs/proyectos/2026/joseangelaquino/laravel/gym-reservas/vendor/laravel/framework/src/Illuminate/Auth/Middleware/RedirectIfAuthenticated.php(35): Illuminate\\Pipeline\\Pipeline->Illuminate\\Pipeline\\{closure}()
#12 /var/www/vhosts/ieslamarisma.net/httpdocs/proyectos/2026/joseangelaquino/laravel/gym-reservas/vendor/laravel/framework/src/Illuminate/Pipeline/Pipeline.php(209): Illuminate\\Auth\\Middleware\\RedirectIfAuthenticated->handle()
#13 /var/www/vhosts/ieslamarisma.net/httpdocs/proyectos/2026/joseangelaquino/laravel/gym-reservas/vendor/laravel/framework/src/Illuminate/Http/Middleware/AddLinkHeadersForPreloadedAssets.php(20): Illuminate\\Pipeline\\Pipeline->Illuminate\\Pipeline\\{closure}()
#14 /var/www/vhosts/ieslamarisma.net/httpdocs/proyectos/2026/joseangelaquino/laravel/gym-reservas/vendor/laravel/framework/src/Illuminate/Pipeline/Pipeline.php(209): Illuminate\\Http\\Middleware\\AddLinkHeadersForPreloadedAssets->handle()
#15 /var/www/vhosts/ieslamarisma.net/httpdocs/proyectos/2026/joseangelaquino/laravel/gym-reservas/vendor/inertiajs/inertia-laravel/src/Middleware.php(122): Illuminate\\Pipeline\\Pipeline->Illuminate\\Pipeline\\{closure}()
#16 /var/www/vhosts/ieslamarisma.net/httpdocs/proyectos/2026/joseangelaquino/laravel/gym-reservas/vendor/laravel/framework/src/Illuminate/Pipeline/Pipeline.php(209): Inertia\\Middleware->handle()
#17 /var/www/vhosts/ieslamarisma.net/httpdocs/proyectos/2026/joseangelaquino/laravel/gym-reservas/vendor/laravel/framework/src/Illuminate/Routing/Middleware/SubstituteBindings.php(51): Illuminate\\Pipeline\\Pipeline->Illuminate\\Pipeline\\{closure}()
#18 /var/www/vhosts/ieslamarisma.net/httpdocs/proyectos/2026/joseangelaquino/laravel/gym-reservas/vendor/laravel/framework/src/Illuminate/Pipeline/Pipeline.php(209): Illuminate\\Routing\\Middleware\\SubstituteBindings->handle()
#19 /var/www/vhosts/ieslamarisma.net/httpdocs/proyectos/2026/joseangelaquino/laravel/gym-reservas/vendor/laravel/framework/src/Illuminate/Foundation/Http/Middleware/VerifyCsrfToken.php(88): Illuminate\\Pipeline\\Pipeline->Illuminate\\Pipeline\\{closure}()
#20 /var/www/vhosts/ieslamarisma.net/httpdocs/proyectos/2026/joseangelaquino/laravel/gym-reservas/vendor/laravel/framework/src/Illuminate/Pipeline/Pipeline.php(209): Illuminate\\Foundation\\Http\\Middleware\\VerifyCsrfToken->handle()
#21 /var/www/vhosts/ieslamarisma.net/httpdocs/proyectos/2026/joseangelaquino/laravel/gym-reservas/vendor/laravel/framework/src/Illuminate/View/Middleware/ShareErrorsFromSession.php(49): Illuminate\\Pipeline\\Pipeline->Illuminate\\Pipeline\\{closure}()
#22 /var/www/vhosts/ieslamarisma.net/httpdocs/proyectos/2026/joseangelaquino/laravel/gym-reservas/vendor/laravel/framework/src/Illuminate/Pipeline/Pipeline.php(209): Illuminate\\View\\Middleware\\ShareErrorsFromSession->handle()
#23 /var/www/vhosts/ieslamarisma.net/httpdocs/proyectos/2026/joseangelaquino/laravel/gym-reservas/vendor/laravel/framework/src/Illuminate/Session/Middleware/StartSession.php(121): Illuminate\\Pipeline\\Pipeline->Illuminate\\Pipeline\\{closure}()
#24 /var/www/vhosts/ieslamarisma.net/httpdocs/proyectos/2026/joseangelaquino/laravel/gym-reservas/vendor/laravel/framework/src/Illuminate/Session/Middleware/StartSession.php(64): Illuminate\\Session\\Middleware\\StartSession->handleStatefulRequest()
#25 /var/www/vhosts/ieslamarisma.net/httpdocs/proyectos/2026/joseangelaquino/laravel/gym-reservas/vendor/laravel/framework/src/Illuminate/Pipeline/Pipeline.php(209): Illuminate\\Session\\Middleware\\StartSession->handle()
#26 /var/www/vhosts/ieslamarisma.net/httpdocs/proyectos/2026/joseangelaquino/laravel/gym-reservas/vendor/laravel/framework/src/Illuminate/Cookie/Middleware/AddQueuedCookiesToResponse.php(37): Illuminate\\Pipeline\\Pipeline->Illuminate\\Pipeline\\{closure}()
#27 /var/www/vhosts/ieslamarisma.net/httpdocs/proyectos/2026/joseangelaquino/laravel/gym-reservas/vendor/laravel/framework/src/Illuminate/Pipeline/Pipeline.php(209): Illuminate\\Cookie\\Middleware\\AddQueuedCookiesToResponse->handle()
#28 /var/www/vhosts/ieslamarisma.net/httpdocs/proyectos/2026/joseangelaquino/laravel/gym-reservas/vendor/laravel/framework/src/Illuminate/Cookie/Middleware/EncryptCookies.php(75): Illuminate\\Pipeline\\Pipeline->Illuminate\\Pipeline\\{closure}()
#29 /var/www/vhosts/ieslamarisma.net/httpdocs/proyectos/2026/joseangelaquino/laravel/gym-reservas/vendor/laravel/framework/src/Illuminate/Pipeline/Pipeline.php(209): Illuminate\\Cookie\\Middleware\\EncryptCookies->handle()
#30 /var/www/vhosts/ieslamarisma.net/httpdocs/proyectos/2026/joseangelaquino/laravel/gym-reservas/vendor/laravel/framework/src/Illuminate/Pipeline/Pipeline.php(127): Illuminate\\Pipeline\\Pipeline->Illuminate\\Pipeline\\{closure}()
#31 /var/www/vhosts/ieslamarisma.net/httpdocs/proyectos/2026/joseangelaquino/laravel/gym-reservas/vendor/laravel/framework/src/Illuminate/Routing/Router.php(807): Illuminate\\Pipeline\\Pipeline->then()
#32 /var/www/vhosts/ieslamarisma.net/httpdocs/proyectos/2026/joseangelaquino/laravel/gym-reservas/vendor/laravel/framework/src/Illuminate/Routing/Router.php(786): Illuminate\\Routing\\Router->runRouteWithinStack()
#33 /var/www/vhosts/ieslamarisma.net/httpdocs/proyectos/2026/joseangelaquino/laravel/gym-reservas/vendor/laravel/framework/src/Illuminate/Routing/Router.php(750): Illuminate\\Routing\\Router->runRoute()
#34 /var/www/vhosts/ieslamarisma.net/httpdocs/proyectos/2026/joseangelaquino/laravel/gym-reservas/vendor/laravel/framework/src/Illuminate/Routing/Router.php(739): Illuminate\\Routing\\Router->dispatchToRoute()
#35 /var/www/vhosts/ieslamarisma.net/httpdocs/proyectos/2026/joseangelaquino/laravel/gym-reservas/vendor/laravel/framework/src/Illuminate/Foundation/Http/Kernel.php(201): Illuminate\\Routing\\Router->dispatch()
#36 /var/www/vhosts/ieslamarisma.net/httpdocs/proyectos/2026/joseangelaquino/laravel/gym-reservas/vendor/laravel/framework/src/Illuminate/Pipeline/Pipeline.php(170): Illuminate\\Foundation\\Http\\Kernel->Illuminate\\Foundation\\Http\\{closure}()
#37 /var/www/vhosts/ieslamarisma.net/httpdocs/proyectos/2026/joseangelaquino/laravel/gym-reservas/vendor/laravel/framework/src/Illuminate/Foundation/Http/Middleware/TransformsRequest.php(21): Illuminate\\Pipeline\\Pipeline->Illuminate\\Pipeline\\{closure}()
#38 /var/www/vhosts/ieslamarisma.net/httpdocs/proyectos/2026/joseangelaquino/laravel/gym-reservas/vendor/laravel/framework/src/Illuminate/Foundation/Http/Middleware/ConvertEmptyStringsToNull.php(31): Illuminate\\Foundation\\Http\\Middleware\\TransformsRequest->handle()
#39 /var/www/vhosts/ieslamarisma.net/httpdocs/proyectos/2026/joseangelaquino/laravel/gym-reservas/vendor/laravel/framework/src/Illuminate/Pipeline/Pipeline.php(209): Illuminate\\Foundation\\Http\\Middleware\\ConvertEmptyStringsToNull->handle()
#40 /var/www/vhosts/ieslamarisma.net/httpdocs/proyectos/2026/joseangelaquino/laravel/gym-reservas/vendor/laravel/framework/src/Illuminate/Foundation/Http/Middleware/TransformsRequest.php(21): Illuminate\\Pipeline\\Pipeline->Illuminate\\Pipeline\\{closure}()
#41 /var/www/vhosts/ieslamarisma.net/httpdocs/proyectos/2026/joseangelaquino/laravel/gym-reservas/vendor/laravel/framework/src/Illuminate/Foundation/Http/Middleware/TrimStrings.php(51): Illuminate\\Foundation\\Http\\Middleware\\TransformsRequest->handle()
#42 /var/www/vhosts/ieslamarisma.net/httpdocs/proyectos/2026/joseangelaquino/laravel/gym-reservas/vendor/laravel/framework/src/Illuminate/Pipeline/Pipeline.php(209): Illuminate\\Foundation\\Http\\Middleware\\TrimStrings->handle()
#43 /var/www/vhosts/ieslamarisma.net/httpdocs/proyectos/2026/joseangelaquino/laravel/gym-reservas/vendor/laravel/framework/src/Illuminate/Http/Middleware/ValidatePostSize.php(27): Illuminate\\Pipeline\\Pipeline->Illuminate\\Pipeline\\{closure}()
#44 /var/www/vhosts/ieslamarisma.net/httpdocs/proyectos/2026/joseangelaquino/laravel/gym-reservas/vendor/laravel/framework/src/Illuminate/Pipeline/Pipeline.php(209): Illuminate\\Http\\Middleware\\ValidatePostSize->handle()
#45 /var/www/vhosts/ieslamarisma.net/httpdocs/proyectos/2026/joseangelaquino/laravel/gym-reservas/vendor/laravel/framework/src/Illuminate/Foundation/Http/Middleware/PreventRequestsDuringMaintenance.php(110): Illuminate\\Pipeline\\Pipeline->Illuminate\\Pipeline\\{closure}()
#46 /var/www/vhosts/ieslamarisma.net/httpdocs/proyectos/2026/joseangelaquino/laravel/gym-reservas/vendor/laravel/framework/src/Illuminate/Pipeline/Pipeline.php(209): Illuminate\\Foundation\\Http\\Middleware\\PreventRequestsDuringMaintenance->handle()
#47 /var/www/vhosts/ieslamarisma.net/httpdocs/proyectos/2026/joseangelaquino/laravel/gym-reservas/vendor/laravel/framework/src/Illuminate/Http/Middleware/HandleCors.php(49): Illuminate\\Pipeline\\Pipeline->Illuminate\\Pipeline\\{closure}()
#48 /var/www/vhosts/ieslamarisma.net/httpdocs/proyectos/2026/joseangelaquino/laravel/gym-reservas/vendor/laravel/framework/src/Illuminate/Pipeline/Pipeline.php(209): Illuminate\\Http\\Middleware\\HandleCors->handle()
#49 /var/www/vhosts/ieslamarisma.net/httpdocs/proyectos/2026/joseangelaquino/laravel/gym-reservas/vendor/laravel/framework/src/Illuminate/Http/Middleware/TrustProxies.php(58): Illuminate\\Pipeline\\Pipeline->Illuminate\\Pipeline\\{closure}()
#50 /var/www/vhosts/ieslamarisma.net/httpdocs/proyectos/2026/joseangelaquino/laravel/gym-reservas/vendor/laravel/framework/src/Illuminate/Pipeline/Pipeline.php(209): Illuminate\\Http\\Middleware\\TrustProxies->handle()
#51 /var/www/vhosts/ieslamarisma.net/httpdocs/proyectos/2026/joseangelaquino/laravel/gym-reservas/vendor/laravel/framework/src/Illuminate/Foundation/Http/Middleware/InvokeDeferredCallbacks.php(22): Illuminate\\Pipeline\\Pipeline->Illuminate\\Pipeline\\{closure}()
#52 /var/www/vhosts/ieslamarisma.net/httpdocs/proyectos/2026/joseangelaquino/laravel/gym-reservas/vendor/laravel/framework/src/Illuminate/Pipeline/Pipeline.php(209): Illuminate\\Foundation\\Http\\Middleware\\InvokeDeferredCallbacks->handle()
#53 /var/www/vhosts/ieslamarisma.net/httpdocs/proyectos/2026/joseangelaquino/laravel/gym-reservas/vendor/laravel/framework/src/Illuminate/Pipeline/Pipeline.php(127): Illuminate\\Pipeline\\Pipeline->Illuminate\\Pipeline\\{closure}()
#54 /var/www/vhosts/ieslamarisma.net/httpdocs/proyectos/2026/joseangelaquino/laravel/gym-reservas/vendor/laravel/framework/src/Illuminate/Foundation/Http/Kernel.php(176): Illuminate\\Pipeline\\Pipeline->then()
#55 /var/www/vhosts/ieslamarisma.net/httpdocs/proyectos/2026/joseangelaquino/laravel/gym-reservas/vendor/laravel/framework/src/Illuminate/Foundation/Http/Kernel.php(145): Illuminate\\Foundation\\Http\\Kernel->sendRequestThroughRouter()
#56 /var/www/vhosts/ieslamarisma.net/httpdocs/proyectos/2026/joseangelaquino/laravel/gym-reservas/vendor/laravel/framework/src/Illuminate/Foundation/Application.php(1220): Illuminate\\Foundation\\Http\\Kernel->handle()
#57 /var/www/vhosts/ieslamarisma.net/httpdocs/proyectos/2026/joseangelaquino/laravel/gym-reservas/public/index.php(26): Illuminate\\Foundation\\Application->handleRequest()
#58 {main}

[previous exception] [object] (ParseError(code: 0): syntax error, unexpected end of file, expecting \"elseif\" or \"else\" or \"endif\" at /var/www/vhosts/ieslamarisma.net/httpdocs/proyectos/2026/joseangelaquino/laravel/gym-reservas/storage/framework/views/08bd678c24c6ebca26eb51391224eab6.php:451)
[stacktrace]
#0 /var/www/vhosts/ieslamarisma.net/httpdocs/proyectos/2026/joseangelaquino/laravel/gym-reservas/vendor/laravel/framework/src/Illuminate/Filesystem/Filesystem.php(124): Illuminate\\Filesystem\\Filesystem::Illuminate\\Filesystem\\{closure}()
#1 /var/www/vhosts/ieslamarisma.net/httpdocs/proyectos/2026/joseangelaquino/laravel/gym-reservas/vendor/laravel/framework/src/Illuminate/View/Engines/PhpEngine.php(58): Illuminate\\Filesystem\\Filesystem->getRequire()
#2 /var/www/vhosts/ieslamarisma.net/httpdocs/proyectos/2026/joseangelaquino/laravel/gym-reservas/vendor/laravel/framework/src/Illuminate/View/Engines/CompilerEngine.php(75): Illuminate\\View\\Engines\\PhpEngine->evaluatePath()
#3 /var/www/vhosts/ieslamarisma.net/httpdocs/proyectos/2026/joseangelaquino/laravel/gym-reservas/vendor/laravel/framework/src/Illuminate/View/View.php(209): Illuminate\\View\\Engines\\CompilerEngine->get()
#4 /var/www/vhosts/ieslamarisma.net/httpdocs/proyectos/2026/joseangelaquino/laravel/gym-reservas/vendor/laravel/framework/src/Illuminate/View/View.php(192): Illuminate\\View\\View->getContents()
#5 /var/www/vhosts/ieslamarisma.net/httpdocs/proyectos/2026/joseangelaquino/laravel/gym-reservas/vendor/laravel/framework/src/Illuminate/View/View.php(161): Illuminate\\View\\View->renderContents()
#6 /var/www/vhosts/ieslamarisma.net/httpdocs/proyectos/2026/joseangelaquino/laravel/gym-reservas/vendor/laravel/framework/src/Illuminate/Http/Response.php(79): Illuminate\\View\\View->render()
#7 /var/www/vhosts/ieslamarisma.net/httpdocs/proyectos/2026/joseangelaquino/laravel/gym-reservas/vendor/laravel/framework/src/Illuminate/Http/Response.php(35): Illuminate\\Http\\Response->setContent()
#8 /var/www/vhosts/ieslamarisma.net/httpdocs/proyectos/2026/joseangelaquino/laravel/gym-reservas/vendor/laravel/framework/src/Illuminate/Routing/Router.php(920): Illuminate\\Http\\Response->__construct()
#9 /var/www/vhosts/ieslamarisma.net/httpdocs/proyectos/2026/joseangelaquino/laravel/gym-reservas/vendor/laravel/framework/src/Illuminate/Routing/Router.php(887): Illuminate\\Routing\\Router::toResponse()
#10 /var/www/vhosts/ieslamarisma.net/httpdocs/proyectos/2026/joseangelaquino/laravel/gym-reservas/vendor/laravel/framework/src/Illuminate/Routing/Router.php(807): Illuminate\\Routing\\Router->prepareResponse()
#11 /var/www/vhosts/ieslamarisma.net/httpdocs/proyectos/2026/joseangelaquino/laravel/gym-reservas/vendor/laravel/framework/src/Illuminate/Pipeline/Pipeline.php(170): Illuminate\\Routing\\Router->Illuminate\\Routing\\{closure}()
#12 /var/www/vhosts/ieslamarisma.net/httpdocs/proyectos/2026/joseangelaquino/laravel/gym-reservas/vendor/laravel/framework/src/Illuminate/Auth/Middleware/RedirectIfAuthenticated.php(35): Illuminate\\Pipeline\\Pipeline->Illuminate\\Pipeline\\{closure}()
#13 /var/www/vhosts/ieslamarisma.net/httpdocs/proyectos/2026/joseangelaquino/laravel/gym-reservas/vendor/laravel/framework/src/Illuminate/Pipeline/Pipeline.php(209): Illuminate\\Auth\\Middleware\\RedirectIfAuthenticated->handle()
#14 /var/www/vhosts/ieslamarisma.net/httpdocs/proyectos/2026/joseangelaquino/laravel/gym-reservas/vendor/laravel/framework/src/Illuminate/Http/Middleware/AddLinkHeadersForPreloadedAssets.php(20): Illuminate\\Pipeline\\Pipeline->Illuminate\\Pipeline\\{closure}()
#15 /var/www/vhosts/ieslamarisma.net/httpdocs/proyectos/2026/joseangelaquino/laravel/gym-reservas/vendor/laravel/framework/src/Illuminate/Pipeline/Pipeline.php(209): Illuminate\\Http\\Middleware\\AddLinkHeadersForPreloadedAssets->handle()
#16 /var/www/vhosts/ieslamarisma.net/httpdocs/proyectos/2026/joseangelaquino/laravel/gym-reservas/vendor/inertiajs/inertia-laravel/src/Middleware.php(122): Illuminate\\Pipeline\\Pipeline->Illuminate\\Pipeline\\{closure}()
#17 /var/www/vhosts/ieslamarisma.net/httpdocs/proyectos/2026/joseangelaquino/laravel/gym-reservas/vendor/laravel/framework/src/Illuminate/Pipeline/Pipeline.php(209): Inertia\\Middleware->handle()
#18 /var/www/vhosts/ieslamarisma.net/httpdocs/proyectos/2026/joseangelaquino/laravel/gym-reservas/vendor/laravel/framework/src/Illuminate/Routing/Middleware/SubstituteBindings.php(51): Illuminate\\Pipeline\\Pipeline->Illuminate\\Pipeline\\{closure}()
#19 /var/www/vhosts/ieslamarisma.net/httpdocs/proyectos/2026/joseangelaquino/laravel/gym-reservas/vendor/laravel/framework/src/Illuminate/Pipeline/Pipeline.php(209): Illuminate\\Routing\\Middleware\\SubstituteBindings->handle()
#20 /var/www/vhosts/ieslamarisma.net/httpdocs/proyectos/2026/joseangelaquino/laravel/gym-reservas/vendor/laravel/framework/src/Illuminate/Foundation/Http/Middleware/VerifyCsrfToken.php(88): Illuminate\\Pipeline\\Pipeline->Illuminate\\Pipeline\\{closure}()
#21 /var/www/vhosts/ieslamarisma.net/httpdocs/proyectos/2026/joseangelaquino/laravel/gym-reservas/vendor/laravel/framework/src/Illuminate/Pipeline/Pipeline.php(209): Illuminate\\Foundation\\Http\\Middleware\\VerifyCsrfToken->handle()
#22 /var/www/vhosts/ieslamarisma.net/httpdocs/proyectos/2026/joseangelaquino/laravel/gym-reservas/vendor/laravel/framework/src/Illuminate/View/Middleware/ShareErrorsFromSession.php(49): Illuminate\\Pipeline\\Pipeline->Illuminate\\Pipeline\\{closure}()
#23 /var/www/vhosts/ieslamarisma.net/httpdocs/proyectos/2026/joseangelaquino/laravel/gym-reservas/vendor/laravel/framework/src/Illuminate/Pipeline/Pipeline.php(209): Illuminate\\View\\Middleware\\ShareErrorsFromSession->handle()
#24 /var/www/vhosts/ieslamarisma.net/httpdocs/proyectos/2026/joseangelaquino/laravel/gym-reservas/vendor/laravel/framework/src/Illuminate/Session/Middleware/StartSession.php(121): Illuminate\\Pipeline\\Pipeline->Illuminate\\Pipeline\\{closure}()
#25 /var/www/vhosts/ieslamarisma.net/httpdocs/proyectos/2026/joseangelaquino/laravel/gym-reservas/vendor/laravel/framework/src/Illuminate/Session/Middleware/StartSession.php(64): Illuminate\\Session\\Middleware\\StartSession->handleStatefulRequest()
#26 /var/www/vhosts/ieslamarisma.net/httpdocs/proyectos/2026/joseangelaquino/laravel/gym-reservas/vendor/laravel/framework/src/Illuminate/Pipeline/Pipeline.php(209): Illuminate\\Session\\Middleware\\StartSession->handle()
#27 /var/www/vhosts/ieslamarisma.net/httpdocs/proyectos/2026/joseangelaquino/laravel/gym-reservas/vendor/laravel/framework/src/Illuminate/Cookie/Middleware/AddQueuedCookiesToResponse.php(37): Illuminate\\Pipeline\\Pipeline->Illuminate\\Pipeline\\{closure}()
#28 /var/www/vhosts/ieslamarisma.net/httpdocs/proyectos/2026/joseangelaquino/laravel/gym-reservas/vendor/laravel/framework/src/Illuminate/Pipeline/Pipeline.php(209): Illuminate\\Cookie\\Middleware\\AddQueuedCookiesToResponse->handle()
#29 /var/www/vhosts/ieslamarisma.net/httpdocs/proyectos/2026/joseangelaquino/laravel/gym-reservas/vendor/laravel/framework/src/Illuminate/Cookie/Middleware/EncryptCookies.php(75): Illuminate\\Pipeline\\Pipeline->Illuminate\\Pipeline\\{closure}()
#30 /var/www/vhosts/ieslamarisma.net/httpdocs/proyectos/2026/joseangelaquino/laravel/gym-reservas/vendor/laravel/framework/src/Illuminate/Pipeline/Pipeline.php(209): Illuminate\\Cookie\\Middleware\\EncryptCookies->handle()
#31 /var/www/vhosts/ieslamarisma.net/httpdocs/proyectos/2026/joseangelaquino/laravel/gym-reservas/vendor/laravel/framework/src/Illuminate/Pipeline/Pipeline.php(127): Illuminate\\Pipeline\\Pipeline->Illuminate\\Pipeline\\{closure}()
#32 /var/www/vhosts/ieslamarisma.net/httpdocs/proyectos/2026/joseangelaquino/laravel/gym-reservas/vendor/laravel/framework/src/Illuminate/Routing/Router.php(807): Illuminate\\Pipeline\\Pipeline->then()
#33 /var/www/vhosts/ieslamarisma.net/httpdocs/proyectos/2026/joseangelaquino/laravel/gym-reservas/vendor/laravel/framework/src/Illuminate/Routing/Router.php(786): Illuminate\\Routing\\Router->runRouteWithinStack()
#34 /var/www/vhosts/ieslamarisma.net/httpdocs/proyectos/2026/joseangelaquino/laravel/gym-reservas/vendor/laravel/framework/src/Illuminate/Routing/Router.php(750): Illuminate\\Routing\\Router->runRoute()
#35 /var/www/vhosts/ieslamarisma.net/httpdocs/proyectos/2026/joseangelaquino/laravel/gym-reservas/vendor/laravel/framework/src/Illuminate/Routing/Router.php(739): Illuminate\\Routing\\Router->dispatchToRoute()
#36 /var/www/vhosts/ieslamarisma.net/httpdocs/proyectos/2026/joseangelaquino/laravel/gym-reservas/vendor/laravel/framework/src/Illuminate/Foundation/Http/Kernel.php(201): Illuminate\\Routing\\Router->dispatch()
#37 /var/www/vhosts/ieslamarisma.net/httpdocs/proyectos/2026/joseangelaquino/laravel/gym-reservas/vendor/laravel/framework/src/Illuminate/Pipeline/Pipeline.php(170): Illuminate\\Foundation\\Http\\Kernel->Illuminate\\Foundation\\Http\\{closure}()
#38 /var/www/vhosts/ieslamarisma.net/httpdocs/proyectos/2026/joseangelaquino/laravel/gym-reservas/vendor/laravel/framework/src/Illuminate/Foundation/Http/Middleware/TransformsRequest.php(21): Illuminate\\Pipeline\\Pipeline->Illuminate\\Pipeline\\{closure}()
#39 /var/www/vhosts/ieslamarisma.net/httpdocs/proyectos/2026/joseangelaquino/laravel/gym-reservas/vendor/laravel/framework/src/Illuminate/Foundation/Http/Middleware/ConvertEmptyStringsToNull.php(31): Illuminate\\Foundation\\Http\\Middleware\\TransformsRequest->handle()
#40 /var/www/vhosts/ieslamarisma.net/httpdocs/proyectos/2026/joseangelaquino/laravel/gym-reservas/vendor/laravel/framework/src/Illuminate/Pipeline/Pipeline.php(209): Illuminate\\Foundation\\Http\\Middleware\\ConvertEmptyStringsToNull->handle()
#41 /var/www/vhosts/ieslamarisma.net/httpdocs/proyectos/2026/joseangelaquino/laravel/gym-reservas/vendor/laravel/framework/src/Illuminate/Foundation/Http/Middleware/TransformsRequest.php(21): Illuminate\\Pipeline\\Pipeline->Illuminate\\Pipeline\\{closure}()
#42 /var/www/vhosts/ieslamarisma.net/httpdocs/proyectos/2026/joseangelaquino/laravel/gym-reservas/vendor/laravel/framework/src/Illuminate/Foundation/Http/Middleware/TrimStrings.php(51): Illuminate\\Foundation\\Http\\Middleware\\TransformsRequest->handle()
#43 /var/www/vhosts/ieslamarisma.net/httpdocs/proyectos/2026/joseangelaquino/laravel/gym-reservas/vendor/laravel/framework/src/Illuminate/Pipeline/Pipeline.php(209): Illuminate\\Foundation\\Http\\Middleware\\TrimStrings->handle()
#44 /var/www/vhosts/ieslamarisma.net/httpdocs/proyectos/2026/joseangelaquino/laravel/gym-reservas/vendor/laravel/framework/src/Illuminate/Http/Middleware/ValidatePostSize.php(27): Illuminate\\Pipeline\\Pipeline->Illuminate\\Pipeline\\{closure}()
#45 /var/www/vhosts/ieslamarisma.net/httpdocs/proyectos/2026/joseangelaquino/laravel/gym-reservas/vendor/laravel/framework/src/Illuminate/Pipeline/Pipeline.php(209): Illuminate\\Http\\Middleware\\ValidatePostSize->handle()
#46 /var/www/vhosts/ieslamarisma.net/httpdocs/proyectos/2026/joseangelaquino/laravel/gym-reservas/vendor/laravel/framework/src/Illuminate/Foundation/Http/Middleware/PreventRequestsDuringMaintenance.php(110): Illuminate\\Pipeline\\Pipeline->Illuminate\\Pipeline\\{closure}()
#47 /var/www/vhosts/ieslamarisma.net/httpdocs/proyectos/2026/joseangelaquino/laravel/gym-reservas/vendor/laravel/framework/src/Illuminate/Pipeline/Pipeline.php(209): Illuminate\\Foundation\\Http\\Middleware\\PreventRequestsDuringMaintenance->handle()
#48 /var/www/vhosts/ieslamarisma.net/httpdocs/proyectos/2026/joseangelaquino/laravel/gym-reservas/vendor/laravel/framework/src/Illuminate/Http/Middleware/HandleCors.php(49): Illuminate\\Pipeline\\Pipeline->Illuminate\\Pipeline\\{closure}()
#49 /var/www/vhosts/ieslamarisma.net/httpdocs/proyectos/2026/joseangelaquino/laravel/gym-reservas/vendor/laravel/framework/src/Illuminate/Pipeline/Pipeline.php(209): Illuminate\\Http\\Middleware\\HandleCors->handle()
#50 /var/www/vhosts/ieslamarisma.net/httpdocs/proyectos/2026/joseangelaquino/laravel/gym-reservas/vendor/laravel/framework/src/Illuminate/Http/Middleware/TrustProxies.php(58): Illuminate\\Pipeline\\Pipeline->Illuminate\\Pipeline\\{closure}()
#51 /var/www/vhosts/ieslamarisma.net/httpdocs/proyectos/2026/joseangelaquino/laravel/gym-reservas/vendor/laravel/framework/src/Illuminate/Pipeline/Pipeline.php(209): Illuminate\\Http\\Middleware\\TrustProxies->handle()
#52 /var/www/vhosts/ieslamarisma.net/httpdocs/proyectos/2026/joseangelaquino/laravel/gym-reservas/vendor/laravel/framework/src/Illuminate/Foundation/Http/Middleware/InvokeDeferredCallbacks.php(22): Illuminate\\Pipeline\\Pipeline->Illuminate\\Pipeline\\{closure}()
#53 /var/www/vhosts/ieslamarisma.net/httpdocs/proyectos/2026/joseangelaquino/laravel/gym-reservas/vendor/laravel/framework/src/Illuminate/Pipeline/Pipeline.php(209): Illuminate\\Foundation\\Http\\Middleware\\InvokeDeferredCallbacks->handle()
#54 /var/www/vhosts/ieslamarisma.net/httpdocs/proyectos/2026/joseangelaquino/laravel/gym-reservas/vendor/laravel/framework/src/Illuminate/Pipeline/Pipeline.php(127): Illuminate\\Pipeline\\Pipeline->Illuminate\\Pipeline\\{closure}()
#55 /var/www/vhosts/ieslamarisma.net/httpdocs/proyectos/2026/joseangelaquino/laravel/gym-reservas/vendor/laravel/framework/src/Illuminate/Foundation/Http/Kernel.php(176): Illuminate\\Pipeline\\Pipeline->then()
#56 /var/www/vhosts/ieslamarisma.net/httpdocs/proyectos/2026/joseangelaquino/laravel/gym-reservas/vendor/laravel/framework/src/Illuminate/Foundation/Http/Kernel.php(145): Illuminate\\Foundation\\Http\\Kernel->sendRequestThroughRouter()
#57 /var/www/vhosts/ieslamarisma.net/httpdocs/proyectos/2026/joseangelaquino/laravel/gym-reservas/vendor/laravel/framework/src/Illuminate/Foundation/Application.php(1220): Illuminate\\Foundation\\Http\\Kernel->handle()
#58 /var/www/vhosts/ieslamarisma.net/httpdocs/proyectos/2026/joseangelaquino/laravel/gym-reservas/public/index.php(26): Illuminate\\Foundation\\Application->handleRequest()
#59 {main}
"} 
[2026-04-11 18:59:27] production.ERROR: syntax error, unexpected end of file, expecting "elseif" or "else" or "endif" (View: /var/www/vhosts/ieslamarisma.net/httpdocs/proyectos/2026/joseangelaquino/laravel/gym-reservas/resources/views/auth/register.blade.php) {"exception":"[object] (Illuminate\\View\\ViewException(code: 0): syntax error, unexpected end of file, expecting \"elseif\" or \"else\" or \"endif\" (View: /var/www/vhosts/ieslamarisma.net/httpdocs/proyectos/2026/joseangelaquino/laravel/gym-reservas/resources/views/auth/register.blade.php) at /var/www/vhosts/ieslamarisma.net/httpdocs/proyectos/2026/joseangelaquino/laravel/gym-reservas/storage/framework/views/08bd678c24c6ebca26eb51391224eab6.php:451)
[stacktrace]
#0 /var/www/vhosts/ieslamarisma.net/httpdocs/proyectos/2026/joseangelaquino/laravel/gym-reservas/vendor/laravel/framework/src/Illuminate/View/Engines/PhpEngine.php(60): Illuminate\\View\\Engines\\CompilerEngine->handleViewException()
#1 /var/www/vhosts/ieslamarisma.net/httpdocs/proyectos/2026/joseangelaquino/laravel/gym-reservas/vendor/laravel/framework/src/Illuminate/View/Engines/CompilerEngine.php(75): Illuminate\\View\\Engines\\PhpEngine->evaluatePath()
#2 /var/www/vhosts/ieslamarisma.net/httpdocs/proyectos/2026/joseangelaquino/laravel/gym-reservas/vendor/laravel/framework/src/Illuminate/View/View.php(209): Illuminate\\View\\Engines\\CompilerEngine->get()
#3 /var/www/vhosts/ieslamarisma.net/httpdocs/proyectos/2026/joseangelaquino/laravel/gym-reservas/vendor/laravel/framework/src/Illuminate/View/View.php(192): Illuminate\\View\\View->getContents()
#4 /var/www/vhosts/ieslamarisma.net/httpdocs/proyectos/2026/joseangelaquino/laravel/gym-reservas/vendor/laravel/framework/src/Illuminate/View/View.php(161): Illuminate\\View\\View->renderContents()
#5 /var/www/vhosts/ieslamarisma.net/httpdocs/proyectos/2026/joseangelaquino/laravel/gym-reservas/vendor/laravel/framework/src/Illuminate/Http/Response.php(79): Illuminate\\View\\View->render()
#6 /var/www/vhosts/ieslamarisma.net/httpdocs/proyectos/2026/joseangelaquino/laravel/gym-reservas/vendor/laravel/framework/src/Illuminate/Http/Response.php(35): Illuminate\\Http\\Response->setContent()
#7 /var/www/vhosts/ieslamarisma.net/httpdocs/proyectos/2026/joseangelaquino/laravel/gym-reservas/vendor/laravel/framework/src/Illuminate/Routing/Router.php(920): Illuminate\\Http\\Response->__construct()
#8 /var/www/vhosts/ieslamarisma.net/httpdocs/proyectos/2026/joseangelaquino/laravel/gym-reservas/vendor/laravel/framework/src/Illuminate/Routing/Router.php(887): Illuminate\\Routing\\Router::toResponse()
#9 /var/www/vhosts/ieslamarisma.net/httpdocs/proyectos/2026/joseangelaquino/laravel/gym-reservas/vendor/laravel/framework/src/Illuminate/Routing/Router.php(807): Illuminate\\Routing\\Router->prepareResponse()
#10 /var/www/vhosts/ieslamarisma.net/httpdocs/proyectos/2026/joseangelaquino/laravel/gym-reservas/vendor/laravel/framework/src/Illuminate/Pipeline/Pipeline.php(170): Illuminate\\Routing\\Router->Illuminate\\Routing\\{closure}()
#11 /var/www/vhosts/ieslamarisma.net/httpdocs/proyectos/2026/joseangelaquino/laravel/gym-reservas/vendor/laravel/framework/src/Illuminate/Auth/Middleware/RedirectIfAuthenticated.php(35): Illuminate\\Pipeline\\Pipeline->Illuminate\\Pipeline\\{closure}()
#12 /var/www/vhosts/ieslamarisma.net/httpdocs/proyectos/2026/joseangelaquino/laravel/gym-reservas/vendor/laravel/framework/src/Illuminate/Pipeline/Pipeline.php(209): Illuminate\\Auth\\Middleware\\RedirectIfAuthenticated->handle()
#13 /var/www/vhosts/ieslamarisma.net/httpdocs/proyectos/2026/joseangelaquino/laravel/gym-reservas/vendor/laravel/framework/src/Illuminate/Http/Middleware/AddLinkHeadersForPreloadedAssets.php(20): Illuminate\\Pipeline\\Pipeline->Illuminate\\Pipeline\\{closure}()
#14 /var/www/vhosts/ieslamarisma.net/httpdocs/proyectos/2026/joseangelaquino/laravel/gym-reservas/vendor/laravel/framework/src/Illuminate/Pipeline/Pipeline.php(209): Illuminate\\Http\\Middleware\\AddLinkHeadersForPreloadedAssets->handle()
#15 /var/www/vhosts/ieslamarisma.net/httpdocs/proyectos/2026/joseangelaquino/laravel/gym-reservas/vendor/inertiajs/inertia-laravel/src/Middleware.php(122): Illuminate\\Pipeline\\Pipeline->Illuminate\\Pipeline\\{closure}()
#16 /var/www/vhosts/ieslamarisma.net/httpdocs/proyectos/2026/joseangelaquino/laravel/gym-reservas/vendor/laravel/framework/src/Illuminate/Pipeline/Pipeline.php(209): Inertia\\Middleware->handle()
#17 /var/www/vhosts/ieslamarisma.net/httpdocs/proyectos/2026/joseangelaquino/laravel/gym-reservas/vendor/laravel/framework/src/Illuminate/Routing/Middleware/SubstituteBindings.php(51): Illuminate\\Pipeline\\Pipeline->Illuminate\\Pipeline\\{closure}()
#18 /var/www/vhosts/ieslamarisma.net/httpdocs/proyectos/2026/joseangelaquino/laravel/gym-reservas/vendor/laravel/framework/src/Illuminate/Pipeline/Pipeline.php(209): Illuminate\\Routing\\Middleware\\SubstituteBindings->handle()
#19 /var/www/vhosts/ieslamarisma.net/httpdocs/proyectos/2026/joseangelaquino/laravel/gym-reservas/vendor/laravel/framework/src/Illuminate/Foundation/Http/Middleware/VerifyCsrfToken.php(88): Illuminate\\Pipeline\\Pipeline->Illuminate\\Pipeline\\{closure}()
#20 /var/www/vhosts/ieslamarisma.net/httpdocs/proyectos/2026/joseangelaquino/laravel/gym-reservas/vendor/laravel/framework/src/Illuminate/Pipeline/Pipeline.php(209): Illuminate\\Foundation\\Http\\Middleware\\VerifyCsrfToken->handle()
#21 /var/www/vhosts/ieslamarisma.net/httpdocs/proyectos/2026/joseangelaquino/laravel/gym-reservas/vendor/laravel/framework/src/Illuminate/View/Middleware/ShareErrorsFromSession.php(49): Illuminate\\Pipeline\\Pipeline->Illuminate\\Pipeline\\{closure}()
#22 /var/www/vhosts/ieslamarisma.net/httpdocs/proyectos/2026/joseangelaquino/laravel/gym-reservas/vendor/laravel/framework/src/Illuminate/Pipeline/Pipeline.php(209): Illuminate\\View\\Middleware\\ShareErrorsFromSession->handle()
#23 /var/www/vhosts/ieslamarisma.net/httpdocs/proyectos/2026/joseangelaquino/laravel/gym-reservas/vendor/laravel/framework/src/Illuminate/Session/Middleware/StartSession.php(121): Illuminate\\Pipeline\\Pipeline->Illuminate\\Pipeline\\{closure}()
#24 /var/www/vhosts/ieslamarisma.net/httpdocs/proyectos/2026/joseangelaquino/laravel/gym-reservas/vendor/laravel/framework/src/Illuminate/Session/Middleware/StartSession.php(64): Illuminate\\Session\\Middleware\\StartSession->handleStatefulRequest()
#25 /var/www/vhosts/ieslamarisma.net/httpdocs/proyectos/2026/joseangelaquino/laravel/gym-reservas/vendor/laravel/framework/src/Illuminate/Pipeline/Pipeline.php(209): Illuminate\\Session\\Middleware\\StartSession->handle()
#26 /var/www/vhosts/ieslamarisma.net/httpdocs/proyectos/2026/joseangelaquino/laravel/gym-reservas/vendor/laravel/framework/src/Illuminate/Cookie/Middleware/AddQueuedCookiesToResponse.php(37): Illuminate\\Pipeline\\Pipeline->Illuminate\\Pipeline\\{closure}()
#27 /var/www/vhosts/ieslamarisma.net/httpdocs/proyectos/2026/joseangelaquino/laravel/gym-reservas/vendor/laravel/framework/src/Illuminate/Pipeline/Pipeline.php(209): Illuminate\\Cookie\\Middleware\\AddQueuedCookiesToResponse->handle()
#28 /var/www/vhosts/ieslamarisma.net/httpdocs/proyectos/2026/joseangelaquino/laravel/gym-reservas/vendor/laravel/framework/src/Illuminate/Cookie/Middleware/EncryptCookies.php(75): Illuminate\\Pipeline\\Pipeline->Illuminate\\Pipeline\\{closure}()
#29 /var/www/vhosts/ieslamarisma.net/httpdocs/proyectos/2026/joseangelaquino/laravel/gym-reservas/vendor/laravel/framework/src/Illuminate/Pipeline/Pipeline.php(209): Illuminate\\Cookie\\Middleware\\EncryptCookies->handle()
#30 /var/www/vhosts/ieslamarisma.net/httpdocs/proyectos/2026/joseangelaquino/laravel/gym-reservas/vendor/laravel/framework/src/Illuminate/Pipeline/Pipeline.php(127): Illuminate\\Pipeline\\Pipeline->Illuminate\\Pipeline\\{closure}()
#31 /var/www/vhosts/ieslamarisma.net/httpdocs/proyectos/2026/joseangelaquino/laravel/gym-reservas/vendor/laravel/framework/src/Illuminate/Routing/Router.php(807): Illuminate\\Pipeline\\Pipeline->then()
#32 /var/www/vhosts/ieslamarisma.net/httpdocs/proyectos/2026/joseangelaquino/laravel/gym-reservas/vendor/laravel/framework/src/Illuminate/Routing/Router.php(786): Illuminate\\Routing\\Router->runRouteWithinStack()
#33 /var/www/vhosts/ieslamarisma.net/httpdocs/proyectos/2026/joseangelaquino/laravel/gym-reservas/vendor/laravel/framework/src/Illuminate/Routing/Router.php(750): Illuminate\\Routing\\Router->runRoute()
#34 /var/www/vhosts/ieslamarisma.net/httpdocs/proyectos/2026/joseangelaquino/laravel/gym-reservas/vendor/laravel/framework/src/Illuminate/Routing/Router.php(739): Illuminate\\Routing\\Router->dispatchToRoute()
#35 /var/www/vhosts/ieslamarisma.net/httpdocs/proyectos/2026/joseangelaquino/laravel/gym-reservas/vendor/laravel/framework/src/Illuminate/Foundation/Http/Kernel.php(201): Illuminate\\Routing\\Router->dispatch()
#36 /var/www/vhosts/ieslamarisma.net/httpdocs/proyectos/2026/joseangelaquino/laravel/gym-reservas/vendor/laravel/framework/src/Illuminate/Pipeline/Pipeline.php(170): Illuminate\\Foundation\\Http\\Kernel->Illuminate\\Foundation\\Http\\{closure}()
#37 /var/www/vhosts/ieslamarisma.net/httpdocs/proyectos/2026/joseangelaquino/laravel/gym-reservas/vendor/laravel/framework/src/Illuminate/Foundation/Http/Middleware/TransformsRequest.php(21): Illuminate\\Pipeline\\Pipeline->Illuminate\\Pipeline\\{closure}()
#38 /var/www/vhosts/ieslamarisma.net/httpdocs/proyectos/2026/joseangelaquino/laravel/gym-reservas/vendor/laravel/framework/src/Illuminate/Foundation/Http/Middleware/ConvertEmptyStringsToNull.php(31): Illuminate\\Foundation\\Http\\Middleware\\TransformsRequest->handle()
#39 /var/www/vhosts/ieslamarisma.net/httpdocs/proyectos/2026/joseangelaquino/laravel/gym-reservas/vendor/laravel/framework/src/Illuminate/Pipeline/Pipeline.php(209): Illuminate\\Foundation\\Http\\Middleware\\ConvertEmptyStringsToNull->handle()
#40 /var/www/vhosts/ieslamarisma.net/httpdocs/proyectos/2026/joseangelaquino/laravel/gym-reservas/vendor/laravel/framework/src/Illuminate/Foundation/Http/Middleware/TransformsRequest.php(21): Illuminate\\Pipeline\\Pipeline->Illuminate\\Pipeline\\{closure}()
#41 /var/www/vhosts/ieslamarisma.net/httpdocs/proyectos/2026/joseangelaquino/laravel/gym-reservas/vendor/laravel/framework/src/Illuminate/Foundation/Http/Middleware/TrimStrings.php(51): Illuminate\\Foundation\\Http\\Middleware\\TransformsRequest->handle()
#42 /var/www/vhosts/ieslamarisma.net/httpdocs/proyectos/2026/joseangelaquino/laravel/gym-reservas/vendor/laravel/framework/src/Illuminate/Pipeline/Pipeline.php(209): Illuminate\\Foundation\\Http\\Middleware\\TrimStrings->handle()
#43 /var/www/vhosts/ieslamarisma.net/httpdocs/proyectos/2026/joseangelaquino/laravel/gym-reservas/vendor/laravel/framework/src/Illuminate/Http/Middleware/ValidatePostSize.php(27): Illuminate\\Pipeline\\Pipeline->Illuminate\\Pipeline\\{closure}()
#44 /var/www/vhosts/ieslamarisma.net/httpdocs/proyectos/2026/joseangelaquino/laravel/gym-reservas/vendor/laravel/framework/src/Illuminate/Pipeline/Pipeline.php(209): Illuminate\\Http\\Middleware\\ValidatePostSize->handle()
#45 /var/www/vhosts/ieslamarisma.net/httpdocs/proyectos/2026/joseangelaquino/laravel/gym-reservas/vendor/laravel/framework/src/Illuminate/Foundation/Http/Middleware/PreventRequestsDuringMaintenance.php(110): Illuminate\\Pipeline\\Pipeline->Illuminate\\Pipeline\\{closure}()
#46 /var/www/vhosts/ieslamarisma.net/httpdocs/proyectos/2026/joseangelaquino/laravel/gym-reservas/vendor/laravel/framework/src/Illuminate/Pipeline/Pipeline.php(209): Illuminate\\Foundation\\Http\\Middleware\\PreventRequestsDuringMaintenance->handle()
#47 /var/www/vhosts/ieslamarisma.net/httpdocs/proyectos/2026/joseangelaquino/laravel/gym-reservas/vendor/laravel/framework/src/Illuminate/Http/Middleware/HandleCors.php(49): Illuminate\\Pipeline\\Pipeline->Illuminate\\Pipeline\\{closure}()
#48 /var/www/vhosts/ieslamarisma.net/httpdocs/proyectos/2026/joseangelaquino/laravel/gym-reservas/vendor/laravel/framework/src/Illuminate/Pipeline/Pipeline.php(209): Illuminate\\Http\\Middleware\\HandleCors->handle()
#49 /var/www/vhosts/ieslamarisma.net/httpdocs/proyectos/2026/joseangelaquino/laravel/gym-reservas/vendor/laravel/framework/src/Illuminate/Http/Middleware/TrustProxies.php(58): Illuminate\\Pipeline\\Pipeline->Illuminate\\Pipeline\\{closure}()
#50 /var/www/vhosts/ieslamarisma.net/httpdocs/proyectos/2026/joseangelaquino/laravel/gym-reservas/vendor/laravel/framework/src/Illuminate/Pipeline/Pipeline.php(209): Illuminate\\Http\\Middleware\\TrustProxies->handle()
#51 /var/www/vhosts/ieslamarisma.net/httpdocs/proyectos/2026/joseangelaquino/laravel/gym-reservas/vendor/laravel/framework/src/Illuminate/Foundation/Http/Middleware/InvokeDeferredCallbacks.php(22): Illuminate\\Pipeline\\Pipeline->Illuminate\\Pipeline\\{closure}()
#52 /var/www/vhosts/ieslamarisma.net/httpdocs/proyectos/2026/joseangelaquino/laravel/gym-reservas/vendor/laravel/framework/src/Illuminate/Pipeline/Pipeline.php(209): Illuminate\\Foundation\\Http\\Middleware\\InvokeDeferredCallbacks->handle()
#53 /var/www/vhosts/ieslamarisma.net/httpdocs/proyectos/2026/joseangelaquino/laravel/gym-reservas/vendor/laravel/framework/src/Illuminate/Pipeline/Pipeline.php(127): Illuminate\\Pipeline\\Pipeline->Illuminate\\Pipeline\\{closure}()
#54 /var/www/vhosts/ieslamarisma.net/httpdocs/proyectos/2026/joseangelaquino/laravel/gym-reservas/vendor/laravel/framework/src/Illuminate/Foundation/Http/Kernel.php(176): Illuminate\\Pipeline\\Pipeline->then()
#55 /var/www/vhosts/ieslamarisma.net/httpdocs/proyectos/2026/joseangelaquino/laravel/gym-reservas/vendor/laravel/framework/src/Illuminate/Foundation/Http/Kernel.php(145): Illuminate\\Foundation\\Http\\Kernel->sendRequestThroughRouter()
#56 /var/www/vhosts/ieslamarisma.net/httpdocs/proyectos/2026/joseangelaquino/laravel/gym-reservas/vendor/laravel/framework/src/Illuminate/Foundation/Application.php(1220): Illuminate\\Foundation\\Http\\Kernel->handle()
#57 /var/www/vhosts/ieslamarisma.net/httpdocs/proyectos/2026/joseangelaquino/laravel/gym-reservas/public/index.php(26): Illuminate\\Foundation\\Application->handleRequest()
#58 {main}

[previous exception] [object] (ParseError(code: 0): syntax error, unexpected end of file, expecting \"elseif\" or \"else\" or \"endif\" at /var/www/vhosts/ieslamarisma.net/httpdocs/proyectos/2026/joseangelaquino/laravel/gym-reservas/storage/framework/views/08bd678c24c6ebca26eb51391224eab6.php:451)
[stacktrace]
#0 /var/www/vhosts/ieslamarisma.net/httpdocs/proyectos/2026/joseangelaquino/laravel/gym-reservas/vendor/laravel/framework/src/Illuminate/Filesystem/Filesystem.php(124): Illuminate\\Filesystem\\Filesystem::Illuminate\\Filesystem\\{closure}()
#1 /var/www/vhosts/ieslamarisma.net/httpdocs/proyectos/2026/joseangelaquino/laravel/gym-reservas/vendor/laravel/framework/src/Illuminate/View/Engines/PhpEngine.php(58): Illuminate\\Filesystem\\Filesystem->getRequire()
#2 /var/www/vhosts/ieslamarisma.net/httpdocs/proyectos/2026/joseangelaquino/laravel/gym-reservas/vendor/laravel/framework/src/Illuminate/View/Engines/CompilerEngine.php(75): Illuminate\\View\\Engines\\PhpEngine->evaluatePath()
#3 /var/www/vhosts/ieslamarisma.net/httpdocs/proyectos/2026/joseangelaquino/laravel/gym-reservas/vendor/laravel/framework/src/Illuminate/View/View.php(209): Illuminate\\View\\Engines\\CompilerEngine->get()
#4 /var/www/vhosts/ieslamarisma.net/httpdocs/proyectos/2026/joseangelaquino/laravel/gym-reservas/vendor/laravel/framework/src/Illuminate/View/View.php(192): Illuminate\\View\\View->getContents()
#5 /var/www/vhosts/ieslamarisma.net/httpdocs/proyectos/2026/joseangelaquino/laravel/gym-reservas/vendor/laravel/framework/src/Illuminate/View/View.php(161): Illuminate\\View\\View->renderContents()
#6 /var/www/vhosts/ieslamarisma.net/httpdocs/proyectos/2026/joseangelaquino/laravel/gym-reservas/vendor/laravel/framework/src/Illuminate/Http/Response.php(79): Illuminate\\View\\View->render()
#7 /var/www/vhosts/ieslamarisma.net/httpdocs/proyectos/2026/joseangelaquino/laravel/gym-reservas/vendor/laravel/framework/src/Illuminate/Http/Response.php(35): Illuminate\\Http\\Response->setContent()
#8 /var/www/vhosts/ieslamarisma.net/httpdocs/proyectos/2026/joseangelaquino/laravel/gym-reservas/vendor/laravel/framework/src/Illuminate/Routing/Router.php(920): Illuminate\\Http\\Response->__construct()
#9 /var/www/vhosts/ieslamarisma.net/httpdocs/proyectos/2026/joseangelaquino/laravel/gym-reservas/vendor/laravel/framework/src/Illuminate/Routing/Router.php(887): Illuminate\\Routing\\Router::toResponse()
#10 /var/www/vhosts/ieslamarisma.net/httpdocs/proyectos/2026/joseangelaquino/laravel/gym-reservas/vendor/laravel/framework/src/Illuminate/Routing/Router.php(807): Illuminate\\Routing\\Router->prepareResponse()
#11 /var/www/vhosts/ieslamarisma.net/httpdocs/proyectos/2026/joseangelaquino/laravel/gym-reservas/vendor/laravel/framework/src/Illuminate/Pipeline/Pipeline.php(170): Illuminate\\Routing\\Router->Illuminate\\Routing\\{closure}()
#12 /var/www/vhosts/ieslamarisma.net/httpdocs/proyectos/2026/joseangelaquino/laravel/gym-reservas/vendor/laravel/framework/src/Illuminate/Auth/Middleware/RedirectIfAuthenticated.php(35): Illuminate\\Pipeline\\Pipeline->Illuminate\\Pipeline\\{closure}()
#13 /var/www/vhosts/ieslamarisma.net/httpdocs/proyectos/2026/joseangelaquino/laravel/gym-reservas/vendor/laravel/framework/src/Illuminate/Pipeline/Pipeline.php(209): Illuminate\\Auth\\Middleware\\RedirectIfAuthenticated->handle()
#14 /var/www/vhosts/ieslamarisma.net/httpdocs/proyectos/2026/joseangelaquino/laravel/gym-reservas/vendor/laravel/framework/src/Illuminate/Http/Middleware/AddLinkHeadersForPreloadedAssets.php(20): Illuminate\\Pipeline\\Pipeline->Illuminate\\Pipeline\\{closure}()
#15 /var/www/vhosts/ieslamarisma.net/httpdocs/proyectos/2026/joseangelaquino/laravel/gym-reservas/vendor/laravel/framework/src/Illuminate/Pipeline/Pipeline.php(209): Illuminate\\Http\\Middleware\\AddLinkHeadersForPreloadedAssets->handle()
#16 /var/www/vhosts/ieslamarisma.net/httpdocs/proyectos/2026/joseangelaquino/laravel/gym-reservas/vendor/inertiajs/inertia-laravel/src/Middleware.php(122): Illuminate\\Pipeline\\Pipeline->Illuminate\\Pipeline\\{closure}()
#17 /var/www/vhosts/ieslamarisma.net/httpdocs/proyectos/2026/joseangelaquino/laravel/gym-reservas/vendor/laravel/framework/src/Illuminate/Pipeline/Pipeline.php(209): Inertia\\Middleware->handle()
#18 /var/www/vhosts/ieslamarisma.net/httpdocs/proyectos/2026/joseangelaquino/laravel/gym-reservas/vendor/laravel/framework/src/Illuminate/Routing/Middleware/SubstituteBindings.php(51): Illuminate\\Pipeline\\Pipeline->Illuminate\\Pipeline\\{closure}()
#19 /var/www/vhosts/ieslamarisma.net/httpdocs/proyectos/2026/joseangelaquino/laravel/gym-reservas/vendor/laravel/framework/src/Illuminate/Pipeline/Pipeline.php(209): Illuminate\\Routing\\Middleware\\SubstituteBindings->handle()
#20 /var/www/vhosts/ieslamarisma.net/httpdocs/proyectos/2026/joseangelaquino/laravel/gym-reservas/vendor/laravel/framework/src/Illuminate/Foundation/Http/Middleware/VerifyCsrfToken.php(88): Illuminate\\Pipeline\\Pipeline->Illuminate\\Pipeline\\{closure}()
#21 /var/www/vhosts/ieslamarisma.net/httpdocs/proyectos/2026/joseangelaquino/laravel/gym-reservas/vendor/laravel/framework/src/Illuminate/Pipeline/Pipeline.php(209): Illuminate\\Foundation\\Http\\Middleware\\VerifyCsrfToken->handle()
#22 /var/www/vhosts/ieslamarisma.net/httpdocs/proyectos/2026/joseangelaquino/laravel/gym-reservas/vendor/laravel/framework/src/Illuminate/View/Middleware/ShareErrorsFromSession.php(49): Illuminate\\Pipeline\\Pipeline->Illuminate\\Pipeline\\{closure}()
#23 /var/www/vhosts/ieslamarisma.net/httpdocs/proyectos/2026/joseangelaquino/laravel/gym-reservas/vendor/laravel/framework/src/Illuminate/Pipeline/Pipeline.php(209): Illuminate\\View\\Middleware\\ShareErrorsFromSession->handle()
#24 /var/www/vhosts/ieslamarisma.net/httpdocs/proyectos/2026/joseangelaquino/laravel/gym-reservas/vendor/laravel/framework/src/Illuminate/Session/Middleware/StartSession.php(121): Illuminate\\Pipeline\\Pipeline->Illuminate\\Pipeline\\{closure}()
#25 /var/www/vhosts/ieslamarisma.net/httpdocs/proyectos/2026/joseangelaquino/laravel/gym-reservas/vendor/laravel/framework/src/Illuminate/Session/Middleware/StartSession.php(64): Illuminate\\Session\\Middleware\\StartSession->handleStatefulRequest()
#26 /var/www/vhosts/ieslamarisma.net/httpdocs/proyectos/2026/joseangelaquino/laravel/gym-reservas/vendor/laravel/framework/src/Illuminate/Pipeline/Pipeline.php(209): Illuminate\\Session\\Middleware\\StartSession->handle()
#27 /var/www/vhosts/ieslamarisma.net/httpdocs/proyectos/2026/joseangelaquino/laravel/gym-reservas/vendor/laravel/framework/src/Illuminate/Cookie/Middleware/AddQueuedCookiesToResponse.php(37): Illuminate\\Pipeline\\Pipeline->Illuminate\\Pipeline\\{closure}()
#28 /var/www/vhosts/ieslamarisma.net/httpdocs/proyectos/2026/joseangelaquino/laravel/gym-reservas/vendor/laravel/framework/src/Illuminate/Pipeline/Pipeline.php(209): Illuminate\\Cookie\\Middleware\\AddQueuedCookiesToResponse->handle()
#29 /var/www/vhosts/ieslamarisma.net/httpdocs/proyectos/2026/joseangelaquino/laravel/gym-reservas/vendor/laravel/framework/src/Illuminate/Cookie/Middleware/EncryptCookies.php(75): Illuminate\\Pipeline\\Pipeline->Illuminate\\Pipeline\\{closure}()
#30 /var/www/vhosts/ieslamarisma.net/httpdocs/proyectos/2026/joseangelaquino/laravel/gym-reservas/vendor/laravel/framework/src/Illuminate/Pipeline/Pipeline.php(209): Illuminate\\Cookie\\Middleware\\EncryptCookies->handle()
#31 /var/www/vhosts/ieslamarisma.net/httpdocs/proyectos/2026/joseangelaquino/laravel/gym-reservas/vendor/laravel/framework/src/Illuminate/Pipeline/Pipeline.php(127): Illuminate\\Pipeline\\Pipeline->Illuminate\\Pipeline\\{closure}()
#32 /var/www/vhosts/ieslamarisma.net/httpdocs/proyectos/2026/joseangelaquino/laravel/gym-reservas/vendor/laravel/framework/src/Illuminate/Routing/Router.php(807): Illuminate\\Pipeline\\Pipeline->then()
#33 /var/www/vhosts/ieslamarisma.net/httpdocs/proyectos/2026/joseangelaquino/laravel/gym-reservas/vendor/laravel/framework/src/Illuminate/Routing/Router.php(786): Illuminate\\Routing\\Router->runRouteWithinStack()
#34 /var/www/vhosts/ieslamarisma.net/httpdocs/proyectos/2026/joseangelaquino/laravel/gym-reservas/vendor/laravel/framework/src/Illuminate/Routing/Router.php(750): Illuminate\\Routing\\Router->runRoute()
#35 /var/www/vhosts/ieslamarisma.net/httpdocs/proyectos/2026/joseangelaquino/laravel/gym-reservas/vendor/laravel/framework/src/Illuminate/Routing/Router.php(739): Illuminate\\Routing\\Router->dispatchToRoute()
#36 /var/www/vhosts/ieslamarisma.net/httpdocs/proyectos/2026/joseangelaquino/laravel/gym-reservas/vendor/laravel/framework/src/Illuminate/Foundation/Http/Kernel.php(201): Illuminate\\Routing\\Router->dispatch()
#37 /var/www/vhosts/ieslamarisma.net/httpdocs/proyectos/2026/joseangelaquino/laravel/gym-reservas/vendor/laravel/framework/src/Illuminate/Pipeline/Pipeline.php(170): Illuminate\\Foundation\\Http\\Kernel->Illuminate\\Foundation\\Http\\{closure}()
#38 /var/www/vhosts/ieslamarisma.net/httpdocs/proyectos/2026/joseangelaquino/laravel/gym-reservas/vendor/laravel/framework/src/Illuminate/Foundation/Http/Middleware/TransformsRequest.php(21): Illuminate\\Pipeline\\Pipeline->Illuminate\\Pipeline\\{closure}()
#39 /var/www/vhosts/ieslamarisma.net/httpdocs/proyectos/2026/joseangelaquino/laravel/gym-reservas/vendor/laravel/framework/src/Illuminate/Foundation/Http/Middleware/ConvertEmptyStringsToNull.php(31): Illuminate\\Foundation\\Http\\Middleware\\TransformsRequest->handle()
#40 /var/www/vhosts/ieslamarisma.net/httpdocs/proyectos/2026/joseangelaquino/laravel/gym-reservas/vendor/laravel/framework/src/Illuminate/Pipeline/Pipeline.php(209): Illuminate\\Foundation\\Http\\Middleware\\ConvertEmptyStringsToNull->handle()
#41 /var/www/vhosts/ieslamarisma.net/httpdocs/proyectos/2026/joseangelaquino/laravel/gym-reservas/vendor/laravel/framework/src/Illuminate/Foundation/Http/Middleware/TransformsRequest.php(21): Illuminate\\Pipeline\\Pipeline->Illuminate\\Pipeline\\{closure}()
#42 /var/www/vhosts/ieslamarisma.net/httpdocs/proyectos/2026/joseangelaquino/laravel/gym-reservas/vendor/laravel/framework/src/Illuminate/Foundation/Http/Middleware/TrimStrings.php(51): Illuminate\\Foundation\\Http\\Middleware\\TransformsRequest->handle()
#43 /var/www/vhosts/ieslamarisma.net/httpdocs/proyectos/2026/joseangelaquino/laravel/gym-reservas/vendor/laravel/framework/src/Illuminate/Pipeline/Pipeline.php(209): Illuminate\\Foundation\\Http\\Middleware\\TrimStrings->handle()
#44 /var/www/vhosts/ieslamarisma.net/httpdocs/proyectos/2026/joseangelaquino/laravel/gym-reservas/vendor/laravel/framework/src/Illuminate/Http/Middleware/ValidatePostSize.php(27): Illuminate\\Pipeline\\Pipeline->Illuminate\\Pipeline\\{closure}()
#45 /var/www/vhosts/ieslamarisma.net/httpdocs/proyectos/2026/joseangelaquino/laravel/gym-reservas/vendor/laravel/framework/src/Illuminate/Pipeline/Pipeline.php(209): Illuminate\\Http\\Middleware\\ValidatePostSize->handle()
#46 /var/www/vhosts/ieslamarisma.net/httpdocs/proyectos/2026/joseangelaquino/laravel/gym-reservas/vendor/laravel/framework/src/Illuminate/Foundation/Http/Middleware/PreventRequestsDuringMaintenance.php(110): Illuminate\\Pipeline\\Pipeline->Illuminate\\Pipeline\\{closure}()
#47 /var/www/vhosts/ieslamarisma.net/httpdocs/proyectos/2026/joseangelaquino/laravel/gym-reservas/vendor/laravel/framework/src/Illuminate/Pipeline/Pipeline.php(209): Illuminate\\Foundation\\Http\\Middleware\\PreventRequestsDuringMaintenance->handle()
#48 /var/www/vhosts/ieslamarisma.net/httpdocs/proyectos/2026/joseangelaquino/laravel/gym-reservas/vendor/laravel/framework/src/Illuminate/Http/Middleware/HandleCors.php(49): Illuminate\\Pipeline\\Pipeline->Illuminate\\Pipeline\\{closure}()
#49 /var/www/vhosts/ieslamarisma.net/httpdocs/proyectos/2026/joseangelaquino/laravel/gym-reservas/vendor/laravel/framework/src/Illuminate/Pipeline/Pipeline.php(209): Illuminate\\Http\\Middleware\\HandleCors->handle()
#50 /var/www/vhosts/ieslamarisma.net/httpdocs/proyectos/2026/joseangelaquino/laravel/gym-reservas/vendor/laravel/framework/src/Illuminate/Http/Middleware/TrustProxies.php(58): Illuminate\\Pipeline\\Pipeline->Illuminate\\Pipeline\\{closure}()
#51 /var/www/vhosts/ieslamarisma.net/httpdocs/proyectos/2026/joseangelaquino/laravel/gym-reservas/vendor/laravel/framework/src/Illuminate/Pipeline/Pipeline.php(209): Illuminate\\Http\\Middleware\\TrustProxies->handle()
#52 /var/www/vhosts/ieslamarisma.net/httpdocs/proyectos/2026/joseangelaquino/laravel/gym-reservas/vendor/laravel/framework/src/Illuminate/Foundation/Http/Middleware/InvokeDeferredCallbacks.php(22): Illuminate\\Pipeline\\Pipeline->Illuminate\\Pipeline\\{closure}()
#53 /var/www/vhosts/ieslamarisma.net/httpdocs/proyectos/2026/joseangelaquino/laravel/gym-reservas/vendor/laravel/framework/src/Illuminate/Pipeline/Pipeline.php(209): Illuminate\\Foundation\\Http\\Middleware\\InvokeDeferredCallbacks->handle()
#54 /var/www/vhosts/ieslamarisma.net/httpdocs/proyectos/2026/joseangelaquino/laravel/gym-reservas/vendor/laravel/framework/src/Illuminate/Pipeline/Pipeline.php(127): Illuminate\\Pipeline\\Pipeline->Illuminate\\Pipeline\\{closure}()
#55 /var/www/vhosts/ieslamarisma.net/httpdocs/proyectos/2026/joseangelaquino/laravel/gym-reservas/vendor/laravel/framework/src/Illuminate/Foundation/Http/Kernel.php(176): Illuminate\\Pipeline\\Pipeline->then()
#56 /var/www/vhosts/ieslamarisma.net/httpdocs/proyectos/2026/joseangelaquino/laravel/gym-reservas/vendor/laravel/framework/src/Illuminate/Foundation/Http/Kernel.php(145): Illuminate\\Foundation\\Http\\Kernel->sendRequestThroughRouter()
#57 /var/www/vhosts/ieslamarisma.net/httpdocs/proyectos/2026/joseangelaquino/laravel/gym-reservas/vendor/laravel/framework/src/Illuminate/Foundation/Application.php(1220): Illuminate\\Foundation\\Http\\Kernel->handle()
#58 /var/www/vhosts/ieslamarisma.net/httpdocs/proyectos/2026/joseangelaquino/laravel/gym-reservas/public/index.php(26): Illuminate\\Foundation\\Application->handleRequest()
#59 {main}
"} 
[2026-04-11 19:13:02] production.ERROR: syntax error, unexpected end of file, expecting "elseif" or "else" or "endif" (View: /var/www/vhosts/ieslamarisma.net/httpdocs/proyectos/2026/joseangelaquino/laravel/gym-reservas/resources/views/auth/register.blade.php) {"exception":"[object] (Illuminate\\View\\ViewException(code: 0): syntax error, unexpected end of file, expecting \"elseif\" or \"else\" or \"endif\" (View: /var/www/vhosts/ieslamarisma.net/httpdocs/proyectos/2026/joseangelaquino/laravel/gym-reservas/resources/views/auth/register.blade.php) at /var/www/vhosts/ieslamarisma.net/httpdocs/proyectos/2026/joseangelaquino/laravel/gym-reservas/storage/framework/views/08bd678c24c6ebca26eb51391224eab6.php:451)
[stacktrace]
#0 /var/www/vhosts/ieslamarisma.net/httpdocs/proyectos/2026/joseangelaquino/laravel/gym-reservas/vendor/laravel/framework/src/Illuminate/View/Engines/PhpEngine.php(60): Illuminate\\View\\Engines\\CompilerEngine->handleViewException()
#1 /var/www/vhosts/ieslamarisma.net/httpdocs/proyectos/2026/joseangelaquino/laravel/gym-reservas/vendor/laravel/framework/src/Illuminate/View/Engines/CompilerEngine.php(75): Illuminate\\View\\Engines\\PhpEngine->evaluatePath()
#2 /var/www/vhosts/ieslamarisma.net/httpdocs/proyectos/2026/joseangelaquino/laravel/gym-reservas/vendor/laravel/framework/src/Illuminate/View/View.php(209): Illuminate\\View\\Engines\\CompilerEngine->get()
#3 /var/www/vhosts/ieslamarisma.net/httpdocs/proyectos/2026/joseangelaquino/laravel/gym-reservas/vendor/laravel/framework/src/Illuminate/View/View.php(192): Illuminate\\View\\View->getContents()
#4 /var/www/vhosts/ieslamarisma.net/httpdocs/proyectos/2026/joseangelaquino/laravel/gym-reservas/vendor/laravel/framework/src/Illuminate/View/View.php(161): Illuminate\\View\\View->renderContents()
#5 /var/www/vhosts/ieslamarisma.net/httpdocs/proyectos/2026/joseangelaquino/laravel/gym-reservas/vendor/laravel/framework/src/Illuminate/Http/Response.php(79): Illuminate\\View\\View->render()
#6 /var/www/vhosts/ieslamarisma.net/httpdocs/proyectos/2026/joseangelaquino/laravel/gym-reservas/vendor/laravel/framework/src/Illuminate/Http/Response.php(35): Illuminate\\Http\\Response->setContent()
#7 /var/www/vhosts/ieslamarisma.net/httpdocs/proyectos/2026/joseangelaquino/laravel/gym-reservas/vendor/laravel/framework/src/Illuminate/Routing/Router.php(920): Illuminate\\Http\\Response->__construct()
#8 /var/www/vhosts/ieslamarisma.net/httpdocs/proyectos/2026/joseangelaquino/laravel/gym-reservas/vendor/laravel/framework/src/Illuminate/Routing/Router.php(887): Illuminate\\Routing\\Router::toResponse()
#9 /var/www/vhosts/ieslamarisma.net/httpdocs/proyectos/2026/joseangelaquino/laravel/gym-reservas/vendor/laravel/framework/src/Illuminate/Routing/Router.php(807): Illuminate\\Routing\\Router->prepareResponse()
#10 /var/www/vhosts/ieslamarisma.net/httpdocs/proyectos/2026/joseangelaquino/laravel/gym-reservas/vendor/laravel/framework/src/Illuminate/Pipeline/Pipeline.php(170): Illuminate\\Routing\\Router->Illuminate\\Routing\\{closure}()
#11 /var/www/vhosts/ieslamarisma.net/httpdocs/proyectos/2026/joseangelaquino/laravel/gym-reservas/vendor/laravel/framework/src/Illuminate/Auth/Middleware/RedirectIfAuthenticated.php(35): Illuminate\\Pipeline\\Pipeline->Illuminate\\Pipeline\\{closure}()
#12 /var/www/vhosts/ieslamarisma.net/httpdocs/proyectos/2026/joseangelaquino/laravel/gym-reservas/vendor/laravel/framework/src/Illuminate/Pipeline/Pipeline.php(209): Illuminate\\Auth\\Middleware\\RedirectIfAuthenticated->handle()
#13 /var/www/vhosts/ieslamarisma.net/httpdocs/proyectos/2026/joseangelaquino/laravel/gym-reservas/vendor/laravel/framework/src/Illuminate/Http/Middleware/AddLinkHeadersForPreloadedAssets.php(20): Illuminate\\Pipeline\\Pipeline->Illuminate\\Pipeline\\{closure}()
#14 /var/www/vhosts/ieslamarisma.net/httpdocs/proyectos/2026/joseangelaquino/laravel/gym-reservas/vendor/laravel/framework/src/Illuminate/Pipeline/Pipeline.php(209): Illuminate\\Http\\Middleware\\AddLinkHeadersForPreloadedAssets->handle()
#15 /var/www/vhosts/ieslamarisma.net/httpdocs/proyectos/2026/joseangelaquino/laravel/gym-reservas/vendor/inertiajs/inertia-laravel/src/Middleware.php(122): Illuminate\\Pipeline\\Pipeline->Illuminate\\Pipeline\\{closure}()
#16 /var/www/vhosts/ieslamarisma.net/httpdocs/proyectos/2026/joseangelaquino/laravel/gym-reservas/vendor/laravel/framework/src/Illuminate/Pipeline/Pipeline.php(209): Inertia\\Middleware->handle()
#17 /var/www/vhosts/ieslamarisma.net/httpdocs/proyectos/2026/joseangelaquino/laravel/gym-reservas/vendor/laravel/framework/src/Illuminate/Routing/Middleware/SubstituteBindings.php(51): Illuminate\\Pipeline\\Pipeline->Illuminate\\Pipeline\\{closure}()
#18 /var/www/vhosts/ieslamarisma.net/httpdocs/proyectos/2026/joseangelaquino/laravel/gym-reservas/vendor/laravel/framework/src/Illuminate/Pipeline/Pipeline.php(209): Illuminate\\Routing\\Middleware\\SubstituteBindings->handle()
#19 /var/www/vhosts/ieslamarisma.net/httpdocs/proyectos/2026/joseangelaquino/laravel/gym-reservas/vendor/laravel/framework/src/Illuminate/Foundation/Http/Middleware/VerifyCsrfToken.php(88): Illuminate\\Pipeline\\Pipeline->Illuminate\\Pipeline\\{closure}()
#20 /var/www/vhosts/ieslamarisma.net/httpdocs/proyectos/2026/joseangelaquino/laravel/gym-reservas/vendor/laravel/framework/src/Illuminate/Pipeline/Pipeline.php(209): Illuminate\\Foundation\\Http\\Middleware\\VerifyCsrfToken->handle()
#21 /var/www/vhosts/ieslamarisma.net/httpdocs/proyectos/2026/joseangelaquino/laravel/gym-reservas/vendor/laravel/framework/src/Illuminate/View/Middleware/ShareErrorsFromSession.php(49): Illuminate\\Pipeline\\Pipeline->Illuminate\\Pipeline\\{closure}()
#22 /var/www/vhosts/ieslamarisma.net/httpdocs/proyectos/2026/joseangelaquino/laravel/gym-reservas/vendor/laravel/framework/src/Illuminate/Pipeline/Pipeline.php(209): Illuminate\\View\\Middleware\\ShareErrorsFromSession->handle()
#23 /var/www/vhosts/ieslamarisma.net/httpdocs/proyectos/2026/joseangelaquino/laravel/gym-reservas/vendor/laravel/framework/src/Illuminate/Session/Middleware/StartSession.php(121): Illuminate\\Pipeline\\Pipeline->Illuminate\\Pipeline\\{closure}()
#24 /var/www/vhosts/ieslamarisma.net/httpdocs/proyectos/2026/joseangelaquino/laravel/gym-reservas/vendor/laravel/framework/src/Illuminate/Session/Middleware/StartSession.php(64): Illuminate\\Session\\Middleware\\StartSession->handleStatefulRequest()
#25 /var/www/vhosts/ieslamarisma.net/httpdocs/proyectos/2026/joseangelaquino/laravel/gym-reservas/vendor/laravel/framework/src/Illuminate/Pipeline/Pipeline.php(209): Illuminate\\Session\\Middleware\\StartSession->handle()
#26 /var/www/vhosts/ieslamarisma.net/httpdocs/proyectos/2026/joseangelaquino/laravel/gym-reservas/vendor/laravel/framework/src/Illuminate/Cookie/Middleware/AddQueuedCookiesToResponse.php(37): Illuminate\\Pipeline\\Pipeline->Illuminate\\Pipeline\\{closure}()
#27 /var/www/vhosts/ieslamarisma.net/httpdocs/proyectos/2026/joseangelaquino/laravel/gym-reservas/vendor/laravel/framework/src/Illuminate/Pipeline/Pipeline.php(209): Illuminate\\Cookie\\Middleware\\AddQueuedCookiesToResponse->handle()
#28 /var/www/vhosts/ieslamarisma.net/httpdocs/proyectos/2026/joseangelaquino/laravel/gym-reservas/vendor/laravel/framework/src/Illuminate/Cookie/Middleware/EncryptCookies.php(75): Illuminate\\Pipeline\\Pipeline->Illuminate\\Pipeline\\{closure}()
#29 /var/www/vhosts/ieslamarisma.net/httpdocs/proyectos/2026/joseangelaquino/laravel/gym-reservas/vendor/laravel/framework/src/Illuminate/Pipeline/Pipeline.php(209): Illuminate\\Cookie\\Middleware\\EncryptCookies->handle()
#30 /var/www/vhosts/ieslamarisma.net/httpdocs/proyectos/2026/joseangelaquino/laravel/gym-reservas/vendor/laravel/framework/src/Illuminate/Pipeline/Pipeline.php(127): Illuminate\\Pipeline\\Pipeline->Illuminate\\Pipeline\\{closure}()
#31 /var/www/vhosts/ieslamarisma.net/httpdocs/proyectos/2026/joseangelaquino/laravel/gym-reservas/vendor/laravel/framework/src/Illuminate/Routing/Router.php(807): Illuminate\\Pipeline\\Pipeline->then()
#32 /var/www/vhosts/ieslamarisma.net/httpdocs/proyectos/2026/joseangelaquino/laravel/gym-reservas/vendor/laravel/framework/src/Illuminate/Routing/Router.php(786): Illuminate\\Routing\\Router->runRouteWithinStack()
#33 /var/www/vhosts/ieslamarisma.net/httpdocs/proyectos/2026/joseangelaquino/laravel/gym-reservas/vendor/laravel/framework/src/Illuminate/Routing/Router.php(750): Illuminate\\Routing\\Router->runRoute()
#34 /var/www/vhosts/ieslamarisma.net/httpdocs/proyectos/2026/joseangelaquino/laravel/gym-reservas/vendor/laravel/framework/src/Illuminate/Routing/Router.php(739): Illuminate\\Routing\\Router->dispatchToRoute()
#35 /var/www/vhosts/ieslamarisma.net/httpdocs/proyectos/2026/joseangelaquino/laravel/gym-reservas/vendor/laravel/framework/src/Illuminate/Foundation/Http/Kernel.php(201): Illuminate\\Routing\\Router->dispatch()
#36 /var/www/vhosts/ieslamarisma.net/httpdocs/proyectos/2026/joseangelaquino/laravel/gym-reservas/vendor/laravel/framework/src/Illuminate/Pipeline/Pipeline.php(170): Illuminate\\Foundation\\Http\\Kernel->Illuminate\\Foundation\\Http\\{closure}()
#37 /var/www/vhosts/ieslamarisma.net/httpdocs/proyectos/2026/joseangelaquino/laravel/gym-reservas/vendor/laravel/framework/src/Illuminate/Foundation/Http/Middleware/TransformsRequest.php(21): Illuminate\\Pipeline\\Pipeline->Illuminate\\Pipeline\\{closure}()
#38 /var/www/vhosts/ieslamarisma.net/httpdocs/proyectos/2026/joseangelaquino/laravel/gym-reservas/vendor/laravel/framework/src/Illuminate/Foundation/Http/Middleware/ConvertEmptyStringsToNull.php(31): Illuminate\\Foundation\\Http\\Middleware\\TransformsRequest->handle()
#39 /var/www/vhosts/ieslamarisma.net/httpdocs/proyectos/2026/joseangelaquino/laravel/gym-reservas/vendor/laravel/framework/src/Illuminate/Pipeline/Pipeline.php(209): Illuminate\\Foundation\\Http\\Middleware\\ConvertEmptyStringsToNull->handle()
#40 /var/www/vhosts/ieslamarisma.net/httpdocs/proyectos/2026/joseangelaquino/laravel/gym-reservas/vendor/laravel/framework/src/Illuminate/Foundation/Http/Middleware/TransformsRequest.php(21): Illuminate\\Pipeline\\Pipeline->Illuminate\\Pipeline\\{closure}()
#41 /var/www/vhosts/ieslamarisma.net/httpdocs/proyectos/2026/joseangelaquino/laravel/gym-reservas/vendor/laravel/framework/src/Illuminate/Foundation/Http/Middleware/TrimStrings.php(51): Illuminate\\Foundation\\Http\\Middleware\\TransformsRequest->handle()
#42 /var/www/vhosts/ieslamarisma.net/httpdocs/proyectos/2026/joseangelaquino/laravel/gym-reservas/vendor/laravel/framework/src/Illuminate/Pipeline/Pipeline.php(209): Illuminate\\Foundation\\Http\\Middleware\\TrimStrings->handle()
#43 /var/www/vhosts/ieslamarisma.net/httpdocs/proyectos/2026/joseangelaquino/laravel/gym-reservas/vendor/laravel/framework/src/Illuminate/Http/Middleware/ValidatePostSize.php(27): Illuminate\\Pipeline\\Pipeline->Illuminate\\Pipeline\\{closure}()
#44 /var/www/vhosts/ieslamarisma.net/httpdocs/proyectos/2026/joseangelaquino/laravel/gym-reservas/vendor/laravel/framework/src/Illuminate/Pipeline/Pipeline.php(209): Illuminate\\Http\\Middleware\\ValidatePostSize->handle()
#45 /var/www/vhosts/ieslamarisma.net/httpdocs/proyectos/2026/joseangelaquino/laravel/gym-reservas/vendor/laravel/framework/src/Illuminate/Foundation/Http/Middleware/PreventRequestsDuringMaintenance.php(110): Illuminate\\Pipeline\\Pipeline->Illuminate\\Pipeline\\{closure}()
#46 /var/www/vhosts/ieslamarisma.net/httpdocs/proyectos/2026/joseangelaquino/laravel/gym-reservas/vendor/laravel/framework/src/Illuminate/Pipeline/Pipeline.php(209): Illuminate\\Foundation\\Http\\Middleware\\PreventRequestsDuringMaintenance->handle()
#47 /var/www/vhosts/ieslamarisma.net/httpdocs/proyectos/2026/joseangelaquino/laravel/gym-reservas/vendor/laravel/framework/src/Illuminate/Http/Middleware/HandleCors.php(49): Illuminate\\Pipeline\\Pipeline->Illuminate\\Pipeline\\{closure}()
#48 /var/www/vhosts/ieslamarisma.net/httpdocs/proyectos/2026/joseangelaquino/laravel/gym-reservas/vendor/laravel/framework/src/Illuminate/Pipeline/Pipeline.php(209): Illuminate\\Http\\Middleware\\HandleCors->handle()
#49 /var/www/vhosts/ieslamarisma.net/httpdocs/proyectos/2026/joseangelaquino/laravel/gym-reservas/vendor/laravel/framework/src/Illuminate/Http/Middleware/TrustProxies.php(58): Illuminate\\Pipeline\\Pipeline->Illuminate\\Pipeline\\{closure}()
#50 /var/www/vhosts/ieslamarisma.net/httpdocs/proyectos/2026/joseangelaquino/laravel/gym-reservas/vendor/laravel/framework/src/Illuminate/Pipeline/Pipeline.php(209): Illuminate\\Http\\Middleware\\TrustProxies->handle()
#51 /var/www/vhosts/ieslamarisma.net/httpdocs/proyectos/2026/joseangelaquino/laravel/gym-reservas/vendor/laravel/framework/src/Illuminate/Foundation/Http/Middleware/InvokeDeferredCallbacks.php(22): Illuminate\\Pipeline\\Pipeline->Illuminate\\Pipeline\\{closure}()
#52 /var/www/vhosts/ieslamarisma.net/httpdocs/proyectos/2026/joseangelaquino/laravel/gym-reservas/vendor/laravel/framework/src/Illuminate/Pipeline/Pipeline.php(209): Illuminate\\Foundation\\Http\\Middleware\\InvokeDeferredCallbacks->handle()
#53 /var/www/vhosts/ieslamarisma.net/httpdocs/proyectos/2026/joseangelaquino/laravel/gym-reservas/vendor/laravel/framework/src/Illuminate/Pipeline/Pipeline.php(127): Illuminate\\Pipeline\\Pipeline->Illuminate\\Pipeline\\{closure}()
#54 /var/www/vhosts/ieslamarisma.net/httpdocs/proyectos/2026/joseangelaquino/laravel/gym-reservas/vendor/laravel/framework/src/Illuminate/Foundation/Http/Kernel.php(176): Illuminate\\Pipeline\\Pipeline->then()
#55 /var/www/vhosts/ieslamarisma.net/httpdocs/proyectos/2026/joseangelaquino/laravel/gym-reservas/vendor/laravel/framework/src/Illuminate/Foundation/Http/Kernel.php(145): Illuminate\\Foundation\\Http\\Kernel->sendRequestThroughRouter()
#56 /var/www/vhosts/ieslamarisma.net/httpdocs/proyectos/2026/joseangelaquino/laravel/gym-reservas/vendor/laravel/framework/src/Illuminate/Foundation/Application.php(1220): Illuminate\\Foundation\\Http\\Kernel->handle()
#57 /var/www/vhosts/ieslamarisma.net/httpdocs/proyectos/2026/joseangelaquino/laravel/gym-reservas/public/index.php(26): Illuminate\\Foundation\\Application->handleRequest()
#58 {main}

[previous exception] [object] (ParseError(code: 0): syntax error, unexpected end of file, expecting \"elseif\" or \"else\" or \"endif\" at /var/www/vhosts/ieslamarisma.net/httpdocs/proyectos/2026/joseangelaquino/laravel/gym-reservas/storage/framework/views/08bd678c24c6ebca26eb51391224eab6.php:451)
[stacktrace]
#0 /var/www/vhosts/ieslamarisma.net/httpdocs/proyectos/2026/joseangelaquino/laravel/gym-reservas/vendor/laravel/framework/src/Illuminate/Filesystem/Filesystem.php(124): Illuminate\\Filesystem\\Filesystem::Illuminate\\Filesystem\\{closure}()
#1 /var/www/vhosts/ieslamarisma.net/httpdocs/proyectos/2026/joseangelaquino/laravel/gym-reservas/vendor/laravel/framework/src/Illuminate/View/Engines/PhpEngine.php(58): Illuminate\\Filesystem\\Filesystem->getRequire()
#2 /var/www/vhosts/ieslamarisma.net/httpdocs/proyectos/2026/joseangelaquino/laravel/gym-reservas/vendor/laravel/framework/src/Illuminate/View/Engines/CompilerEngine.php(75): Illuminate\\View\\Engines\\PhpEngine->evaluatePath()
#3 /var/www/vhosts/ieslamarisma.net/httpdocs/proyectos/2026/joseangelaquino/laravel/gym-reservas/vendor/laravel/framework/src/Illuminate/View/View.php(209): Illuminate\\View\\Engines\\CompilerEngine->get()
#4 /var/www/vhosts/ieslamarisma.net/httpdocs/proyectos/2026/joseangelaquino/laravel/gym-reservas/vendor/laravel/framework/src/Illuminate/View/View.php(192): Illuminate\\View\\View->getContents()
#5 /var/www/vhosts/ieslamarisma.net/httpdocs/proyectos/2026/joseangelaquino/laravel/gym-reservas/vendor/laravel/framework/src/Illuminate/View/View.php(161): Illuminate\\View\\View->renderContents()
#6 /var/www/vhosts/ieslamarisma.net/httpdocs/proyectos/2026/joseangelaquino/laravel/gym-reservas/vendor/laravel/framework/src/Illuminate/Http/Response.php(79): Illuminate\\View\\View->render()
#7 /var/www/vhosts/ieslamarisma.net/httpdocs/proyectos/2026/joseangelaquino/laravel/gym-reservas/vendor/laravel/framework/src/Illuminate/Http/Response.php(35): Illuminate\\Http\\Response->setContent()
#8 /var/www/vhosts/ieslamarisma.net/httpdocs/proyectos/2026/joseangelaquino/laravel/gym-reservas/vendor/laravel/framework/src/Illuminate/Routing/Router.php(920): Illuminate\\Http\\Response->__construct()
#9 /var/www/vhosts/ieslamarisma.net/httpdocs/proyectos/2026/joseangelaquino/laravel/gym-reservas/vendor/laravel/framework/src/Illuminate/Routing/Router.php(887): Illuminate\\Routing\\Router::toResponse()
#10 /var/www/vhosts/ieslamarisma.net/httpdocs/proyectos/2026/joseangelaquino/laravel/gym-reservas/vendor/laravel/framework/src/Illuminate/Routing/Router.php(807): Illuminate\\Routing\\Router->prepareResponse()
#11 /var/www/vhosts/ieslamarisma.net/httpdocs/proyectos/2026/joseangelaquino/laravel/gym-reservas/vendor/laravel/framework/src/Illuminate/Pipeline/Pipeline.php(170): Illuminate\\Routing\\Router->Illuminate\\Routing\\{closure}()
#12 /var/www/vhosts/ieslamarisma.net/httpdocs/proyectos/2026/joseangelaquino/laravel/gym-reservas/vendor/laravel/framework/src/Illuminate/Auth/Middleware/RedirectIfAuthenticated.php(35): Illuminate\\Pipeline\\Pipeline->Illuminate\\Pipeline\\{closure}()
#13 /var/www/vhosts/ieslamarisma.net/httpdocs/proyectos/2026/joseangelaquino/laravel/gym-reservas/vendor/laravel/framework/src/Illuminate/Pipeline/Pipeline.php(209): Illuminate\\Auth\\Middleware\\RedirectIfAuthenticated->handle()
#14 /var/www/vhosts/ieslamarisma.net/httpdocs/proyectos/2026/joseangelaquino/laravel/gym-reservas/vendor/laravel/framework/src/Illuminate/Http/Middleware/AddLinkHeadersForPreloadedAssets.php(20): Illuminate\\Pipeline\\Pipeline->Illuminate\\Pipeline\\{closure}()
#15 /var/www/vhosts/ieslamarisma.net/httpdocs/proyectos/2026/joseangelaquino/laravel/gym-reservas/vendor/laravel/framework/src/Illuminate/Pipeline/Pipeline.php(209): Illuminate\\Http\\Middleware\\AddLinkHeadersForPreloadedAssets->handle()
#16 /var/www/vhosts/ieslamarisma.net/httpdocs/proyectos/2026/joseangelaquino/laravel/gym-reservas/vendor/inertiajs/inertia-laravel/src/Middleware.php(122): Illuminate\\Pipeline\\Pipeline->Illuminate\\Pipeline\\{closure}()
#17 /var/www/vhosts/ieslamarisma.net/httpdocs/proyectos/2026/joseangelaquino/laravel/gym-reservas/vendor/laravel/framework/src/Illuminate/Pipeline/Pipeline.php(209): Inertia\\Middleware->handle()
#18 /var/www/vhosts/ieslamarisma.net/httpdocs/proyectos/2026/joseangelaquino/laravel/gym-reservas/vendor/laravel/framework/src/Illuminate/Routing/Middleware/SubstituteBindings.php(51): Illuminate\\Pipeline\\Pipeline->Illuminate\\Pipeline\\{closure}()
#19 /var/www/vhosts/ieslamarisma.net/httpdocs/proyectos/2026/joseangelaquino/laravel/gym-reservas/vendor/laravel/framework/src/Illuminate/Pipeline/Pipeline.php(209): Illuminate\\Routing\\Middleware\\SubstituteBindings->handle()
#20 /var/www/vhosts/ieslamarisma.net/httpdocs/proyectos/2026/joseangelaquino/laravel/gym-reservas/vendor/laravel/framework/src/Illuminate/Foundation/Http/Middleware/VerifyCsrfToken.php(88): Illuminate\\Pipeline\\Pipeline->Illuminate\\Pipeline\\{closure}()
#21 /var/www/vhosts/ieslamarisma.net/httpdocs/proyectos/2026/joseangelaquino/laravel/gym-reservas/vendor/laravel/framework/src/Illuminate/Pipeline/Pipeline.php(209): Illuminate\\Foundation\\Http\\Middleware\\VerifyCsrfToken->handle()
#22 /var/www/vhosts/ieslamarisma.net/httpdocs/proyectos/2026/joseangelaquino/laravel/gym-reservas/vendor/laravel/framework/src/Illuminate/View/Middleware/ShareErrorsFromSession.php(49): Illuminate\\Pipeline\\Pipeline->Illuminate\\Pipeline\\{closure}()
#23 /var/www/vhosts/ieslamarisma.net/httpdocs/proyectos/2026/joseangelaquino/laravel/gym-reservas/vendor/laravel/framework/src/Illuminate/Pipeline/Pipeline.php(209): Illuminate\\View\\Middleware\\ShareErrorsFromSession->handle()
#24 /var/www/vhosts/ieslamarisma.net/httpdocs/proyectos/2026/joseangelaquino/laravel/gym-reservas/vendor/laravel/framework/src/Illuminate/Session/Middleware/StartSession.php(121): Illuminate\\Pipeline\\Pipeline->Illuminate\\Pipeline\\{closure}()
#25 /var/www/vhosts/ieslamarisma.net/httpdocs/proyectos/2026/joseangelaquino/laravel/gym-reservas/vendor/laravel/framework/src/Illuminate/Session/Middleware/StartSession.php(64): Illuminate\\Session\\Middleware\\StartSession->handleStatefulRequest()
#26 /var/www/vhosts/ieslamarisma.net/httpdocs/proyectos/2026/joseangelaquino/laravel/gym-reservas/vendor/laravel/framework/src/Illuminate/Pipeline/Pipeline.php(209): Illuminate\\Session\\Middleware\\StartSession->handle()
#27 /var/www/vhosts/ieslamarisma.net/httpdocs/proyectos/2026/joseangelaquino/laravel/gym-reservas/vendor/laravel/framework/src/Illuminate/Cookie/Middleware/AddQueuedCookiesToResponse.php(37): Illuminate\\Pipeline\\Pipeline->Illuminate\\Pipeline\\{closure}()
#28 /var/www/vhosts/ieslamarisma.net/httpdocs/proyectos/2026/joseangelaquino/laravel/gym-reservas/vendor/laravel/framework/src/Illuminate/Pipeline/Pipeline.php(209): Illuminate\\Cookie\\Middleware\\AddQueuedCookiesToResponse->handle()
#29 /var/www/vhosts/ieslamarisma.net/httpdocs/proyectos/2026/joseangelaquino/laravel/gym-reservas/vendor/laravel/framework/src/Illuminate/Cookie/Middleware/EncryptCookies.php(75): Illuminate\\Pipeline\\Pipeline->Illuminate\\Pipeline\\{closure}()
#30 /var/www/vhosts/ieslamarisma.net/httpdocs/proyectos/2026/joseangelaquino/laravel/gym-reservas/vendor/laravel/framework/src/Illuminate/Pipeline/Pipeline.php(209): Illuminate\\Cookie\\Middleware\\EncryptCookies->handle()
#31 /var/www/vhosts/ieslamarisma.net/httpdocs/proyectos/2026/joseangelaquino/laravel/gym-reservas/vendor/laravel/framework/src/Illuminate/Pipeline/Pipeline.php(127): Illuminate\\Pipeline\\Pipeline->Illuminate\\Pipeline\\{closure}()
#32 /var/www/vhosts/ieslamarisma.net/httpdocs/proyectos/2026/joseangelaquino/laravel/gym-reservas/vendor/laravel/framework/src/Illuminate/Routing/Router.php(807): Illuminate\\Pipeline\\Pipeline->then()
#33 /var/www/vhosts/ieslamarisma.net/httpdocs/proyectos/2026/joseangelaquino/laravel/gym-reservas/vendor/laravel/framework/src/Illuminate/Routing/Router.php(786): Illuminate\\Routing\\Router->runRouteWithinStack()
#34 /var/www/vhosts/ieslamarisma.net/httpdocs/proyectos/2026/joseangelaquino/laravel/gym-reservas/vendor/laravel/framework/src/Illuminate/Routing/Router.php(750): Illuminate\\Routing\\Router->runRoute()
#35 /var/www/vhosts/ieslamarisma.net/httpdocs/proyectos/2026/joseangelaquino/laravel/gym-reservas/vendor/laravel/framework/src/Illuminate/Routing/Router.php(739): Illuminate\\Routing\\Router->dispatchToRoute()
#36 /var/www/vhosts/ieslamarisma.net/httpdocs/proyectos/2026/joseangelaquino/laravel/gym-reservas/vendor/laravel/framework/src/Illuminate/Foundation/Http/Kernel.php(201): Illuminate\\Routing\\Router->dispatch()
#37 /var/www/vhosts/ieslamarisma.net/httpdocs/proyectos/2026/joseangelaquino/laravel/gym-reservas/vendor/laravel/framework/src/Illuminate/Pipeline/Pipeline.php(170): Illuminate\\Foundation\\Http\\Kernel->Illuminate\\Foundation\\Http\\{closure}()
#38 /var/www/vhosts/ieslamarisma.net/httpdocs/proyectos/2026/joseangelaquino/laravel/gym-reservas/vendor/laravel/framework/src/Illuminate/Foundation/Http/Middleware/TransformsRequest.php(21): Illuminate\\Pipeline\\Pipeline->Illuminate\\Pipeline\\{closure}()
#39 /var/www/vhosts/ieslamarisma.net/httpdocs/proyectos/2026/joseangelaquino/laravel/gym-reservas/vendor/laravel/framework/src/Illuminate/Foundation/Http/Middleware/ConvertEmptyStringsToNull.php(31): Illuminate\\Foundation\\Http\\Middleware\\TransformsRequest->handle()
#40 /var/www/vhosts/ieslamarisma.net/httpdocs/proyectos/2026/joseangelaquino/laravel/gym-reservas/vendor/laravel/framework/src/Illuminate/Pipeline/Pipeline.php(209): Illuminate\\Foundation\\Http\\Middleware\\ConvertEmptyStringsToNull->handle()
#41 /var/www/vhosts/ieslamarisma.net/httpdocs/proyectos/2026/joseangelaquino/laravel/gym-reservas/vendor/laravel/framework/src/Illuminate/Foundation/Http/Middleware/TransformsRequest.php(21): Illuminate\\Pipeline\\Pipeline->Illuminate\\Pipeline\\{closure}()
#42 /var/www/vhosts/ieslamarisma.net/httpdocs/proyectos/2026/joseangelaquino/laravel/gym-reservas/vendor/laravel/framework/src/Illuminate/Foundation/Http/Middleware/TrimStrings.php(51): Illuminate\\Foundation\\Http\\Middleware\\TransformsRequest->handle()
#43 /var/www/vhosts/ieslamarisma.net/httpdocs/proyectos/2026/joseangelaquino/laravel/gym-reservas/vendor/laravel/framework/src/Illuminate/Pipeline/Pipeline.php(209): Illuminate\\Foundation\\Http\\Middleware\\TrimStrings->handle()
#44 /var/www/vhosts/ieslamarisma.net/httpdocs/proyectos/2026/joseangelaquino/laravel/gym-reservas/vendor/laravel/framework/src/Illuminate/Http/Middleware/ValidatePostSize.php(27): Illuminate\\Pipeline\\Pipeline->Illuminate\\Pipeline\\{closure}()
#45 /var/www/vhosts/ieslamarisma.net/httpdocs/proyectos/2026/joseangelaquino/laravel/gym-reservas/vendor/laravel/framework/src/Illuminate/Pipeline/Pipeline.php(209): Illuminate\\Http\\Middleware\\ValidatePostSize->handle()
#46 /var/www/vhosts/ieslamarisma.net/httpdocs/proyectos/2026/joseangelaquino/laravel/gym-reservas/vendor/laravel/framework/src/Illuminate/Foundation/Http/Middleware/PreventRequestsDuringMaintenance.php(110): Illuminate\\Pipeline\\Pipeline->Illuminate\\Pipeline\\{closure}()
#47 /var/www/vhosts/ieslamarisma.net/httpdocs/proyectos/2026/joseangelaquino/laravel/gym-reservas/vendor/laravel/framework/src/Illuminate/Pipeline/Pipeline.php(209): Illuminate\\Foundation\\Http\\Middleware\\PreventRequestsDuringMaintenance->handle()
#48 /var/www/vhosts/ieslamarisma.net/httpdocs/proyectos/2026/joseangelaquino/laravel/gym-reservas/vendor/laravel/framework/src/Illuminate/Http/Middleware/HandleCors.php(49): Illuminate\\Pipeline\\Pipeline->Illuminate\\Pipeline\\{closure}()
#49 /var/www/vhosts/ieslamarisma.net/httpdocs/proyectos/2026/joseangelaquino/laravel/gym-reservas/vendor/laravel/framework/src/Illuminate/Pipeline/Pipeline.php(209): Illuminate\\Http\\Middleware\\HandleCors->handle()
#50 /var/www/vhosts/ieslamarisma.net/httpdocs/proyectos/2026/joseangelaquino/laravel/gym-reservas/vendor/laravel/framework/src/Illuminate/Http/Middleware/TrustProxies.php(58): Illuminate\\Pipeline\\Pipeline->Illuminate\\Pipeline\\{closure}()
#51 /var/www/vhosts/ieslamarisma.net/httpdocs/proyectos/2026/joseangelaquino/laravel/gym-reservas/vendor/laravel/framework/src/Illuminate/Pipeline/Pipeline.php(209): Illuminate\\Http\\Middleware\\TrustProxies->handle()
#52 /var/www/vhosts/ieslamarisma.net/httpdocs/proyectos/2026/joseangelaquino/laravel/gym-reservas/vendor/laravel/framework/src/Illuminate/Foundation/Http/Middleware/InvokeDeferredCallbacks.php(22): Illuminate\\Pipeline\\Pipeline->Illuminate\\Pipeline\\{closure}()
#53 /var/www/vhosts/ieslamarisma.net/httpdocs/proyectos/2026/joseangelaquino/laravel/gym-reservas/vendor/laravel/framework/src/Illuminate/Pipeline/Pipeline.php(209): Illuminate\\Foundation\\Http\\Middleware\\InvokeDeferredCallbacks->handle()
#54 /var/www/vhosts/ieslamarisma.net/httpdocs/proyectos/2026/joseangelaquino/laravel/gym-reservas/vendor/laravel/framework/src/Illuminate/Pipeline/Pipeline.php(127): Illuminate\\Pipeline\\Pipeline->Illuminate\\Pipeline\\{closure}()
#55 /var/www/vhosts/ieslamarisma.net/httpdocs/proyectos/2026/joseangelaquino/laravel/gym-reservas/vendor/laravel/framework/src/Illuminate/Foundation/Http/Kernel.php(176): Illuminate\\Pipeline\\Pipeline->then()
#56 /var/www/vhosts/ieslamarisma.net/httpdocs/proyectos/2026/joseangelaquino/laravel/gym-reservas/vendor/laravel/framework/src/Illuminate/Foundation/Http/Kernel.php(145): Illuminate\\Foundation\\Http\\Kernel->sendRequestThroughRouter()
#57 /var/www/vhosts/ieslamarisma.net/httpdocs/proyectos/2026/joseangelaquino/laravel/gym-reservas/vendor/laravel/framework/src/Illuminate/Foundation/Application.php(1220): Illuminate\\Foundation\\Http\\Kernel->handle()
#58 /var/www/vhosts/ieslamarisma.net/httpdocs/proyectos/2026/joseangelaquino/laravel/gym-reservas/public/index.php(26): Illuminate\\Foundation\\Application->handleRequest()
#59 {main}
"} 
[2026-04-11 19:13:03] production.ERROR: syntax error, unexpected end of file, expecting "elseif" or "else" or "endif" (View: /var/www/vhosts/ieslamarisma.net/httpdocs/proyectos/2026/joseangelaquino/laravel/gym-reservas/resources/views/auth/register.blade.php) {"exception":"[object] (Illuminate\\View\\ViewException(code: 0): syntax error, unexpected end of file, expecting \"elseif\" or \"else\" or \"endif\" (View: /var/www/vhosts/ieslamarisma.net/httpdocs/proyectos/2026/joseangelaquino/laravel/gym-reservas/resources/views/auth/register.blade.php) at /var/www/vhosts/ieslamarisma.net/httpdocs/proyectos/2026/joseangelaquino/laravel/gym-reservas/storage/framework/views/08bd678c24c6ebca26eb51391224eab6.php:451)
[stacktrace]
#0 /var/www/vhosts/ieslamarisma.net/httpdocs/proyectos/2026/joseangelaquino/laravel/gym-reservas/vendor/laravel/framework/src/Illuminate/View/Engines/PhpEngine.php(60): Illuminate\\View\\Engines\\CompilerEngine->handleViewException()
#1 /var/www/vhosts/ieslamarisma.net/httpdocs/proyectos/2026/joseangelaquino/laravel/gym-reservas/vendor/laravel/framework/src/Illuminate/View/Engines/CompilerEngine.php(75): Illuminate\\View\\Engines\\PhpEngine->evaluatePath()
#2 /var/www/vhosts/ieslamarisma.net/httpdocs/proyectos/2026/joseangelaquino/laravel/gym-reservas/vendor/laravel/framework/src/Illuminate/View/View.php(209): Illuminate\\View\\Engines\\CompilerEngine->get()
#3 /var/www/vhosts/ieslamarisma.net/httpdocs/proyectos/2026/joseangelaquino/laravel/gym-reservas/vendor/laravel/framework/src/Illuminate/View/View.php(192): Illuminate\\View\\View->getContents()
#4 /var/www/vhosts/ieslamarisma.net/httpdocs/proyectos/2026/joseangelaquino/laravel/gym-reservas/vendor/laravel/framework/src/Illuminate/View/View.php(161): Illuminate\\View\\View->renderContents()
#5 /var/www/vhosts/ieslamarisma.net/httpdocs/proyectos/2026/joseangelaquino/laravel/gym-reservas/vendor/laravel/framework/src/Illuminate/Http/Response.php(79): Illuminate\\View\\View->render()
#6 /var/www/vhosts/ieslamarisma.net/httpdocs/proyectos/2026/joseangelaquino/laravel/gym-reservas/vendor/laravel/framework/src/Illuminate/Http/Response.php(35): Illuminate\\Http\\Response->setContent()
#7 /var/www/vhosts/ieslamarisma.net/httpdocs/proyectos/2026/joseangelaquino/laravel/gym-reservas/vendor/laravel/framework/src/Illuminate/Routing/Router.php(920): Illuminate\\Http\\Response->__construct()
#8 /var/www/vhosts/ieslamarisma.net/httpdocs/proyectos/2026/joseangelaquino/laravel/gym-reservas/vendor/laravel/framework/src/Illuminate/Routing/Router.php(887): Illuminate\\Routing\\Router::toResponse()
#9 /var/www/vhosts/ieslamarisma.net/httpdocs/proyectos/2026/joseangelaquino/laravel/gym-reservas/vendor/laravel/framework/src/Illuminate/Routing/Router.php(807): Illuminate\\Routing\\Router->prepareResponse()
#10 /var/www/vhosts/ieslamarisma.net/httpdocs/proyectos/2026/joseangelaquino/laravel/gym-reservas/vendor/laravel/framework/src/Illuminate/Pipeline/Pipeline.php(170): Illuminate\\Routing\\Router->Illuminate\\Routing\\{closure}()
#11 /var/www/vhosts/ieslamarisma.net/httpdocs/proyectos/2026/joseangelaquino/laravel/gym-reservas/vendor/laravel/framework/src/Illuminate/Auth/Middleware/RedirectIfAuthenticated.php(35): Illuminate\\Pipeline\\Pipeline->Illuminate\\Pipeline\\{closure}()
#12 /var/www/vhosts/ieslamarisma.net/httpdocs/proyectos/2026/joseangelaquino/laravel/gym-reservas/vendor/laravel/framework/src/Illuminate/Pipeline/Pipeline.php(209): Illuminate\\Auth\\Middleware\\RedirectIfAuthenticated->handle()
#13 /var/www/vhosts/ieslamarisma.net/httpdocs/proyectos/2026/joseangelaquino/laravel/gym-reservas/vendor/laravel/framework/src/Illuminate/Http/Middleware/AddLinkHeadersForPreloadedAssets.php(20): Illuminate\\Pipeline\\Pipeline->Illuminate\\Pipeline\\{closure}()
#14 /var/www/vhosts/ieslamarisma.net/httpdocs/proyectos/2026/joseangelaquino/laravel/gym-reservas/vendor/laravel/framework/src/Illuminate/Pipeline/Pipeline.php(209): Illuminate\\Http\\Middleware\\AddLinkHeadersForPreloadedAssets->handle()
#15 /var/www/vhosts/ieslamarisma.net/httpdocs/proyectos/2026/joseangelaquino/laravel/gym-reservas/vendor/inertiajs/inertia-laravel/src/Middleware.php(122): Illuminate\\Pipeline\\Pipeline->Illuminate\\Pipeline\\{closure}()
#16 /var/www/vhosts/ieslamarisma.net/httpdocs/proyectos/2026/joseangelaquino/laravel/gym-reservas/vendor/laravel/framework/src/Illuminate/Pipeline/Pipeline.php(209): Inertia\\Middleware->handle()
#17 /var/www/vhosts/ieslamarisma.net/httpdocs/proyectos/2026/joseangelaquino/laravel/gym-reservas/vendor/laravel/framework/src/Illuminate/Routing/Middleware/SubstituteBindings.php(51): Illuminate\\Pipeline\\Pipeline->Illuminate\\Pipeline\\{closure}()
#18 /var/www/vhosts/ieslamarisma.net/httpdocs/proyectos/2026/joseangelaquino/laravel/gym-reservas/vendor/laravel/framework/src/Illuminate/Pipeline/Pipeline.php(209): Illuminate\\Routing\\Middleware\\SubstituteBindings->handle()
#19 /var/www/vhosts/ieslamarisma.net/httpdocs/proyectos/2026/joseangelaquino/laravel/gym-reservas/vendor/laravel/framework/src/Illuminate/Foundation/Http/Middleware/VerifyCsrfToken.php(88): Illuminate\\Pipeline\\Pipeline->Illuminate\\Pipeline\\{closure}()
#20 /var/www/vhosts/ieslamarisma.net/httpdocs/proyectos/2026/joseangelaquino/laravel/gym-reservas/vendor/laravel/framework/src/Illuminate/Pipeline/Pipeline.php(209): Illuminate\\Foundation\\Http\\Middleware\\VerifyCsrfToken->handle()
#21 /var/www/vhosts/ieslamarisma.net/httpdocs/proyectos/2026/joseangelaquino/laravel/gym-reservas/vendor/laravel/framework/src/Illuminate/View/Middleware/ShareErrorsFromSession.php(49): Illuminate\\Pipeline\\Pipeline->Illuminate\\Pipeline\\{closure}()
#22 /var/www/vhosts/ieslamarisma.net/httpdocs/proyectos/2026/joseangelaquino/laravel/gym-reservas/vendor/laravel/framework/src/Illuminate/Pipeline/Pipeline.php(209): Illuminate\\View\\Middleware\\ShareErrorsFromSession->handle()
#23 /var/www/vhosts/ieslamarisma.net/httpdocs/proyectos/2026/joseangelaquino/laravel/gym-reservas/vendor/laravel/framework/src/Illuminate/Session/Middleware/StartSession.php(121): Illuminate\\Pipeline\\Pipeline->Illuminate\\Pipeline\\{closure}()
#24 /var/www/vhosts/ieslamarisma.net/httpdocs/proyectos/2026/joseangelaquino/laravel/gym-reservas/vendor/laravel/framework/src/Illuminate/Session/Middleware/StartSession.php(64): Illuminate\\Session\\Middleware\\StartSession->handleStatefulRequest()
#25 /var/www/vhosts/ieslamarisma.net/httpdocs/proyectos/2026/joseangelaquino/laravel/gym-reservas/vendor/laravel/framework/src/Illuminate/Pipeline/Pipeline.php(209): Illuminate\\Session\\Middleware\\StartSession->handle()
#26 /var/www/vhosts/ieslamarisma.net/httpdocs/proyectos/2026/joseangelaquino/laravel/gym-reservas/vendor/laravel/framework/src/Illuminate/Cookie/Middleware/AddQueuedCookiesToResponse.php(37): Illuminate\\Pipeline\\Pipeline->Illuminate\\Pipeline\\{closure}()
#27 /var/www/vhosts/ieslamarisma.net/httpdocs/proyectos/2026/joseangelaquino/laravel/gym-reservas/vendor/laravel/framework/src/Illuminate/Pipeline/Pipeline.php(209): Illuminate\\Cookie\\Middleware\\AddQueuedCookiesToResponse->handle()
#28 /var/www/vhosts/ieslamarisma.net/httpdocs/proyectos/2026/joseangelaquino/laravel/gym-reservas/vendor/laravel/framework/src/Illuminate/Cookie/Middleware/EncryptCookies.php(75): Illuminate\\Pipeline\\Pipeline->Illuminate\\Pipeline\\{closure}()
#29 /var/www/vhosts/ieslamarisma.net/httpdocs/proyectos/2026/joseangelaquino/laravel/gym-reservas/vendor/laravel/framework/src/Illuminate/Pipeline/Pipeline.php(209): Illuminate\\Cookie\\Middleware\\EncryptCookies->handle()
#30 /var/www/vhosts/ieslamarisma.net/httpdocs/proyectos/2026/joseangelaquino/laravel/gym-reservas/vendor/laravel/framework/src/Illuminate/Pipeline/Pipeline.php(127): Illuminate\\Pipeline\\Pipeline->Illuminate\\Pipeline\\{closure}()
#31 /var/www/vhosts/ieslamarisma.net/httpdocs/proyectos/2026/joseangelaquino/laravel/gym-reservas/vendor/laravel/framework/src/Illuminate/Routing/Router.php(807): Illuminate\\Pipeline\\Pipeline->then()
#32 /var/www/vhosts/ieslamarisma.net/httpdocs/proyectos/2026/joseangelaquino/laravel/gym-reservas/vendor/laravel/framework/src/Illuminate/Routing/Router.php(786): Illuminate\\Routing\\Router->runRouteWithinStack()
#33 /var/www/vhosts/ieslamarisma.net/httpdocs/proyectos/2026/joseangelaquino/laravel/gym-reservas/vendor/laravel/framework/src/Illuminate/Routing/Router.php(750): Illuminate\\Routing\\Router->runRoute()
#34 /var/www/vhosts/ieslamarisma.net/httpdocs/proyectos/2026/joseangelaquino/laravel/gym-reservas/vendor/laravel/framework/src/Illuminate/Routing/Router.php(739): Illuminate\\Routing\\Router->dispatchToRoute()
#35 /var/www/vhosts/ieslamarisma.net/httpdocs/proyectos/2026/joseangelaquino/laravel/gym-reservas/vendor/laravel/framework/src/Illuminate/Foundation/Http/Kernel.php(201): Illuminate\\Routing\\Router->dispatch()
#36 /var/www/vhosts/ieslamarisma.net/httpdocs/proyectos/2026/joseangelaquino/laravel/gym-reservas/vendor/laravel/framework/src/Illuminate/Pipeline/Pipeline.php(170): Illuminate\\Foundation\\Http\\Kernel->Illuminate\\Foundation\\Http\\{closure}()
#37 /var/www/vhosts/ieslamarisma.net/httpdocs/proyectos/2026/joseangelaquino/laravel/gym-reservas/vendor/laravel/framework/src/Illuminate/Foundation/Http/Middleware/TransformsRequest.php(21): Illuminate\\Pipeline\\Pipeline->Illuminate\\Pipeline\\{closure}()
#38 /var/www/vhosts/ieslamarisma.net/httpdocs/proyectos/2026/joseangelaquino/laravel/gym-reservas/vendor/laravel/framework/src/Illuminate/Foundation/Http/Middleware/ConvertEmptyStringsToNull.php(31): Illuminate\\Foundation\\Http\\Middleware\\TransformsRequest->handle()
#39 /var/www/vhosts/ieslamarisma.net/httpdocs/proyectos/2026/joseangelaquino/laravel/gym-reservas/vendor/laravel/framework/src/Illuminate/Pipeline/Pipeline.php(209): Illuminate\\Foundation\\Http\\Middleware\\ConvertEmptyStringsToNull->handle()
#40 /var/www/vhosts/ieslamarisma.net/httpdocs/proyectos/2026/joseangelaquino/laravel/gym-reservas/vendor/laravel/framework/src/Illuminate/Foundation/Http/Middleware/TransformsRequest.php(21): Illuminate\\Pipeline\\Pipeline->Illuminate\\Pipeline\\{closure}()
#41 /var/www/vhosts/ieslamarisma.net/httpdocs/proyectos/2026/joseangelaquino/laravel/gym-reservas/vendor/laravel/framework/src/Illuminate/Foundation/Http/Middleware/TrimStrings.php(51): Illuminate\\Foundation\\Http\\Middleware\\TransformsRequest->handle()
#42 /var/www/vhosts/ieslamarisma.net/httpdocs/proyectos/2026/joseangelaquino/laravel/gym-reservas/vendor/laravel/framework/src/Illuminate/Pipeline/Pipeline.php(209): Illuminate\\Foundation\\Http\\Middleware\\TrimStrings->handle()
#43 /var/www/vhosts/ieslamarisma.net/httpdocs/proyectos/2026/joseangelaquino/laravel/gym-reservas/vendor/laravel/framework/src/Illuminate/Http/Middleware/ValidatePostSize.php(27): Illuminate\\Pipeline\\Pipeline->Illuminate\\Pipeline\\{closure}()
#44 /var/www/vhosts/ieslamarisma.net/httpdocs/proyectos/2026/joseangelaquino/laravel/gym-reservas/vendor/laravel/framework/src/Illuminate/Pipeline/Pipeline.php(209): Illuminate\\Http\\Middleware\\ValidatePostSize->handle()
#45 /var/www/vhosts/ieslamarisma.net/httpdocs/proyectos/2026/joseangelaquino/laravel/gym-reservas/vendor/laravel/framework/src/Illuminate/Foundation/Http/Middleware/PreventRequestsDuringMaintenance.php(110): Illuminate\\Pipeline\\Pipeline->Illuminate\\Pipeline\\{closure}()
#46 /var/www/vhosts/ieslamarisma.net/httpdocs/proyectos/2026/joseangelaquino/laravel/gym-reservas/vendor/laravel/framework/src/Illuminate/Pipeline/Pipeline.php(209): Illuminate\\Foundation\\Http\\Middleware\\PreventRequestsDuringMaintenance->handle()
#47 /var/www/vhosts/ieslamarisma.net/httpdocs/proyectos/2026/joseangelaquino/laravel/gym-reservas/vendor/laravel/framework/src/Illuminate/Http/Middleware/HandleCors.php(49): Illuminate\\Pipeline\\Pipeline->Illuminate\\Pipeline\\{closure}()
#48 /var/www/vhosts/ieslamarisma.net/httpdocs/proyectos/2026/joseangelaquino/laravel/gym-reservas/vendor/laravel/framework/src/Illuminate/Pipeline/Pipeline.php(209): Illuminate\\Http\\Middleware\\HandleCors->handle()
#49 /var/www/vhosts/ieslamarisma.net/httpdocs/proyectos/2026/joseangelaquino/laravel/gym-reservas/vendor/laravel/framework/src/Illuminate/Http/Middleware/TrustProxies.php(58): Illuminate\\Pipeline\\Pipeline->Illuminate\\Pipeline\\{closure}()
#50 /var/www/vhosts/ieslamarisma.net/httpdocs/proyectos/2026/joseangelaquino/laravel/gym-reservas/vendor/laravel/framework/src/Illuminate/Pipeline/Pipeline.php(209): Illuminate\\Http\\Middleware\\TrustProxies->handle()
#51 /var/www/vhosts/ieslamarisma.net/httpdocs/proyectos/2026/joseangelaquino/laravel/gym-reservas/vendor/laravel/framework/src/Illuminate/Foundation/Http/Middleware/InvokeDeferredCallbacks.php(22): Illuminate\\Pipeline\\Pipeline->Illuminate\\Pipeline\\{closure}()
#52 /var/www/vhosts/ieslamarisma.net/httpdocs/proyectos/2026/joseangelaquino/laravel/gym-reservas/vendor/laravel/framework/src/Illuminate/Pipeline/Pipeline.php(209): Illuminate\\Foundation\\Http\\Middleware\\InvokeDeferredCallbacks->handle()
#53 /var/www/vhosts/ieslamarisma.net/httpdocs/proyectos/2026/joseangelaquino/laravel/gym-reservas/vendor/laravel/framework/src/Illuminate/Pipeline/Pipeline.php(127): Illuminate\\Pipeline\\Pipeline->Illuminate\\Pipeline\\{closure}()
#54 /var/www/vhosts/ieslamarisma.net/httpdocs/proyectos/2026/joseangelaquino/laravel/gym-reservas/vendor/laravel/framework/src/Illuminate/Foundation/Http/Kernel.php(176): Illuminate\\Pipeline\\Pipeline->then()
#55 /var/www/vhosts/ieslamarisma.net/httpdocs/proyectos/2026/joseangelaquino/laravel/gym-reservas/vendor/laravel/framework/src/Illuminate/Foundation/Http/Kernel.php(145): Illuminate\\Foundation\\Http\\Kernel->sendRequestThroughRouter()
#56 /var/www/vhosts/ieslamarisma.net/httpdocs/proyectos/2026/joseangelaquino/laravel/gym-reservas/vendor/laravel/framework/src/Illuminate/Foundation/Application.php(1220): Illuminate\\Foundation\\Http\\Kernel->handle()
#57 /var/www/vhosts/ieslamarisma.net/httpdocs/proyectos/2026/joseangelaquino/laravel/gym-reservas/public/index.php(26): Illuminate\\Foundation\\Application->handleRequest()
#58 {main}

[previous exception] [object] (ParseError(code: 0): syntax error, unexpected end of file, expecting \"elseif\" or \"else\" or \"endif\" at /var/www/vhosts/ieslamarisma.net/httpdocs/proyectos/2026/joseangelaquino/laravel/gym-reservas/storage/framework/views/08bd678c24c6ebca26eb51391224eab6.php:451)
[stacktrace]
#0 /var/www/vhosts/ieslamarisma.net/httpdocs/proyectos/2026/joseangelaquino/laravel/gym-reservas/vendor/laravel/framework/src/Illuminate/Filesystem/Filesystem.php(124): Illuminate\\Filesystem\\Filesystem::Illuminate\\Filesystem\\{closure}()
#1 /var/www/vhosts/ieslamarisma.net/httpdocs/proyectos/2026/joseangelaquino/laravel/gym-reservas/vendor/laravel/framework/src/Illuminate/View/Engines/PhpEngine.php(58): Illuminate\\Filesystem\\Filesystem->getRequire()
#2 /var/www/vhosts/ieslamarisma.net/httpdocs/proyectos/2026/joseangelaquino/laravel/gym-reservas/vendor/laravel/framework/src/Illuminate/View/Engines/CompilerEngine.php(75): Illuminate\\View\\Engines\\PhpEngine->evaluatePath()
#3 /var/www/vhosts/ieslamarisma.net/httpdocs/proyectos/2026/joseangelaquino/laravel/gym-reservas/vendor/laravel/framework/src/Illuminate/View/View.php(209): Illuminate\\View\\Engines\\CompilerEngine->get()
#4 /var/www/vhosts/ieslamarisma.net/httpdocs/proyectos/2026/joseangelaquino/laravel/gym-reservas/vendor/laravel/framework/src/Illuminate/View/View.php(192): Illuminate\\View\\View->getContents()
#5 /var/www/vhosts/ieslamarisma.net/httpdocs/proyectos/2026/joseangelaquino/laravel/gym-reservas/vendor/laravel/framework/src/Illuminate/View/View.php(161): Illuminate\\View\\View->renderContents()
#6 /var/www/vhosts/ieslamarisma.net/httpdocs/proyectos/2026/joseangelaquino/laravel/gym-reservas/vendor/laravel/framework/src/Illuminate/Http/Response.php(79): Illuminate\\View\\View->render()
#7 /var/www/vhosts/ieslamarisma.net/httpdocs/proyectos/2026/joseangelaquino/laravel/gym-reservas/vendor/laravel/framework/src/Illuminate/Http/Response.php(35): Illuminate\\Http\\Response->setContent()
#8 /var/www/vhosts/ieslamarisma.net/httpdocs/proyectos/2026/joseangelaquino/laravel/gym-reservas/vendor/laravel/framework/src/Illuminate/Routing/Router.php(920): Illuminate\\Http\\Response->__construct()
#9 /var/www/vhosts/ieslamarisma.net/httpdocs/proyectos/2026/joseangelaquino/laravel/gym-reservas/vendor/laravel/framework/src/Illuminate/Routing/Router.php(887): Illuminate\\Routing\\Router::toResponse()
#10 /var/www/vhosts/ieslamarisma.net/httpdocs/proyectos/2026/joseangelaquino/laravel/gym-reservas/vendor/laravel/framework/src/Illuminate/Routing/Router.php(807): Illuminate\\Routing\\Router->prepareResponse()
#11 /var/www/vhosts/ieslamarisma.net/httpdocs/proyectos/2026/joseangelaquino/laravel/gym-reservas/vendor/laravel/framework/src/Illuminate/Pipeline/Pipeline.php(170): Illuminate\\Routing\\Router->Illuminate\\Routing\\{closure}()
#12 /var/www/vhosts/ieslamarisma.net/httpdocs/proyectos/2026/joseangelaquino/laravel/gym-reservas/vendor/laravel/framework/src/Illuminate/Auth/Middleware/RedirectIfAuthenticated.php(35): Illuminate\\Pipeline\\Pipeline->Illuminate\\Pipeline\\{closure}()
#13 /var/www/vhosts/ieslamarisma.net/httpdocs/proyectos/2026/joseangelaquino/laravel/gym-reservas/vendor/laravel/framework/src/Illuminate/Pipeline/Pipeline.php(209): Illuminate\\Auth\\Middleware\\RedirectIfAuthenticated->handle()
#14 /var/www/vhosts/ieslamarisma.net/httpdocs/proyectos/2026/joseangelaquino/laravel/gym-reservas/vendor/laravel/framework/src/Illuminate/Http/Middleware/AddLinkHeadersForPreloadedAssets.php(20): Illuminate\\Pipeline\\Pipeline->Illuminate\\Pipeline\\{closure}()
#15 /var/www/vhosts/ieslamarisma.net/httpdocs/proyectos/2026/joseangelaquino/laravel/gym-reservas/vendor/laravel/framework/src/Illuminate/Pipeline/Pipeline.php(209): Illuminate\\Http\\Middleware\\AddLinkHeadersForPreloadedAssets->handle()
#16 /var/www/vhosts/ieslamarisma.net/httpdocs/proyectos/2026/joseangelaquino/laravel/gym-reservas/vendor/inertiajs/inertia-laravel/src/Middleware.php(122): Illuminate\\Pipeline\\Pipeline->Illuminate\\Pipeline\\{closure}()
#17 /var/www/vhosts/ieslamarisma.net/httpdocs/proyectos/2026/joseangelaquino/laravel/gym-reservas/vendor/laravel/framework/src/Illuminate/Pipeline/Pipeline.php(209): Inertia\\Middleware->handle()
#18 /var/www/vhosts/ieslamarisma.net/httpdocs/proyectos/2026/joseangelaquino/laravel/gym-reservas/vendor/laravel/framework/src/Illuminate/Routing/Middleware/SubstituteBindings.php(51): Illuminate\\Pipeline\\Pipeline->Illuminate\\Pipeline\\{closure}()
#19 /var/www/vhosts/ieslamarisma.net/httpdocs/proyectos/2026/joseangelaquino/laravel/gym-reservas/vendor/laravel/framework/src/Illuminate/Pipeline/Pipeline.php(209): Illuminate\\Routing\\Middleware\\SubstituteBindings->handle()
#20 /var/www/vhosts/ieslamarisma.net/httpdocs/proyectos/2026/joseangelaquino/laravel/gym-reservas/vendor/laravel/framework/src/Illuminate/Foundation/Http/Middleware/VerifyCsrfToken.php(88): Illuminate\\Pipeline\\Pipeline->Illuminate\\Pipeline\\{closure}()
#21 /var/www/vhosts/ieslamarisma.net/httpdocs/proyectos/2026/joseangelaquino/laravel/gym-reservas/vendor/laravel/framework/src/Illuminate/Pipeline/Pipeline.php(209): Illuminate\\Foundation\\Http\\Middleware\\VerifyCsrfToken->handle()
#22 /var/www/vhosts/ieslamarisma.net/httpdocs/proyectos/2026/joseangelaquino/laravel/gym-reservas/vendor/laravel/framework/src/Illuminate/View/Middleware/ShareErrorsFromSession.php(49): Illuminate\\Pipeline\\Pipeline->Illuminate\\Pipeline\\{closure}()
#23 /var/www/vhosts/ieslamarisma.net/httpdocs/proyectos/2026/joseangelaquino/laravel/gym-reservas/vendor/laravel/framework/src/Illuminate/Pipeline/Pipeline.php(209): Illuminate\\View\\Middleware\\ShareErrorsFromSession->handle()
#24 /var/www/vhosts/ieslamarisma.net/httpdocs/proyectos/2026/joseangelaquino/laravel/gym-reservas/vendor/laravel/framework/src/Illuminate/Session/Middleware/StartSession.php(121): Illuminate\\Pipeline\\Pipeline->Illuminate\\Pipeline\\{closure}()
#25 /var/www/vhosts/ieslamarisma.net/httpdocs/proyectos/2026/joseangelaquino/laravel/gym-reservas/vendor/laravel/framework/src/Illuminate/Session/Middleware/StartSession.php(64): Illuminate\\Session\\Middleware\\StartSession->handleStatefulRequest()
#26 /var/www/vhosts/ieslamarisma.net/httpdocs/proyectos/2026/joseangelaquino/laravel/gym-reservas/vendor/laravel/framework/src/Illuminate/Pipeline/Pipeline.php(209): Illuminate\\Session\\Middleware\\StartSession->handle()
#27 /var/www/vhosts/ieslamarisma.net/httpdocs/proyectos/2026/joseangelaquino/laravel/gym-reservas/vendor/laravel/framework/src/Illuminate/Cookie/Middleware/AddQueuedCookiesToResponse.php(37): Illuminate\\Pipeline\\Pipeline->Illuminate\\Pipeline\\{closure}()
#28 /var/www/vhosts/ieslamarisma.net/httpdocs/proyectos/2026/joseangelaquino/laravel/gym-reservas/vendor/laravel/framework/src/Illuminate/Pipeline/Pipeline.php(209): Illuminate\\Cookie\\Middleware\\AddQueuedCookiesToResponse->handle()
#29 /var/www/vhosts/ieslamarisma.net/httpdocs/proyectos/2026/joseangelaquino/laravel/gym-reservas/vendor/laravel/framework/src/Illuminate/Cookie/Middleware/EncryptCookies.php(75): Illuminate\\Pipeline\\Pipeline->Illuminate\\Pipeline\\{closure}()
#30 /var/www/vhosts/ieslamarisma.net/httpdocs/proyectos/2026/joseangelaquino/laravel/gym-reservas/vendor/laravel/framework/src/Illuminate/Pipeline/Pipeline.php(209): Illuminate\\Cookie\\Middleware\\EncryptCookies->handle()
#31 /var/www/vhosts/ieslamarisma.net/httpdocs/proyectos/2026/joseangelaquino/laravel/gym-reservas/vendor/laravel/framework/src/Illuminate/Pipeline/Pipeline.php(127): Illuminate\\Pipeline\\Pipeline->Illuminate\\Pipeline\\{closure}()
#32 /var/www/vhosts/ieslamarisma.net/httpdocs/proyectos/2026/joseangelaquino/laravel/gym-reservas/vendor/laravel/framework/src/Illuminate/Routing/Router.php(807): Illuminate\\Pipeline\\Pipeline->then()
#33 /var/www/vhosts/ieslamarisma.net/httpdocs/proyectos/2026/joseangelaquino/laravel/gym-reservas/vendor/laravel/framework/src/Illuminate/Routing/Router.php(786): Illuminate\\Routing\\Router->runRouteWithinStack()
#34 /var/www/vhosts/ieslamarisma.net/httpdocs/proyectos/2026/joseangelaquino/laravel/gym-reservas/vendor/laravel/framework/src/Illuminate/Routing/Router.php(750): Illuminate\\Routing\\Router->runRoute()
#35 /var/www/vhosts/ieslamarisma.net/httpdocs/proyectos/2026/joseangelaquino/laravel/gym-reservas/vendor/laravel/framework/src/Illuminate/Routing/Router.php(739): Illuminate\\Routing\\Router->dispatchToRoute()
#36 /var/www/vhosts/ieslamarisma.net/httpdocs/proyectos/2026/joseangelaquino/laravel/gym-reservas/vendor/laravel/framework/src/Illuminate/Foundation/Http/Kernel.php(201): Illuminate\\Routing\\Router->dispatch()
#37 /var/www/vhosts/ieslamarisma.net/httpdocs/proyectos/2026/joseangelaquino/laravel/gym-reservas/vendor/laravel/framework/src/Illuminate/Pipeline/Pipeline.php(170): Illuminate\\Foundation\\Http\\Kernel->Illuminate\\Foundation\\Http\\{closure}()
#38 /var/www/vhosts/ieslamarisma.net/httpdocs/proyectos/2026/joseangelaquino/laravel/gym-reservas/vendor/laravel/framework/src/Illuminate/Foundation/Http/Middleware/TransformsRequest.php(21): Illuminate\\Pipeline\\Pipeline->Illuminate\\Pipeline\\{closure}()
#39 /var/www/vhosts/ieslamarisma.net/httpdocs/proyectos/2026/joseangelaquino/laravel/gym-reservas/vendor/laravel/framework/src/Illuminate/Foundation/Http/Middleware/ConvertEmptyStringsToNull.php(31): Illuminate\\Foundation\\Http\\Middleware\\TransformsRequest->handle()
#40 /var/www/vhosts/ieslamarisma.net/httpdocs/proyectos/2026/joseangelaquino/laravel/gym-reservas/vendor/laravel/framework/src/Illuminate/Pipeline/Pipeline.php(209): Illuminate\\Foundation\\Http\\Middleware\\ConvertEmptyStringsToNull->handle()
#41 /var/www/vhosts/ieslamarisma.net/httpdocs/proyectos/2026/joseangelaquino/laravel/gym-reservas/vendor/laravel/framework/src/Illuminate/Foundation/Http/Middleware/TransformsRequest.php(21): Illuminate\\Pipeline\\Pipeline->Illuminate\\Pipeline\\{closure}()
#42 /var/www/vhosts/ieslamarisma.net/httpdocs/proyectos/2026/joseangelaquino/laravel/gym-reservas/vendor/laravel/framework/src/Illuminate/Foundation/Http/Middleware/TrimStrings.php(51): Illuminate\\Foundation\\Http\\Middleware\\TransformsRequest->handle()
#43 /var/www/vhosts/ieslamarisma.net/httpdocs/proyectos/2026/joseangelaquino/laravel/gym-reservas/vendor/laravel/framework/src/Illuminate/Pipeline/Pipeline.php(209): Illuminate\\Foundation\\Http\\Middleware\\TrimStrings->handle()
#44 /var/www/vhosts/ieslamarisma.net/httpdocs/proyectos/2026/joseangelaquino/laravel/gym-reservas/vendor/laravel/framework/src/Illuminate/Http/Middleware/ValidatePostSize.php(27): Illuminate\\Pipeline\\Pipeline->Illuminate\\Pipeline\\{closure}()
#45 /var/www/vhosts/ieslamarisma.net/httpdocs/proyectos/2026/joseangelaquino/laravel/gym-reservas/vendor/laravel/framework/src/Illuminate/Pipeline/Pipeline.php(209): Illuminate\\Http\\Middleware\\ValidatePostSize->handle()
#46 /var/www/vhosts/ieslamarisma.net/httpdocs/proyectos/2026/joseangelaquino/laravel/gym-reservas/vendor/laravel/framework/src/Illuminate/Foundation/Http/Middleware/PreventRequestsDuringMaintenance.php(110): Illuminate\\Pipeline\\Pipeline->Illuminate\\Pipeline\\{closure}()
#47 /var/www/vhosts/ieslamarisma.net/httpdocs/proyectos/2026/joseangelaquino/laravel/gym-reservas/vendor/laravel/framework/src/Illuminate/Pipeline/Pipeline.php(209): Illuminate\\Foundation\\Http\\Middleware\\PreventRequestsDuringMaintenance->handle()
#48 /var/www/vhosts/ieslamarisma.net/httpdocs/proyectos/2026/joseangelaquino/laravel/gym-reservas/vendor/laravel/framework/src/Illuminate/Http/Middleware/HandleCors.php(49): Illuminate\\Pipeline\\Pipeline->Illuminate\\Pipeline\\{closure}()
#49 /var/www/vhosts/ieslamarisma.net/httpdocs/proyectos/2026/joseangelaquino/laravel/gym-reservas/vendor/laravel/framework/src/Illuminate/Pipeline/Pipeline.php(209): Illuminate\\Http\\Middleware\\HandleCors->handle()
#50 /var/www/vhosts/ieslamarisma.net/httpdocs/proyectos/2026/joseangelaquino/laravel/gym-reservas/vendor/laravel/framework/src/Illuminate/Http/Middleware/TrustProxies.php(58): Illuminate\\Pipeline\\Pipeline->Illuminate\\Pipeline\\{closure}()
#51 /var/www/vhosts/ieslamarisma.net/httpdocs/proyectos/2026/joseangelaquino/laravel/gym-reservas/vendor/laravel/framework/src/Illuminate/Pipeline/Pipeline.php(209): Illuminate\\Http\\Middleware\\TrustProxies->handle()
#52 /var/www/vhosts/ieslamarisma.net/httpdocs/proyectos/2026/joseangelaquino/laravel/gym-reservas/vendor/laravel/framework/src/Illuminate/Foundation/Http/Middleware/InvokeDeferredCallbacks.php(22): Illuminate\\Pipeline\\Pipeline->Illuminate\\Pipeline\\{closure}()
#53 /var/www/vhosts/ieslamarisma.net/httpdocs/proyectos/2026/joseangelaquino/laravel/gym-reservas/vendor/laravel/framework/src/Illuminate/Pipeline/Pipeline.php(209): Illuminate\\Foundation\\Http\\Middleware\\InvokeDeferredCallbacks->handle()
#54 /var/www/vhosts/ieslamarisma.net/httpdocs/proyectos/2026/joseangelaquino/laravel/gym-reservas/vendor/laravel/framework/src/Illuminate/Pipeline/Pipeline.php(127): Illuminate\\Pipeline\\Pipeline->Illuminate\\Pipeline\\{closure}()
#55 /var/www/vhosts/ieslamarisma.net/httpdocs/proyectos/2026/joseangelaquino/laravel/gym-reservas/vendor/laravel/framework/src/Illuminate/Foundation/Http/Kernel.php(176): Illuminate\\Pipeline\\Pipeline->then()
#56 /var/www/vhosts/ieslamarisma.net/httpdocs/proyectos/2026/joseangelaquino/laravel/gym-reservas/vendor/laravel/framework/src/Illuminate/Foundation/Http/Kernel.php(145): Illuminate\\Foundation\\Http\\Kernel->sendRequestThroughRouter()
#57 /var/www/vhosts/ieslamarisma.net/httpdocs/proyectos/2026/joseangelaquino/laravel/gym-reservas/vendor/laravel/framework/src/Illuminate/Foundation/Application.php(1220): Illuminate\\Foundation\\Http\\Kernel->handle()
#58 /var/www/vhosts/ieslamarisma.net/httpdocs/proyectos/2026/joseangelaquino/laravel/gym-reservas/public/index.php(26): Illuminate\\Foundation\\Application->handleRequest()
#59 {main}
"} 
[2026-04-11 19:18:20] production.ERROR: syntax error, unexpected end of file, expecting "elseif" or "else" or "endif" (View: /var/www/vhosts/ieslamarisma.net/httpdocs/proyectos/2026/joseangelaquino/laravel/gym-reservas/resources/views/auth/register.blade.php) {"exception":"[object] (Illuminate\\View\\ViewException(code: 0): syntax error, unexpected end of file, expecting \"elseif\" or \"else\" or \"endif\" (View: /var/www/vhosts/ieslamarisma.net/httpdocs/proyectos/2026/joseangelaquino/laravel/gym-reservas/resources/views/auth/register.blade.php) at /var/www/vhosts/ieslamarisma.net/httpdocs/proyectos/2026/joseangelaquino/laravel/gym-reservas/storage/framework/views/08bd678c24c6ebca26eb51391224eab6.php:290)
[stacktrace]
#0 /var/www/vhosts/ieslamarisma.net/httpdocs/proyectos/2026/joseangelaquino/laravel/gym-reservas/vendor/laravel/framework/src/Illuminate/View/Engines/PhpEngine.php(60): Illuminate\\View\\Engines\\CompilerEngine->handleViewException()
#1 /var/www/vhosts/ieslamarisma.net/httpdocs/proyectos/2026/joseangelaquino/laravel/gym-reservas/vendor/laravel/framework/src/Illuminate/View/Engines/CompilerEngine.php(75): Illuminate\\View\\Engines\\PhpEngine->evaluatePath()
#2 /var/www/vhosts/ieslamarisma.net/httpdocs/proyectos/2026/joseangelaquino/laravel/gym-reservas/vendor/laravel/framework/src/Illuminate/View/View.php(209): Illuminate\\View\\Engines\\CompilerEngine->get()
#3 /var/www/vhosts/ieslamarisma.net/httpdocs/proyectos/2026/joseangelaquino/laravel/gym-reservas/vendor/laravel/framework/src/Illuminate/View/View.php(192): Illuminate\\View\\View->getContents()
#4 /var/www/vhosts/ieslamarisma.net/httpdocs/proyectos/2026/joseangelaquino/laravel/gym-reservas/vendor/laravel/framework/src/Illuminate/View/View.php(161): Illuminate\\View\\View->renderContents()
#5 /var/www/vhosts/ieslamarisma.net/httpdocs/proyectos/2026/joseangelaquino/laravel/gym-reservas/vendor/laravel/framework/src/Illuminate/Http/Response.php(79): Illuminate\\View\\View->render()
#6 /var/www/vhosts/ieslamarisma.net/httpdocs/proyectos/2026/joseangelaquino/laravel/gym-reservas/vendor/laravel/framework/src/Illuminate/Http/Response.php(35): Illuminate\\Http\\Response->setContent()
#7 /var/www/vhosts/ieslamarisma.net/httpdocs/proyectos/2026/joseangelaquino/laravel/gym-reservas/vendor/laravel/framework/src/Illuminate/Routing/Router.php(920): Illuminate\\Http\\Response->__construct()
#8 /var/www/vhosts/ieslamarisma.net/httpdocs/proyectos/2026/joseangelaquino/laravel/gym-reservas/vendor/laravel/framework/src/Illuminate/Routing/Router.php(887): Illuminate\\Routing\\Router::toResponse()
#9 /var/www/vhosts/ieslamarisma.net/httpdocs/proyectos/2026/joseangelaquino/laravel/gym-reservas/vendor/laravel/framework/src/Illuminate/Routing/Router.php(807): Illuminate\\Routing\\Router->prepareResponse()
#10 /var/www/vhosts/ieslamarisma.net/httpdocs/proyectos/2026/joseangelaquino/laravel/gym-reservas/vendor/laravel/framework/src/Illuminate/Pipeline/Pipeline.php(170): Illuminate\\Routing\\Router->Illuminate\\Routing\\{closure}()
#11 /var/www/vhosts/ieslamarisma.net/httpdocs/proyectos/2026/joseangelaquino/laravel/gym-reservas/vendor/laravel/framework/src/Illuminate/Auth/Middleware/RedirectIfAuthenticated.php(35): Illuminate\\Pipeline\\Pipeline->Illuminate\\Pipeline\\{closure}()
#12 /var/www/vhosts/ieslamarisma.net/httpdocs/proyectos/2026/joseangelaquino/laravel/gym-reservas/vendor/laravel/framework/src/Illuminate/Pipeline/Pipeline.php(209): Illuminate\\Auth\\Middleware\\RedirectIfAuthenticated->handle()
#13 /var/www/vhosts/ieslamarisma.net/httpdocs/proyectos/2026/joseangelaquino/laravel/gym-reservas/vendor/laravel/framework/src/Illuminate/Http/Middleware/AddLinkHeadersForPreloadedAssets.php(20): Illuminate\\Pipeline\\Pipeline->Illuminate\\Pipeline\\{closure}()
#14 /var/www/vhosts/ieslamarisma.net/httpdocs/proyectos/2026/joseangelaquino/laravel/gym-reservas/vendor/laravel/framework/src/Illuminate/Pipeline/Pipeline.php(209): Illuminate\\Http\\Middleware\\AddLinkHeadersForPreloadedAssets->handle()
#15 /var/www/vhosts/ieslamarisma.net/httpdocs/proyectos/2026/joseangelaquino/laravel/gym-reservas/vendor/inertiajs/inertia-laravel/src/Middleware.php(122): Illuminate\\Pipeline\\Pipeline->Illuminate\\Pipeline\\{closure}()
#16 /var/www/vhosts/ieslamarisma.net/httpdocs/proyectos/2026/joseangelaquino/laravel/gym-reservas/vendor/laravel/framework/src/Illuminate/Pipeline/Pipeline.php(209): Inertia\\Middleware->handle()
#17 /var/www/vhosts/ieslamarisma.net/httpdocs/proyectos/2026/joseangelaquino/laravel/gym-reservas/vendor/laravel/framework/src/Illuminate/Routing/Middleware/SubstituteBindings.php(51): Illuminate\\Pipeline\\Pipeline->Illuminate\\Pipeline\\{closure}()
#18 /var/www/vhosts/ieslamarisma.net/httpdocs/proyectos/2026/joseangelaquino/laravel/gym-reservas/vendor/laravel/framework/src/Illuminate/Pipeline/Pipeline.php(209): Illuminate\\Routing\\Middleware\\SubstituteBindings->handle()
#19 /var/www/vhosts/ieslamarisma.net/httpdocs/proyectos/2026/joseangelaquino/laravel/gym-reservas/vendor/laravel/framework/src/Illuminate/Foundation/Http/Middleware/VerifyCsrfToken.php(88): Illuminate\\Pipeline\\Pipeline->Illuminate\\Pipeline\\{closure}()
#20 /var/www/vhosts/ieslamarisma.net/httpdocs/proyectos/2026/joseangelaquino/laravel/gym-reservas/vendor/laravel/framework/src/Illuminate/Pipeline/Pipeline.php(209): Illuminate\\Foundation\\Http\\Middleware\\VerifyCsrfToken->handle()
#21 /var/www/vhosts/ieslamarisma.net/httpdocs/proyectos/2026/joseangelaquino/laravel/gym-reservas/vendor/laravel/framework/src/Illuminate/View/Middleware/ShareErrorsFromSession.php(49): Illuminate\\Pipeline\\Pipeline->Illuminate\\Pipeline\\{closure}()
#22 /var/www/vhosts/ieslamarisma.net/httpdocs/proyectos/2026/joseangelaquino/laravel/gym-reservas/vendor/laravel/framework/src/Illuminate/Pipeline/Pipeline.php(209): Illuminate\\View\\Middleware\\ShareErrorsFromSession->handle()
#23 /var/www/vhosts/ieslamarisma.net/httpdocs/proyectos/2026/joseangelaquino/laravel/gym-reservas/vendor/laravel/framework/src/Illuminate/Session/Middleware/StartSession.php(121): Illuminate\\Pipeline\\Pipeline->Illuminate\\Pipeline\\{closure}()
#24 /var/www/vhosts/ieslamarisma.net/httpdocs/proyectos/2026/joseangelaquino/laravel/gym-reservas/vendor/laravel/framework/src/Illuminate/Session/Middleware/StartSession.php(64): Illuminate\\Session\\Middleware\\StartSession->handleStatefulRequest()
#25 /var/www/vhosts/ieslamarisma.net/httpdocs/proyectos/2026/joseangelaquino/laravel/gym-reservas/vendor/laravel/framework/src/Illuminate/Pipeline/Pipeline.php(209): Illuminate\\Session\\Middleware\\StartSession->handle()
#26 /var/www/vhosts/ieslamarisma.net/httpdocs/proyectos/2026/joseangelaquino/laravel/gym-reservas/vendor/laravel/framework/src/Illuminate/Cookie/Middleware/AddQueuedCookiesToResponse.php(37): Illuminate\\Pipeline\\Pipeline->Illuminate\\Pipeline\\{closure}()
#27 /var/www/vhosts/ieslamarisma.net/httpdocs/proyectos/2026/joseangelaquino/laravel/gym-reservas/vendor/laravel/framework/src/Illuminate/Pipeline/Pipeline.php(209): Illuminate\\Cookie\\Middleware\\AddQueuedCookiesToResponse->handle()
#28 /var/www/vhosts/ieslamarisma.net/httpdocs/proyectos/2026/joseangelaquino/laravel/gym-reservas/vendor/laravel/framework/src/Illuminate/Cookie/Middleware/EncryptCookies.php(75): Illuminate\\Pipeline\\Pipeline->Illuminate\\Pipeline\\{closure}()
#29 /var/www/vhosts/ieslamarisma.net/httpdocs/proyectos/2026/joseangelaquino/laravel/gym-reservas/vendor/laravel/framework/src/Illuminate/Pipeline/Pipeline.php(209): Illuminate\\Cookie\\Middleware\\EncryptCookies->handle()
#30 /var/www/vhosts/ieslamarisma.net/httpdocs/proyectos/2026/joseangelaquino/laravel/gym-reservas/vendor/laravel/framework/src/Illuminate/Pipeline/Pipeline.php(127): Illuminate\\Pipeline\\Pipeline->Illuminate\\Pipeline\\{closure}()
#31 /var/www/vhosts/ieslamarisma.net/httpdocs/proyectos/2026/joseangelaquino/laravel/gym-reservas/vendor/laravel/framework/src/Illuminate/Routing/Router.php(807): Illuminate\\Pipeline\\Pipeline->then()
#32 /var/www/vhosts/ieslamarisma.net/httpdocs/proyectos/2026/joseangelaquino/laravel/gym-reservas/vendor/laravel/framework/src/Illuminate/Routing/Router.php(786): Illuminate\\Routing\\Router->runRouteWithinStack()
#33 /var/www/vhosts/ieslamarisma.net/httpdocs/proyectos/2026/joseangelaquino/laravel/gym-reservas/vendor/laravel/framework/src/Illuminate/Routing/Router.php(750): Illuminate\\Routing\\Router->runRoute()
#34 /var/www/vhosts/ieslamarisma.net/httpdocs/proyectos/2026/joseangelaquino/laravel/gym-reservas/vendor/laravel/framework/src/Illuminate/Routing/Router.php(739): Illuminate\\Routing\\Router->dispatchToRoute()
#35 /var/www/vhosts/ieslamarisma.net/httpdocs/proyectos/2026/joseangelaquino/laravel/gym-reservas/vendor/laravel/framework/src/Illuminate/Foundation/Http/Kernel.php(201): Illuminate\\Routing\\Router->dispatch()
#36 /var/www/vhosts/ieslamarisma.net/httpdocs/proyectos/2026/joseangelaquino/laravel/gym-reservas/vendor/laravel/framework/src/Illuminate/Pipeline/Pipeline.php(170): Illuminate\\Foundation\\Http\\Kernel->Illuminate\\Foundation\\Http\\{closure}()
#37 /var/www/vhosts/ieslamarisma.net/httpdocs/proyectos/2026/joseangelaquino/laravel/gym-reservas/vendor/laravel/framework/src/Illuminate/Foundation/Http/Middleware/TransformsRequest.php(21): Illuminate\\Pipeline\\Pipeline->Illuminate\\Pipeline\\{closure}()
#38 /var/www/vhosts/ieslamarisma.net/httpdocs/proyectos/2026/joseangelaquino/laravel/gym-reservas/vendor/laravel/framework/src/Illuminate/Foundation/Http/Middleware/ConvertEmptyStringsToNull.php(31): Illuminate\\Foundation\\Http\\Middleware\\TransformsRequest->handle()
#39 /var/www/vhosts/ieslamarisma.net/httpdocs/proyectos/2026/joseangelaquino/laravel/gym-reservas/vendor/laravel/framework/src/Illuminate/Pipeline/Pipeline.php(209): Illuminate\\Foundation\\Http\\Middleware\\ConvertEmptyStringsToNull->handle()
#40 /var/www/vhosts/ieslamarisma.net/httpdocs/proyectos/2026/joseangelaquino/laravel/gym-reservas/vendor/laravel/framework/src/Illuminate/Foundation/Http/Middleware/TransformsRequest.php(21): Illuminate\\Pipeline\\Pipeline->Illuminate\\Pipeline\\{closure}()
#41 /var/www/vhosts/ieslamarisma.net/httpdocs/proyectos/2026/joseangelaquino/laravel/gym-reservas/vendor/laravel/framework/src/Illuminate/Foundation/Http/Middleware/TrimStrings.php(51): Illuminate\\Foundation\\Http\\Middleware\\TransformsRequest->handle()
#42 /var/www/vhosts/ieslamarisma.net/httpdocs/proyectos/2026/joseangelaquino/laravel/gym-reservas/vendor/laravel/framework/src/Illuminate/Pipeline/Pipeline.php(209): Illuminate\\Foundation\\Http\\Middleware\\TrimStrings->handle()
#43 /var/www/vhosts/ieslamarisma.net/httpdocs/proyectos/2026/joseangelaquino/laravel/gym-reservas/vendor/laravel/framework/src/Illuminate/Http/Middleware/ValidatePostSize.php(27): Illuminate\\Pipeline\\Pipeline->Illuminate\\Pipeline\\{closure}()
#44 /var/www/vhosts/ieslamarisma.net/httpdocs/proyectos/2026/joseangelaquino/laravel/gym-reservas/vendor/laravel/framework/src/Illuminate/Pipeline/Pipeline.php(209): Illuminate\\Http\\Middleware\\ValidatePostSize->handle()
#45 /var/www/vhosts/ieslamarisma.net/httpdocs/proyectos/2026/joseangelaquino/laravel/gym-reservas/vendor/laravel/framework/src/Illuminate/Foundation/Http/Middleware/PreventRequestsDuringMaintenance.php(110): Illuminate\\Pipeline\\Pipeline->Illuminate\\Pipeline\\{closure}()
#46 /var/www/vhosts/ieslamarisma.net/httpdocs/proyectos/2026/joseangelaquino/laravel/gym-reservas/vendor/laravel/framework/src/Illuminate/Pipeline/Pipeline.php(209): Illuminate\\Foundation\\Http\\Middleware\\PreventRequestsDuringMaintenance->handle()
#47 /var/www/vhosts/ieslamarisma.net/httpdocs/proyectos/2026/joseangelaquino/laravel/gym-reservas/vendor/laravel/framework/src/Illuminate/Http/Middleware/HandleCors.php(49): Illuminate\\Pipeline\\Pipeline->Illuminate\\Pipeline\\{closure}()
#48 /var/www/vhosts/ieslamarisma.net/httpdocs/proyectos/2026/joseangelaquino/laravel/gym-reservas/vendor/laravel/framework/src/Illuminate/Pipeline/Pipeline.php(209): Illuminate\\Http\\Middleware\\HandleCors->handle()
#49 /var/www/vhosts/ieslamarisma.net/httpdocs/proyectos/2026/joseangelaquino/laravel/gym-reservas/vendor/laravel/framework/src/Illuminate/Http/Middleware/TrustProxies.php(58): Illuminate\\Pipeline\\Pipeline->Illuminate\\Pipeline\\{closure}()
#50 /var/www/vhosts/ieslamarisma.net/httpdocs/proyectos/2026/joseangelaquino/laravel/gym-reservas/vendor/laravel/framework/src/Illuminate/Pipeline/Pipeline.php(209): Illuminate\\Http\\Middleware\\TrustProxies->handle()
#51 /var/www/vhosts/ieslamarisma.net/httpdocs/proyectos/2026/joseangelaquino/laravel/gym-reservas/vendor/laravel/framework/src/Illuminate/Foundation/Http/Middleware/InvokeDeferredCallbacks.php(22): Illuminate\\Pipeline\\Pipeline->Illuminate\\Pipeline\\{closure}()
#52 /var/www/vhosts/ieslamarisma.net/httpdocs/proyectos/2026/joseangelaquino/laravel/gym-reservas/vendor/laravel/framework/src/Illuminate/Pipeline/Pipeline.php(209): Illuminate\\Foundation\\Http\\Middleware\\InvokeDeferredCallbacks->handle()
#53 /var/www/vhosts/ieslamarisma.net/httpdocs/proyectos/2026/joseangelaquino/laravel/gym-reservas/vendor/laravel/framework/src/Illuminate/Pipeline/Pipeline.php(127): Illuminate\\Pipeline\\Pipeline->Illuminate\\Pipeline\\{closure}()
#54 /var/www/vhosts/ieslamarisma.net/httpdocs/proyectos/2026/joseangelaquino/laravel/gym-reservas/vendor/laravel/framework/src/Illuminate/Foundation/Http/Kernel.php(176): Illuminate\\Pipeline\\Pipeline->then()
#55 /var/www/vhosts/ieslamarisma.net/httpdocs/proyectos/2026/joseangelaquino/laravel/gym-reservas/vendor/laravel/framework/src/Illuminate/Foundation/Http/Kernel.php(145): Illuminate\\Foundation\\Http\\Kernel->sendRequestThroughRouter()
#56 /var/www/vhosts/ieslamarisma.net/httpdocs/proyectos/2026/joseangelaquino/laravel/gym-reservas/vendor/laravel/framework/src/Illuminate/Foundation/Application.php(1220): Illuminate\\Foundation\\Http\\Kernel->handle()
#57 /var/www/vhosts/ieslamarisma.net/httpdocs/proyectos/2026/joseangelaquino/laravel/gym-reservas/public/index.php(26): Illuminate\\Foundation\\Application->handleRequest()
#58 {main}

[previous exception] [object] (ParseError(code: 0): syntax error, unexpected end of file, expecting \"elseif\" or \"else\" or \"endif\" at /var/www/vhosts/ieslamarisma.net/httpdocs/proyectos/2026/joseangelaquino/laravel/gym-reservas/storage/framework/views/08bd678c24c6ebca26eb51391224eab6.php:290)
[stacktrace]
#0 /var/www/vhosts/ieslamarisma.net/httpdocs/proyectos/2026/joseangelaquino/laravel/gym-reservas/vendor/laravel/framework/src/Illuminate/Filesystem/Filesystem.php(124): Illuminate\\Filesystem\\Filesystem::Illuminate\\Filesystem\\{closure}()
#1 /var/www/vhosts/ieslamarisma.net/httpdocs/proyectos/2026/joseangelaquino/laravel/gym-reservas/vendor/laravel/framework/src/Illuminate/View/Engines/PhpEngine.php(58): Illuminate\\Filesystem\\Filesystem->getRequire()
#2 /var/www/vhosts/ieslamarisma.net/httpdocs/proyectos/2026/joseangelaquino/laravel/gym-reservas/vendor/laravel/framework/src/Illuminate/View/Engines/CompilerEngine.php(75): Illuminate\\View\\Engines\\PhpEngine->evaluatePath()
#3 /var/www/vhosts/ieslamarisma.net/httpdocs/proyectos/2026/joseangelaquino/laravel/gym-reservas/vendor/laravel/framework/src/Illuminate/View/View.php(209): Illuminate\\View\\Engines\\CompilerEngine->get()
#4 /var/www/vhosts/ieslamarisma.net/httpdocs/proyectos/2026/joseangelaquino/laravel/gym-reservas/vendor/laravel/framework/src/Illuminate/View/View.php(192): Illuminate\\View\\View->getContents()
#5 /var/www/vhosts/ieslamarisma.net/httpdocs/proyectos/2026/joseangelaquino/laravel/gym-reservas/vendor/laravel/framework/src/Illuminate/View/View.php(161): Illuminate\\View\\View->renderContents()
#6 /var/www/vhosts/ieslamarisma.net/httpdocs/proyectos/2026/joseangelaquino/laravel/gym-reservas/vendor/laravel/framework/src/Illuminate/Http/Response.php(79): Illuminate\\View\\View->render()
#7 /var/www/vhosts/ieslamarisma.net/httpdocs/proyectos/2026/joseangelaquino/laravel/gym-reservas/vendor/laravel/framework/src/Illuminate/Http/Response.php(35): Illuminate\\Http\\Response->setContent()
#8 /var/www/vhosts/ieslamarisma.net/httpdocs/proyectos/2026/joseangelaquino/laravel/gym-reservas/vendor/laravel/framework/src/Illuminate/Routing/Router.php(920): Illuminate\\Http\\Response->__construct()
#9 /var/www/vhosts/ieslamarisma.net/httpdocs/proyectos/2026/joseangelaquino/laravel/gym-reservas/vendor/laravel/framework/src/Illuminate/Routing/Router.php(887): Illuminate\\Routing\\Router::toResponse()
#10 /var/www/vhosts/ieslamarisma.net/httpdocs/proyectos/2026/joseangelaquino/laravel/gym-reservas/vendor/laravel/framework/src/Illuminate/Routing/Router.php(807): Illuminate\\Routing\\Router->prepareResponse()
#11 /var/www/vhosts/ieslamarisma.net/httpdocs/proyectos/2026/joseangelaquino/laravel/gym-reservas/vendor/laravel/framework/src/Illuminate/Pipeline/Pipeline.php(170): Illuminate\\Routing\\Router->Illuminate\\Routing\\{closure}()
#12 /var/www/vhosts/ieslamarisma.net/httpdocs/proyectos/2026/joseangelaquino/laravel/gym-reservas/vendor/laravel/framework/src/Illuminate/Auth/Middleware/RedirectIfAuthenticated.php(35): Illuminate\\Pipeline\\Pipeline->Illuminate\\Pipeline\\{closure}()
#13 /var/www/vhosts/ieslamarisma.net/httpdocs/proyectos/2026/joseangelaquino/laravel/gym-reservas/vendor/laravel/framework/src/Illuminate/Pipeline/Pipeline.php(209): Illuminate\\Auth\\Middleware\\RedirectIfAuthenticated->handle()
#14 /var/www/vhosts/ieslamarisma.net/httpdocs/proyectos/2026/joseangelaquino/laravel/gym-reservas/vendor/laravel/framework/src/Illuminate/Http/Middleware/AddLinkHeadersForPreloadedAssets.php(20): Illuminate\\Pipeline\\Pipeline->Illuminate\\Pipeline\\{closure}()
#15 /var/www/vhosts/ieslamarisma.net/httpdocs/proyectos/2026/joseangelaquino/laravel/gym-reservas/vendor/laravel/framework/src/Illuminate/Pipeline/Pipeline.php(209): Illuminate\\Http\\Middleware\\AddLinkHeadersForPreloadedAssets->handle()
#16 /var/www/vhosts/ieslamarisma.net/httpdocs/proyectos/2026/joseangelaquino/laravel/gym-reservas/vendor/inertiajs/inertia-laravel/src/Middleware.php(122): Illuminate\\Pipeline\\Pipeline->Illuminate\\Pipeline\\{closure}()
#17 /var/www/vhosts/ieslamarisma.net/httpdocs/proyectos/2026/joseangelaquino/laravel/gym-reservas/vendor/laravel/framework/src/Illuminate/Pipeline/Pipeline.php(209): Inertia\\Middleware->handle()
#18 /var/www/vhosts/ieslamarisma.net/httpdocs/proyectos/2026/joseangelaquino/laravel/gym-reservas/vendor/laravel/framework/src/Illuminate/Routing/Middleware/SubstituteBindings.php(51): Illuminate\\Pipeline\\Pipeline->Illuminate\\Pipeline\\{closure}()
#19 /var/www/vhosts/ieslamarisma.net/httpdocs/proyectos/2026/joseangelaquino/laravel/gym-reservas/vendor/laravel/framework/src/Illuminate/Pipeline/Pipeline.php(209): Illuminate\\Routing\\Middleware\\SubstituteBindings->handle()
#20 /var/www/vhosts/ieslamarisma.net/httpdocs/proyectos/2026/joseangelaquino/laravel/gym-reservas/vendor/laravel/framework/src/Illuminate/Foundation/Http/Middleware/VerifyCsrfToken.php(88): Illuminate\\Pipeline\\Pipeline->Illuminate\\Pipeline\\{closure}()
#21 /var/www/vhosts/ieslamarisma.net/httpdocs/proyectos/2026/joseangelaquino/laravel/gym-reservas/vendor/laravel/framework/src/Illuminate/Pipeline/Pipeline.php(209): Illuminate\\Foundation\\Http\\Middleware\\VerifyCsrfToken->handle()
#22 /var/www/vhosts/ieslamarisma.net/httpdocs/proyectos/2026/joseangelaquino/laravel/gym-reservas/vendor/laravel/framework/src/Illuminate/View/Middleware/ShareErrorsFromSession.php(49): Illuminate\\Pipeline\\Pipeline->Illuminate\\Pipeline\\{closure}()
#23 /var/www/vhosts/ieslamarisma.net/httpdocs/proyectos/2026/joseangelaquino/laravel/gym-reservas/vendor/laravel/framework/src/Illuminate/Pipeline/Pipeline.php(209): Illuminate\\View\\Middleware\\ShareErrorsFromSession->handle()
#24 /var/www/vhosts/ieslamarisma.net/httpdocs/proyectos/2026/joseangelaquino/laravel/gym-reservas/vendor/laravel/framework/src/Illuminate/Session/Middleware/StartSession.php(121): Illuminate\\Pipeline\\Pipeline->Illuminate\\Pipeline\\{closure}()
#25 /var/www/vhosts/ieslamarisma.net/httpdocs/proyectos/2026/joseangelaquino/laravel/gym-reservas/vendor/laravel/framework/src/Illuminate/Session/Middleware/StartSession.php(64): Illuminate\\Session\\Middleware\\StartSession->handleStatefulRequest()
#26 /var/www/vhosts/ieslamarisma.net/httpdocs/proyectos/2026/joseangelaquino/laravel/gym-reservas/vendor/laravel/framework/src/Illuminate/Pipeline/Pipeline.php(209): Illuminate\\Session\\Middleware\\StartSession->handle()
#27 /var/www/vhosts/ieslamarisma.net/httpdocs/proyectos/2026/joseangelaquino/laravel/gym-reservas/vendor/laravel/framework/src/Illuminate/Cookie/Middleware/AddQueuedCookiesToResponse.php(37): Illuminate\\Pipeline\\Pipeline->Illuminate\\Pipeline\\{closure}()
#28 /var/www/vhosts/ieslamarisma.net/httpdocs/proyectos/2026/joseangelaquino/laravel/gym-reservas/vendor/laravel/framework/src/Illuminate/Pipeline/Pipeline.php(209): Illuminate\\Cookie\\Middleware\\AddQueuedCookiesToResponse->handle()
#29 /var/www/vhosts/ieslamarisma.net/httpdocs/proyectos/2026/joseangelaquino/laravel/gym-reservas/vendor/laravel/framework/src/Illuminate/Cookie/Middleware/EncryptCookies.php(75): Illuminate\\Pipeline\\Pipeline->Illuminate\\Pipeline\\{closure}()
#30 /var/www/vhosts/ieslamarisma.net/httpdocs/proyectos/2026/joseangelaquino/laravel/gym-reservas/vendor/laravel/framework/src/Illuminate/Pipeline/Pipeline.php(209): Illuminate\\Cookie\\Middleware\\EncryptCookies->handle()
#31 /var/www/vhosts/ieslamarisma.net/httpdocs/proyectos/2026/joseangelaquino/laravel/gym-reservas/vendor/laravel/framework/src/Illuminate/Pipeline/Pipeline.php(127): Illuminate\\Pipeline\\Pipeline->Illuminate\\Pipeline\\{closure}()
#32 /var/www/vhosts/ieslamarisma.net/httpdocs/proyectos/2026/joseangelaquino/laravel/gym-reservas/vendor/laravel/framework/src/Illuminate/Routing/Router.php(807): Illuminate\\Pipeline\\Pipeline->then()
#33 /var/www/vhosts/ieslamarisma.net/httpdocs/proyectos/2026/joseangelaquino/laravel/gym-reservas/vendor/laravel/framework/src/Illuminate/Routing/Router.php(786): Illuminate\\Routing\\Router->runRouteWithinStack()
#34 /var/www/vhosts/ieslamarisma.net/httpdocs/proyectos/2026/joseangelaquino/laravel/gym-reservas/vendor/laravel/framework/src/Illuminate/Routing/Router.php(750): Illuminate\\Routing\\Router->runRoute()
#35 /var/www/vhosts/ieslamarisma.net/httpdocs/proyectos/2026/joseangelaquino/laravel/gym-reservas/vendor/laravel/framework/src/Illuminate/Routing/Router.php(739): Illuminate\\Routing\\Router->dispatchToRoute()
#36 /var/www/vhosts/ieslamarisma.net/httpdocs/proyectos/2026/joseangelaquino/laravel/gym-reservas/vendor/laravel/framework/src/Illuminate/Foundation/Http/Kernel.php(201): Illuminate\\Routing\\Router->dispatch()
#37 /var/www/vhosts/ieslamarisma.net/httpdocs/proyectos/2026/joseangelaquino/laravel/gym-reservas/vendor/laravel/framework/src/Illuminate/Pipeline/Pipeline.php(170): Illuminate\\Foundation\\Http\\Kernel->Illuminate\\Foundation\\Http\\{closure}()
#38 /var/www/vhosts/ieslamarisma.net/httpdocs/proyectos/2026/joseangelaquino/laravel/gym-reservas/vendor/laravel/framework/src/Illuminate/Foundation/Http/Middleware/TransformsRequest.php(21): Illuminate\\Pipeline\\Pipeline->Illuminate\\Pipeline\\{closure}()
#39 /var/www/vhosts/ieslamarisma.net/httpdocs/proyectos/2026/joseangelaquino/laravel/gym-reservas/vendor/laravel/framework/src/Illuminate/Foundation/Http/Middleware/ConvertEmptyStringsToNull.php(31): Illuminate\\Foundation\\Http\\Middleware\\TransformsRequest->handle()
#40 /var/www/vhosts/ieslamarisma.net/httpdocs/proyectos/2026/joseangelaquino/laravel/gym-reservas/vendor/laravel/framework/src/Illuminate/Pipeline/Pipeline.php(209): Illuminate\\Foundation\\Http\\Middleware\\ConvertEmptyStringsToNull->handle()
#41 /var/www/vhosts/ieslamarisma.net/httpdocs/proyectos/2026/joseangelaquino/laravel/gym-reservas/vendor/laravel/framework/src/Illuminate/Foundation/Http/Middleware/TransformsRequest.php(21): Illuminate\\Pipeline\\Pipeline->Illuminate\\Pipeline\\{closure}()
#42 /var/www/vhosts/ieslamarisma.net/httpdocs/proyectos/2026/joseangelaquino/laravel/gym-reservas/vendor/laravel/framework/src/Illuminate/Foundation/Http/Middleware/TrimStrings.php(51): Illuminate\\Foundation\\Http\\Middleware\\TransformsRequest->handle()
#43 /var/www/vhosts/ieslamarisma.net/httpdocs/proyectos/2026/joseangelaquino/laravel/gym-reservas/vendor/laravel/framework/src/Illuminate/Pipeline/Pipeline.php(209): Illuminate\\Foundation\\Http\\Middleware\\TrimStrings->handle()
#44 /var/www/vhosts/ieslamarisma.net/httpdocs/proyectos/2026/joseangelaquino/laravel/gym-reservas/vendor/laravel/framework/src/Illuminate/Http/Middleware/ValidatePostSize.php(27): Illuminate\\Pipeline\\Pipeline->Illuminate\\Pipeline\\{closure}()
#45 /var/www/vhosts/ieslamarisma.net/httpdocs/proyectos/2026/joseangelaquino/laravel/gym-reservas/vendor/laravel/framework/src/Illuminate/Pipeline/Pipeline.php(209): Illuminate\\Http\\Middleware\\ValidatePostSize->handle()
#46 /var/www/vhosts/ieslamarisma.net/httpdocs/proyectos/2026/joseangelaquino/laravel/gym-reservas/vendor/laravel/framework/src/Illuminate/Foundation/Http/Middleware/PreventRequestsDuringMaintenance.php(110): Illuminate\\Pipeline\\Pipeline->Illuminate\\Pipeline\\{closure}()
#47 /var/www/vhosts/ieslamarisma.net/httpdocs/proyectos/2026/joseangelaquino/laravel/gym-reservas/vendor/laravel/framework/src/Illuminate/Pipeline/Pipeline.php(209): Illuminate\\Foundation\\Http\\Middleware\\PreventRequestsDuringMaintenance->handle()
#48 /var/www/vhosts/ieslamarisma.net/httpdocs/proyectos/2026/joseangelaquino/laravel/gym-reservas/vendor/laravel/framework/src/Illuminate/Http/Middleware/HandleCors.php(49): Illuminate\\Pipeline\\Pipeline->Illuminate\\Pipeline\\{closure}()
#49 /var/www/vhosts/ieslamarisma.net/httpdocs/proyectos/2026/joseangelaquino/laravel/gym-reservas/vendor/laravel/framework/src/Illuminate/Pipeline/Pipeline.php(209): Illuminate\\Http\\Middleware\\HandleCors->handle()
#50 /var/www/vhosts/ieslamarisma.net/httpdocs/proyectos/2026/joseangelaquino/laravel/gym-reservas/vendor/laravel/framework/src/Illuminate/Http/Middleware/TrustProxies.php(58): Illuminate\\Pipeline\\Pipeline->Illuminate\\Pipeline\\{closure}()
#51 /var/www/vhosts/ieslamarisma.net/httpdocs/proyectos/2026/joseangelaquino/laravel/gym-reservas/vendor/laravel/framework/src/Illuminate/Pipeline/Pipeline.php(209): Illuminate\\Http\\Middleware\\TrustProxies->handle()
#52 /var/www/vhosts/ieslamarisma.net/httpdocs/proyectos/2026/joseangelaquino/laravel/gym-reservas/vendor/laravel/framework/src/Illuminate/Foundation/Http/Middleware/InvokeDeferredCallbacks.php(22): Illuminate\\Pipeline\\Pipeline->Illuminate\\Pipeline\\{closure}()
#53 /var/www/vhosts/ieslamarisma.net/httpdocs/proyectos/2026/joseangelaquino/laravel/gym-reservas/vendor/laravel/framework/src/Illuminate/Pipeline/Pipeline.php(209): Illuminate\\Foundation\\Http\\Middleware\\InvokeDeferredCallbacks->handle()
#54 /var/www/vhosts/ieslamarisma.net/httpdocs/proyectos/2026/joseangelaquino/laravel/gym-reservas/vendor/laravel/framework/src/Illuminate/Pipeline/Pipeline.php(127): Illuminate\\Pipeline\\Pipeline->Illuminate\\Pipeline\\{closure}()
#55 /var/www/vhosts/ieslamarisma.net/httpdocs/proyectos/2026/joseangelaquino/laravel/gym-reservas/vendor/laravel/framework/src/Illuminate/Foundation/Http/Kernel.php(176): Illuminate\\Pipeline\\Pipeline->then()
#56 /var/www/vhosts/ieslamarisma.net/httpdocs/proyectos/2026/joseangelaquino/laravel/gym-reservas/vendor/laravel/framework/src/Illuminate/Foundation/Http/Kernel.php(145): Illuminate\\Foundation\\Http\\Kernel->sendRequestThroughRouter()
#57 /var/www/vhosts/ieslamarisma.net/httpdocs/proyectos/2026/joseangelaquino/laravel/gym-reservas/vendor/laravel/framework/src/Illuminate/Foundation/Application.php(1220): Illuminate\\Foundation\\Http\\Kernel->handle()
#58 /var/www/vhosts/ieslamarisma.net/httpdocs/proyectos/2026/joseangelaquino/laravel/gym-reservas/public/index.php(26): Illuminate\\Foundation\\Application->handleRequest()
#59 {main}
"} 
[2026-04-12 16:59:06] production.ERROR: syntax error, unexpected end of file, expecting "elseif" or "else" or "endif" (View: /var/www/vhosts/ieslamarisma.net/httpdocs/proyectos/2026/joseangelaquino/laravel/gym-reservas/resources/views/auth/register.blade.php) {"exception":"[object] (Illuminate\\View\\ViewException(code: 0): syntax error, unexpected end of file, expecting \"elseif\" or \"else\" or \"endif\" (View: /var/www/vhosts/ieslamarisma.net/httpdocs/proyectos/2026/joseangelaquino/laravel/gym-reservas/resources/views/auth/register.blade.php) at /var/www/vhosts/ieslamarisma.net/httpdocs/proyectos/2026/joseangelaquino/laravel/gym-reservas/storage/framework/views/08bd678c24c6ebca26eb51391224eab6.php:290)
[stacktrace]
#0 /var/www/vhosts/ieslamarisma.net/httpdocs/proyectos/2026/joseangelaquino/laravel/gym-reservas/vendor/laravel/framework/src/Illuminate/View/Engines/PhpEngine.php(60): Illuminate\\View\\Engines\\CompilerEngine->handleViewException()
#1 /var/www/vhosts/ieslamarisma.net/httpdocs/proyectos/2026/joseangelaquino/laravel/gym-reservas/vendor/laravel/framework/src/Illuminate/View/Engines/CompilerEngine.php(75): Illuminate\\View\\Engines\\PhpEngine->evaluatePath()
#2 /var/www/vhosts/ieslamarisma.net/httpdocs/proyectos/2026/joseangelaquino/laravel/gym-reservas/vendor/laravel/framework/src/Illuminate/View/View.php(209): Illuminate\\View\\Engines\\CompilerEngine->get()
#3 /var/www/vhosts/ieslamarisma.net/httpdocs/proyectos/2026/joseangelaquino/laravel/gym-reservas/vendor/laravel/framework/src/Illuminate/View/View.php(192): Illuminate\\View\\View->getContents()
#4 /var/www/vhosts/ieslamarisma.net/httpdocs/proyectos/2026/joseangelaquino/laravel/gym-reservas/vendor/laravel/framework/src/Illuminate/View/View.php(161): Illuminate\\View\\View->renderContents()
#5 /var/www/vhosts/ieslamarisma.net/httpdocs/proyectos/2026/joseangelaquino/laravel/gym-reservas/vendor/laravel/framework/src/Illuminate/Http/Response.php(79): Illuminate\\View\\View->render()
#6 /var/www/vhosts/ieslamarisma.net/httpdocs/proyectos/2026/joseangelaquino/laravel/gym-reservas/vendor/laravel/framework/src/Illuminate/Http/Response.php(35): Illuminate\\Http\\Response->setContent()
#7 /var/www/vhosts/ieslamarisma.net/httpdocs/proyectos/2026/joseangelaquino/laravel/gym-reservas/vendor/laravel/framework/src/Illuminate/Routing/Router.php(920): Illuminate\\Http\\Response->__construct()
#8 /var/www/vhosts/ieslamarisma.net/httpdocs/proyectos/2026/joseangelaquino/laravel/gym-reservas/vendor/laravel/framework/src/Illuminate/Routing/Router.php(887): Illuminate\\Routing\\Router::toResponse()
#9 /var/www/vhosts/ieslamarisma.net/httpdocs/proyectos/2026/joseangelaquino/laravel/gym-reservas/vendor/laravel/framework/src/Illuminate/Routing/Router.php(807): Illuminate\\Routing\\Router->prepareResponse()
#10 /var/www/vhosts/ieslamarisma.net/httpdocs/proyectos/2026/joseangelaquino/laravel/gym-reservas/vendor/laravel/framework/src/Illuminate/Pipeline/Pipeline.php(170): Illuminate\\Routing\\Router->Illuminate\\Routing\\{closure}()
#11 /var/www/vhosts/ieslamarisma.net/httpdocs/proyectos/2026/joseangelaquino/laravel/gym-reservas/vendor/laravel/framework/src/Illuminate/Auth/Middleware/RedirectIfAuthenticated.php(35): Illuminate\\Pipeline\\Pipeline->Illuminate\\Pipeline\\{closure}()
#12 /var/www/vhosts/ieslamarisma.net/httpdocs/proyectos/2026/joseangelaquino/laravel/gym-reservas/vendor/laravel/framework/src/Illuminate/Pipeline/Pipeline.php(209): Illuminate\\Auth\\Middleware\\RedirectIfAuthenticated->handle()
#13 /var/www/vhosts/ieslamarisma.net/httpdocs/proyectos/2026/joseangelaquino/laravel/gym-reservas/vendor/laravel/framework/src/Illuminate/Http/Middleware/AddLinkHeadersForPreloadedAssets.php(20): Illuminate\\Pipeline\\Pipeline->Illuminate\\Pipeline\\{closure}()
#14 /var/www/vhosts/ieslamarisma.net/httpdocs/proyectos/2026/joseangelaquino/laravel/gym-reservas/vendor/laravel/framework/src/Illuminate/Pipeline/Pipeline.php(209): Illuminate\\Http\\Middleware\\AddLinkHeadersForPreloadedAssets->handle()
#15 /var/www/vhosts/ieslamarisma.net/httpdocs/proyectos/2026/joseangelaquino/laravel/gym-reservas/vendor/inertiajs/inertia-laravel/src/Middleware.php(122): Illuminate\\Pipeline\\Pipeline->Illuminate\\Pipeline\\{closure}()
#16 /var/www/vhosts/ieslamarisma.net/httpdocs/proyectos/2026/joseangelaquino/laravel/gym-reservas/vendor/laravel/framework/src/Illuminate/Pipeline/Pipeline.php(209): Inertia\\Middleware->handle()
#17 /var/www/vhosts/ieslamarisma.net/httpdocs/proyectos/2026/joseangelaquino/laravel/gym-reservas/vendor/laravel/framework/src/Illuminate/Routing/Middleware/SubstituteBindings.php(51): Illuminate\\Pipeline\\Pipeline->Illuminate\\Pipeline\\{closure}()
#18 /var/www/vhosts/ieslamarisma.net/httpdocs/proyectos/2026/joseangelaquino/laravel/gym-reservas/vendor/laravel/framework/src/Illuminate/Pipeline/Pipeline.php(209): Illuminate\\Routing\\Middleware\\SubstituteBindings->handle()
#19 /var/www/vhosts/ieslamarisma.net/httpdocs/proyectos/2026/joseangelaquino/laravel/gym-reservas/vendor/laravel/framework/src/Illuminate/Foundation/Http/Middleware/VerifyCsrfToken.php(88): Illuminate\\Pipeline\\Pipeline->Illuminate\\Pipeline\\{closure}()
#20 /var/www/vhosts/ieslamarisma.net/httpdocs/proyectos/2026/joseangelaquino/laravel/gym-reservas/vendor/laravel/framework/src/Illuminate/Pipeline/Pipeline.php(209): Illuminate\\Foundation\\Http\\Middleware\\VerifyCsrfToken->handle()
#21 /var/www/vhosts/ieslamarisma.net/httpdocs/proyectos/2026/joseangelaquino/laravel/gym-reservas/vendor/laravel/framework/src/Illuminate/View/Middleware/ShareErrorsFromSession.php(49): Illuminate\\Pipeline\\Pipeline->Illuminate\\Pipeline\\{closure}()
#22 /var/www/vhosts/ieslamarisma.net/httpdocs/proyectos/2026/joseangelaquino/laravel/gym-reservas/vendor/laravel/framework/src/Illuminate/Pipeline/Pipeline.php(209): Illuminate\\View\\Middleware\\ShareErrorsFromSession->handle()
#23 /var/www/vhosts/ieslamarisma.net/httpdocs/proyectos/2026/joseangelaquino/laravel/gym-reservas/vendor/laravel/framework/src/Illuminate/Session/Middleware/StartSession.php(121): Illuminate\\Pipeline\\Pipeline->Illuminate\\Pipeline\\{closure}()
#24 /var/www/vhosts/ieslamarisma.net/httpdocs/proyectos/2026/joseangelaquino/laravel/gym-reservas/vendor/laravel/framework/src/Illuminate/Session/Middleware/StartSession.php(64): Illuminate\\Session\\Middleware\\StartSession->handleStatefulRequest()
#25 /var/www/vhosts/ieslamarisma.net/httpdocs/proyectos/2026/joseangelaquino/laravel/gym-reservas/vendor/laravel/framework/src/Illuminate/Pipeline/Pipeline.php(209): Illuminate\\Session\\Middleware\\StartSession->handle()
#26 /var/www/vhosts/ieslamarisma.net/httpdocs/proyectos/2026/joseangelaquino/laravel/gym-reservas/vendor/laravel/framework/src/Illuminate/Cookie/Middleware/AddQueuedCookiesToResponse.php(37): Illuminate\\Pipeline\\Pipeline->Illuminate\\Pipeline\\{closure}()
#27 /var/www/vhosts/ieslamarisma.net/httpdocs/proyectos/2026/joseangelaquino/laravel/gym-reservas/vendor/laravel/framework/src/Illuminate/Pipeline/Pipeline.php(209): Illuminate\\Cookie\\Middleware\\AddQueuedCookiesToResponse->handle()
#28 /var/www/vhosts/ieslamarisma.net/httpdocs/proyectos/2026/joseangelaquino/laravel/gym-reservas/vendor/laravel/framework/src/Illuminate/Cookie/Middleware/EncryptCookies.php(75): Illuminate\\Pipeline\\Pipeline->Illuminate\\Pipeline\\{closure}()
#29 /var/www/vhosts/ieslamarisma.net/httpdocs/proyectos/2026/joseangelaquino/laravel/gym-reservas/vendor/laravel/framework/src/Illuminate/Pipeline/Pipeline.php(209): Illuminate\\Cookie\\Middleware\\EncryptCookies->handle()
#30 /var/www/vhosts/ieslamarisma.net/httpdocs/proyectos/2026/joseangelaquino/laravel/gym-reservas/vendor/laravel/framework/src/Illuminate/Pipeline/Pipeline.php(127): Illuminate\\Pipeline\\Pipeline->Illuminate\\Pipeline\\{closure}()
#31 /var/www/vhosts/ieslamarisma.net/httpdocs/proyectos/2026/joseangelaquino/laravel/gym-reservas/vendor/laravel/framework/src/Illuminate/Routing/Router.php(807): Illuminate\\Pipeline\\Pipeline->then()
#32 /var/www/vhosts/ieslamarisma.net/httpdocs/proyectos/2026/joseangelaquino/laravel/gym-reservas/vendor/laravel/framework/src/Illuminate/Routing/Router.php(786): Illuminate\\Routing\\Router->runRouteWithinStack()
#33 /var/www/vhosts/ieslamarisma.net/httpdocs/proyectos/2026/joseangelaquino/laravel/gym-reservas/vendor/laravel/framework/src/Illuminate/Routing/Router.php(750): Illuminate\\Routing\\Router->runRoute()
#34 /var/www/vhosts/ieslamarisma.net/httpdocs/proyectos/2026/joseangelaquino/laravel/gym-reservas/vendor/laravel/framework/src/Illuminate/Routing/Router.php(739): Illuminate\\Routing\\Router->dispatchToRoute()
#35 /var/www/vhosts/ieslamarisma.net/httpdocs/proyectos/2026/joseangelaquino/laravel/gym-reservas/vendor/laravel/framework/src/Illuminate/Foundation/Http/Kernel.php(201): Illuminate\\Routing\\Router->dispatch()
#36 /var/www/vhosts/ieslamarisma.net/httpdocs/proyectos/2026/joseangelaquino/laravel/gym-reservas/vendor/laravel/framework/src/Illuminate/Pipeline/Pipeline.php(170): Illuminate\\Foundation\\Http\\Kernel->Illuminate\\Foundation\\Http\\{closure}()
#37 /var/www/vhosts/ieslamarisma.net/httpdocs/proyectos/2026/joseangelaquino/laravel/gym-reservas/vendor/laravel/framework/src/Illuminate/Foundation/Http/Middleware/TransformsRequest.php(21): Illuminate\\Pipeline\\Pipeline->Illuminate\\Pipeline\\{closure}()
#38 /var/www/vhosts/ieslamarisma.net/httpdocs/proyectos/2026/joseangelaquino/laravel/gym-reservas/vendor/laravel/framework/src/Illuminate/Foundation/Http/Middleware/ConvertEmptyStringsToNull.php(31): Illuminate\\Foundation\\Http\\Middleware\\TransformsRequest->handle()
#39 /var/www/vhosts/ieslamarisma.net/httpdocs/proyectos/2026/joseangelaquino/laravel/gym-reservas/vendor/laravel/framework/src/Illuminate/Pipeline/Pipeline.php(209): Illuminate\\Foundation\\Http\\Middleware\\ConvertEmptyStringsToNull->handle()
#40 /var/www/vhosts/ieslamarisma.net/httpdocs/proyectos/2026/joseangelaquino/laravel/gym-reservas/vendor/laravel/framework/src/Illuminate/Foundation/Http/Middleware/TransformsRequest.php(21): Illuminate\\Pipeline\\Pipeline->Illuminate\\Pipeline\\{closure}()
#41 /var/www/vhosts/ieslamarisma.net/httpdocs/proyectos/2026/joseangelaquino/laravel/gym-reservas/vendor/laravel/framework/src/Illuminate/Foundation/Http/Middleware/TrimStrings.php(51): Illuminate\\Foundation\\Http\\Middleware\\TransformsRequest->handle()
#42 /var/www/vhosts/ieslamarisma.net/httpdocs/proyectos/2026/joseangelaquino/laravel/gym-reservas/vendor/laravel/framework/src/Illuminate/Pipeline/Pipeline.php(209): Illuminate\\Foundation\\Http\\Middleware\\TrimStrings->handle()
#43 /var/www/vhosts/ieslamarisma.net/httpdocs/proyectos/2026/joseangelaquino/laravel/gym-reservas/vendor/laravel/framework/src/Illuminate/Http/Middleware/ValidatePostSize.php(27): Illuminate\\Pipeline\\Pipeline->Illuminate\\Pipeline\\{closure}()
#44 /var/www/vhosts/ieslamarisma.net/httpdocs/proyectos/2026/joseangelaquino/laravel/gym-reservas/vendor/laravel/framework/src/Illuminate/Pipeline/Pipeline.php(209): Illuminate\\Http\\Middleware\\ValidatePostSize->handle()
#45 /var/www/vhosts/ieslamarisma.net/httpdocs/proyectos/2026/joseangelaquino/laravel/gym-reservas/vendor/laravel/framework/src/Illuminate/Foundation/Http/Middleware/PreventRequestsDuringMaintenance.php(110): Illuminate\\Pipeline\\Pipeline->Illuminate\\Pipeline\\{closure}()
#46 /var/www/vhosts/ieslamarisma.net/httpdocs/proyectos/2026/joseangelaquino/laravel/gym-reservas/vendor/laravel/framework/src/Illuminate/Pipeline/Pipeline.php(209): Illuminate\\Foundation\\Http\\Middleware\\PreventRequestsDuringMaintenance->handle()
#47 /var/www/vhosts/ieslamarisma.net/httpdocs/proyectos/2026/joseangelaquino/laravel/gym-reservas/vendor/laravel/framework/src/Illuminate/Http/Middleware/HandleCors.php(49): Illuminate\\Pipeline\\Pipeline->Illuminate\\Pipeline\\{closure}()
#48 /var/www/vhosts/ieslamarisma.net/httpdocs/proyectos/2026/joseangelaquino/laravel/gym-reservas/vendor/laravel/framework/src/Illuminate/Pipeline/Pipeline.php(209): Illuminate\\Http\\Middleware\\HandleCors->handle()
#49 /var/www/vhosts/ieslamarisma.net/httpdocs/proyectos/2026/joseangelaquino/laravel/gym-reservas/vendor/laravel/framework/src/Illuminate/Http/Middleware/TrustProxies.php(58): Illuminate\\Pipeline\\Pipeline->Illuminate\\Pipeline\\{closure}()
#50 /var/www/vhosts/ieslamarisma.net/httpdocs/proyectos/2026/joseangelaquino/laravel/gym-reservas/vendor/laravel/framework/src/Illuminate/Pipeline/Pipeline.php(209): Illuminate\\Http\\Middleware\\TrustProxies->handle()
#51 /var/www/vhosts/ieslamarisma.net/httpdocs/proyectos/2026/joseangelaquino/laravel/gym-reservas/vendor/laravel/framework/src/Illuminate/Foundation/Http/Middleware/InvokeDeferredCallbacks.php(22): Illuminate\\Pipeline\\Pipeline->Illuminate\\Pipeline\\{closure}()
#52 /var/www/vhosts/ieslamarisma.net/httpdocs/proyectos/2026/joseangelaquino/laravel/gym-reservas/vendor/laravel/framework/src/Illuminate/Pipeline/Pipeline.php(209): Illuminate\\Foundation\\Http\\Middleware\\InvokeDeferredCallbacks->handle()
#53 /var/www/vhosts/ieslamarisma.net/httpdocs/proyectos/2026/joseangelaquino/laravel/gym-reservas/vendor/laravel/framework/src/Illuminate/Pipeline/Pipeline.php(127): Illuminate\\Pipeline\\Pipeline->Illuminate\\Pipeline\\{closure}()
#54 /var/www/vhosts/ieslamarisma.net/httpdocs/proyectos/2026/joseangelaquino/laravel/gym-reservas/vendor/laravel/framework/src/Illuminate/Foundation/Http/Kernel.php(176): Illuminate\\Pipeline\\Pipeline->then()
#55 /var/www/vhosts/ieslamarisma.net/httpdocs/proyectos/2026/joseangelaquino/laravel/gym-reservas/vendor/laravel/framework/src/Illuminate/Foundation/Http/Kernel.php(145): Illuminate\\Foundation\\Http\\Kernel->sendRequestThroughRouter()
#56 /var/www/vhosts/ieslamarisma.net/httpdocs/proyectos/2026/joseangelaquino/laravel/gym-reservas/vendor/laravel/framework/src/Illuminate/Foundation/Application.php(1220): Illuminate\\Foundation\\Http\\Kernel->handle()
#57 /var/www/vhosts/ieslamarisma.net/httpdocs/proyectos/2026/joseangelaquino/laravel/gym-reservas/public/index.php(26): Illuminate\\Foundation\\Application->handleRequest()
#58 {main}

[previous exception] [object] (ParseError(code: 0): syntax error, unexpected end of file, expecting \"elseif\" or \"else\" or \"endif\" at /var/www/vhosts/ieslamarisma.net/httpdocs/proyectos/2026/joseangelaquino/laravel/gym-reservas/storage/framework/views/08bd678c24c6ebca26eb51391224eab6.php:290)
[stacktrace]
#0 /var/www/vhosts/ieslamarisma.net/httpdocs/proyectos/2026/joseangelaquino/laravel/gym-reservas/vendor/laravel/framework/src/Illuminate/Filesystem/Filesystem.php(124): Illuminate\\Filesystem\\Filesystem::Illuminate\\Filesystem\\{closure}()
#1 /var/www/vhosts/ieslamarisma.net/httpdocs/proyectos/2026/joseangelaquino/laravel/gym-reservas/vendor/laravel/framework/src/Illuminate/View/Engines/PhpEngine.php(58): Illuminate\\Filesystem\\Filesystem->getRequire()
#2 /var/www/vhosts/ieslamarisma.net/httpdocs/proyectos/2026/joseangelaquino/laravel/gym-reservas/vendor/laravel/framework/src/Illuminate/View/Engines/CompilerEngine.php(75): Illuminate\\View\\Engines\\PhpEngine->evaluatePath()
#3 /var/www/vhosts/ieslamarisma.net/httpdocs/proyectos/2026/joseangelaquino/laravel/gym-reservas/vendor/laravel/framework/src/Illuminate/View/View.php(209): Illuminate\\View\\Engines\\CompilerEngine->get()
#4 /var/www/vhosts/ieslamarisma.net/httpdocs/proyectos/2026/joseangelaquino/laravel/gym-reservas/vendor/laravel/framework/src/Illuminate/View/View.php(192): Illuminate\\View\\View->getContents()
#5 /var/www/vhosts/ieslamarisma.net/httpdocs/proyectos/2026/joseangelaquino/laravel/gym-reservas/vendor/laravel/framework/src/Illuminate/View/View.php(161): Illuminate\\View\\View->renderContents()
#6 /var/www/vhosts/ieslamarisma.net/httpdocs/proyectos/2026/joseangelaquino/laravel/gym-reservas/vendor/laravel/framework/src/Illuminate/Http/Response.php(79): Illuminate\\View\\View->render()
#7 /var/www/vhosts/ieslamarisma.net/httpdocs/proyectos/2026/joseangelaquino/laravel/gym-reservas/vendor/laravel/framework/src/Illuminate/Http/Response.php(35): Illuminate\\Http\\Response->setContent()
#8 /var/www/vhosts/ieslamarisma.net/httpdocs/proyectos/2026/joseangelaquino/laravel/gym-reservas/vendor/laravel/framework/src/Illuminate/Routing/Router.php(920): Illuminate\\Http\\Response->__construct()
#9 /var/www/vhosts/ieslamarisma.net/httpdocs/proyectos/2026/joseangelaquino/laravel/gym-reservas/vendor/laravel/framework/src/Illuminate/Routing/Router.php(887): Illuminate\\Routing\\Router::toResponse()
#10 /var/www/vhosts/ieslamarisma.net/httpdocs/proyectos/2026/joseangelaquino/laravel/gym-reservas/vendor/laravel/framework/src/Illuminate/Routing/Router.php(807): Illuminate\\Routing\\Router->prepareResponse()
#11 /var/www/vhosts/ieslamarisma.net/httpdocs/proyectos/2026/joseangelaquino/laravel/gym-reservas/vendor/laravel/framework/src/Illuminate/Pipeline/Pipeline.php(170): Illuminate\\Routing\\Router->Illuminate\\Routing\\{closure}()
#12 /var/www/vhosts/ieslamarisma.net/httpdocs/proyectos/2026/joseangelaquino/laravel/gym-reservas/vendor/laravel/framework/src/Illuminate/Auth/Middleware/RedirectIfAuthenticated.php(35): Illuminate\\Pipeline\\Pipeline->Illuminate\\Pipeline\\{closure}()
#13 /var/www/vhosts/ieslamarisma.net/httpdocs/proyectos/2026/joseangelaquino/laravel/gym-reservas/vendor/laravel/framework/src/Illuminate/Pipeline/Pipeline.php(209): Illuminate\\Auth\\Middleware\\RedirectIfAuthenticated->handle()
#14 /var/www/vhosts/ieslamarisma.net/httpdocs/proyectos/2026/joseangelaquino/laravel/gym-reservas/vendor/laravel/framework/src/Illuminate/Http/Middleware/AddLinkHeadersForPreloadedAssets.php(20): Illuminate\\Pipeline\\Pipeline->Illuminate\\Pipeline\\{closure}()
#15 /var/www/vhosts/ieslamarisma.net/httpdocs/proyectos/2026/joseangelaquino/laravel/gym-reservas/vendor/laravel/framework/src/Illuminate/Pipeline/Pipeline.php(209): Illuminate\\Http\\Middleware\\AddLinkHeadersForPreloadedAssets->handle()
#16 /var/www/vhosts/ieslamarisma.net/httpdocs/proyectos/2026/joseangelaquino/laravel/gym-reservas/vendor/inertiajs/inertia-laravel/src/Middleware.php(122): Illuminate\\Pipeline\\Pipeline->Illuminate\\Pipeline\\{closure}()
#17 /var/www/vhosts/ieslamarisma.net/httpdocs/proyectos/2026/joseangelaquino/laravel/gym-reservas/vendor/laravel/framework/src/Illuminate/Pipeline/Pipeline.php(209): Inertia\\Middleware->handle()
#18 /var/www/vhosts/ieslamarisma.net/httpdocs/proyectos/2026/joseangelaquino/laravel/gym-reservas/vendor/laravel/framework/src/Illuminate/Routing/Middleware/SubstituteBindings.php(51): Illuminate\\Pipeline\\Pipeline->Illuminate\\Pipeline\\{closure}()
#19 /var/www/vhosts/ieslamarisma.net/httpdocs/proyectos/2026/joseangelaquino/laravel/gym-reservas/vendor/laravel/framework/src/Illuminate/Pipeline/Pipeline.php(209): Illuminate\\Routing\\Middleware\\SubstituteBindings->handle()
#20 /var/www/vhosts/ieslamarisma.net/httpdocs/proyectos/2026/joseangelaquino/laravel/gym-reservas/vendor/laravel/framework/src/Illuminate/Foundation/Http/Middleware/VerifyCsrfToken.php(88): Illuminate\\Pipeline\\Pipeline->Illuminate\\Pipeline\\{closure}()
#21 /var/www/vhosts/ieslamarisma.net/httpdocs/proyectos/2026/joseangelaquino/laravel/gym-reservas/vendor/laravel/framework/src/Illuminate/Pipeline/Pipeline.php(209): Illuminate\\Foundation\\Http\\Middleware\\VerifyCsrfToken->handle()
#22 /var/www/vhosts/ieslamarisma.net/httpdocs/proyectos/2026/joseangelaquino/laravel/gym-reservas/vendor/laravel/framework/src/Illuminate/View/Middleware/ShareErrorsFromSession.php(49): Illuminate\\Pipeline\\Pipeline->Illuminate\\Pipeline\\{closure}()
#23 /var/www/vhosts/ieslamarisma.net/httpdocs/proyectos/2026/joseangelaquino/laravel/gym-reservas/vendor/laravel/framework/src/Illuminate/Pipeline/Pipeline.php(209): Illuminate\\View\\Middleware\\ShareErrorsFromSession->handle()
#24 /var/www/vhosts/ieslamarisma.net/httpdocs/proyectos/2026/joseangelaquino/laravel/gym-reservas/vendor/laravel/framework/src/Illuminate/Session/Middleware/StartSession.php(121): Illuminate\\Pipeline\\Pipeline->Illuminate\\Pipeline\\{closure}()
#25 /var/www/vhosts/ieslamarisma.net/httpdocs/proyectos/2026/joseangelaquino/laravel/gym-reservas/vendor/laravel/framework/src/Illuminate/Session/Middleware/StartSession.php(64): Illuminate\\Session\\Middleware\\StartSession->handleStatefulRequest()
#26 /var/www/vhosts/ieslamarisma.net/httpdocs/proyectos/2026/joseangelaquino/laravel/gym-reservas/vendor/laravel/framework/src/Illuminate/Pipeline/Pipeline.php(209): Illuminate\\Session\\Middleware\\StartSession->handle()
#27 /var/www/vhosts/ieslamarisma.net/httpdocs/proyectos/2026/joseangelaquino/laravel/gym-reservas/vendor/laravel/framework/src/Illuminate/Cookie/Middleware/AddQueuedCookiesToResponse.php(37): Illuminate\\Pipeline\\Pipeline->Illuminate\\Pipeline\\{closure}()
#28 /var/www/vhosts/ieslamarisma.net/httpdocs/proyectos/2026/joseangelaquino/laravel/gym-reservas/vendor/laravel/framework/src/Illuminate/Pipeline/Pipeline.php(209): Illuminate\\Cookie\\Middleware\\AddQueuedCookiesToResponse->handle()
#29 /var/www/vhosts/ieslamarisma.net/httpdocs/proyectos/2026/joseangelaquino/laravel/gym-reservas/vendor/laravel/framework/src/Illuminate/Cookie/Middleware/EncryptCookies.php(75): Illuminate\\Pipeline\\Pipeline->Illuminate\\Pipeline\\{closure}()
#30 /var/www/vhosts/ieslamarisma.net/httpdocs/proyectos/2026/joseangelaquino/laravel/gym-reservas/vendor/laravel/framework/src/Illuminate/Pipeline/Pipeline.php(209): Illuminate\\Cookie\\Middleware\\EncryptCookies->handle()
#31 /var/www/vhosts/ieslamarisma.net/httpdocs/proyectos/2026/joseangelaquino/laravel/gym-reservas/vendor/laravel/framework/src/Illuminate/Pipeline/Pipeline.php(127): Illuminate\\Pipeline\\Pipeline->Illuminate\\Pipeline\\{closure}()
#32 /var/www/vhosts/ieslamarisma.net/httpdocs/proyectos/2026/joseangelaquino/laravel/gym-reservas/vendor/laravel/framework/src/Illuminate/Routing/Router.php(807): Illuminate\\Pipeline\\Pipeline->then()
#33 /var/www/vhosts/ieslamarisma.net/httpdocs/proyectos/2026/joseangelaquino/laravel/gym-reservas/vendor/laravel/framework/src/Illuminate/Routing/Router.php(786): Illuminate\\Routing\\Router->runRouteWithinStack()
#34 /var/www/vhosts/ieslamarisma.net/httpdocs/proyectos/2026/joseangelaquino/laravel/gym-reservas/vendor/laravel/framework/src/Illuminate/Routing/Router.php(750): Illuminate\\Routing\\Router->runRoute()
#35 /var/www/vhosts/ieslamarisma.net/httpdocs/proyectos/2026/joseangelaquino/laravel/gym-reservas/vendor/laravel/framework/src/Illuminate/Routing/Router.php(739): Illuminate\\Routing\\Router->dispatchToRoute()
#36 /var/www/vhosts/ieslamarisma.net/httpdocs/proyectos/2026/joseangelaquino/laravel/gym-reservas/vendor/laravel/framework/src/Illuminate/Foundation/Http/Kernel.php(201): Illuminate\\Routing\\Router->dispatch()
#37 /var/www/vhosts/ieslamarisma.net/httpdocs/proyectos/2026/joseangelaquino/laravel/gym-reservas/vendor/laravel/framework/src/Illuminate/Pipeline/Pipeline.php(170): Illuminate\\Foundation\\Http\\Kernel->Illuminate\\Foundation\\Http\\{closure}()
#38 /var/www/vhosts/ieslamarisma.net/httpdocs/proyectos/2026/joseangelaquino/laravel/gym-reservas/vendor/laravel/framework/src/Illuminate/Foundation/Http/Middleware/TransformsRequest.php(21): Illuminate\\Pipeline\\Pipeline->Illuminate\\Pipeline\\{closure}()
#39 /var/www/vhosts/ieslamarisma.net/httpdocs/proyectos/2026/joseangelaquino/laravel/gym-reservas/vendor/laravel/framework/src/Illuminate/Foundation/Http/Middleware/ConvertEmptyStringsToNull.php(31): Illuminate\\Foundation\\Http\\Middleware\\TransformsRequest->handle()
#40 /var/www/vhosts/ieslamarisma.net/httpdocs/proyectos/2026/joseangelaquino/laravel/gym-reservas/vendor/laravel/framework/src/Illuminate/Pipeline/Pipeline.php(209): Illuminate\\Foundation\\Http\\Middleware\\ConvertEmptyStringsToNull->handle()
#41 /var/www/vhosts/ieslamarisma.net/httpdocs/proyectos/2026/joseangelaquino/laravel/gym-reservas/vendor/laravel/framework/src/Illuminate/Foundation/Http/Middleware/TransformsRequest.php(21): Illuminate\\Pipeline\\Pipeline->Illuminate\\Pipeline\\{closure}()
#42 /var/www/vhosts/ieslamarisma.net/httpdocs/proyectos/2026/joseangelaquino/laravel/gym-reservas/vendor/laravel/framework/src/Illuminate/Foundation/Http/Middleware/TrimStrings.php(51): Illuminate\\Foundation\\Http\\Middleware\\TransformsRequest->handle()
#43 /var/www/vhosts/ieslamarisma.net/httpdocs/proyectos/2026/joseangelaquino/laravel/gym-reservas/vendor/laravel/framework/src/Illuminate/Pipeline/Pipeline.php(209): Illuminate\\Foundation\\Http\\Middleware\\TrimStrings->handle()
#44 /var/www/vhosts/ieslamarisma.net/httpdocs/proyectos/2026/joseangelaquino/laravel/gym-reservas/vendor/laravel/framework/src/Illuminate/Http/Middleware/ValidatePostSize.php(27): Illuminate\\Pipeline\\Pipeline->Illuminate\\Pipeline\\{closure}()
#45 /var/www/vhosts/ieslamarisma.net/httpdocs/proyectos/2026/joseangelaquino/laravel/gym-reservas/vendor/laravel/framework/src/Illuminate/Pipeline/Pipeline.php(209): Illuminate\\Http\\Middleware\\ValidatePostSize->handle()
#46 /var/www/vhosts/ieslamarisma.net/httpdocs/proyectos/2026/joseangelaquino/laravel/gym-reservas/vendor/laravel/framework/src/Illuminate/Foundation/Http/Middleware/PreventRequestsDuringMaintenance.php(110): Illuminate\\Pipeline\\Pipeline->Illuminate\\Pipeline\\{closure}()
#47 /var/www/vhosts/ieslamarisma.net/httpdocs/proyectos/2026/joseangelaquino/laravel/gym-reservas/vendor/laravel/framework/src/Illuminate/Pipeline/Pipeline.php(209): Illuminate\\Foundation\\Http\\Middleware\\PreventRequestsDuringMaintenance->handle()
#48 /var/www/vhosts/ieslamarisma.net/httpdocs/proyectos/2026/joseangelaquino/laravel/gym-reservas/vendor/laravel/framework/src/Illuminate/Http/Middleware/HandleCors.php(49): Illuminate\\Pipeline\\Pipeline->Illuminate\\Pipeline\\{closure}()
#49 /var/www/vhosts/ieslamarisma.net/httpdocs/proyectos/2026/joseangelaquino/laravel/gym-reservas/vendor/laravel/framework/src/Illuminate/Pipeline/Pipeline.php(209): Illuminate\\Http\\Middleware\\HandleCors->handle()
#50 /var/www/vhosts/ieslamarisma.net/httpdocs/proyectos/2026/joseangelaquino/laravel/gym-reservas/vendor/laravel/framework/src/Illuminate/Http/Middleware/TrustProxies.php(58): Illuminate\\Pipeline\\Pipeline->Illuminate\\Pipeline\\{closure}()
#51 /var/www/vhosts/ieslamarisma.net/httpdocs/proyectos/2026/joseangelaquino/laravel/gym-reservas/vendor/laravel/framework/src/Illuminate/Pipeline/Pipeline.php(209): Illuminate\\Http\\Middleware\\TrustProxies->handle()
#52 /var/www/vhosts/ieslamarisma.net/httpdocs/proyectos/2026/joseangelaquino/laravel/gym-reservas/vendor/laravel/framework/src/Illuminate/Foundation/Http/Middleware/InvokeDeferredCallbacks.php(22): Illuminate\\Pipeline\\Pipeline->Illuminate\\Pipeline\\{closure}()
#53 /var/www/vhosts/ieslamarisma.net/httpdocs/proyectos/2026/joseangelaquino/laravel/gym-reservas/vendor/laravel/framework/src/Illuminate/Pipeline/Pipeline.php(209): Illuminate\\Foundation\\Http\\Middleware\\InvokeDeferredCallbacks->handle()
#54 /var/www/vhosts/ieslamarisma.net/httpdocs/proyectos/2026/joseangelaquino/laravel/gym-reservas/vendor/laravel/framework/src/Illuminate/Pipeline/Pipeline.php(127): Illuminate\\Pipeline\\Pipeline->Illuminate\\Pipeline\\{closure}()
#55 /var/www/vhosts/ieslamarisma.net/httpdocs/proyectos/2026/joseangelaquino/laravel/gym-reservas/vendor/laravel/framework/src/Illuminate/Foundation/Http/Kernel.php(176): Illuminate\\Pipeline\\Pipeline->then()
#56 /var/www/vhosts/ieslamarisma.net/httpdocs/proyectos/2026/joseangelaquino/laravel/gym-reservas/vendor/laravel/framework/src/Illuminate/Foundation/Http/Kernel.php(145): Illuminate\\Foundation\\Http\\Kernel->sendRequestThroughRouter()
#57 /var/www/vhosts/ieslamarisma.net/httpdocs/proyectos/2026/joseangelaquino/laravel/gym-reservas/vendor/laravel/framework/src/Illuminate/Foundation/Application.php(1220): Illuminate\\Foundation\\Http\\Kernel->handle()
#58 /var/www/vhosts/ieslamarisma.net/httpdocs/proyectos/2026/joseangelaquino/laravel/gym-reservas/public/index.php(26): Illuminate\\Foundation\\Application->handleRequest()
#59 {main}
"} 
[2026-04-12 17:02:14] production.ERROR: syntax error, unexpected end of file, expecting "elseif" or "else" or "endif" (View: /var/www/vhosts/ieslamarisma.net/httpdocs/proyectos/2026/joseangelaquino/laravel/gym-reservas/resources/views/auth/register.blade.php) {"exception":"[object] (Illuminate\\View\\ViewException(code: 0): syntax error, unexpected end of file, expecting \"elseif\" or \"else\" or \"endif\" (View: /var/www/vhosts/ieslamarisma.net/httpdocs/proyectos/2026/joseangelaquino/laravel/gym-reservas/resources/views/auth/register.blade.php) at /var/www/vhosts/ieslamarisma.net/httpdocs/proyectos/2026/joseangelaquino/laravel/gym-reservas/storage/framework/views/08bd678c24c6ebca26eb51391224eab6.php:290)
[stacktrace]
#0 /var/www/vhosts/ieslamarisma.net/httpdocs/proyectos/2026/joseangelaquino/laravel/gym-reservas/vendor/laravel/framework/src/Illuminate/View/Engines/PhpEngine.php(60): Illuminate\\View\\Engines\\CompilerEngine->handleViewException()
#1 /var/www/vhosts/ieslamarisma.net/httpdocs/proyectos/2026/joseangelaquino/laravel/gym-reservas/vendor/laravel/framework/src/Illuminate/View/Engines/CompilerEngine.php(75): Illuminate\\View\\Engines\\PhpEngine->evaluatePath()
#2 /var/www/vhosts/ieslamarisma.net/httpdocs/proyectos/2026/joseangelaquino/laravel/gym-reservas/vendor/laravel/framework/src/Illuminate/View/View.php(209): Illuminate\\View\\Engines\\CompilerEngine->get()
#3 /var/www/vhosts/ieslamarisma.net/httpdocs/proyectos/2026/joseangelaquino/laravel/gym-reservas/vendor/laravel/framework/src/Illuminate/View/View.php(192): Illuminate\\View\\View->getContents()
#4 /var/www/vhosts/ieslamarisma.net/httpdocs/proyectos/2026/joseangelaquino/laravel/gym-reservas/vendor/laravel/framework/src/Illuminate/View/View.php(161): Illuminate\\View\\View->renderContents()
#5 /var/www/vhosts/ieslamarisma.net/httpdocs/proyectos/2026/joseangelaquino/laravel/gym-reservas/vendor/laravel/framework/src/Illuminate/Http/Response.php(79): Illuminate\\View\\View->render()
#6 /var/www/vhosts/ieslamarisma.net/httpdocs/proyectos/2026/joseangelaquino/laravel/gym-reservas/vendor/laravel/framework/src/Illuminate/Http/Response.php(35): Illuminate\\Http\\Response->setContent()
#7 /var/www/vhosts/ieslamarisma.net/httpdocs/proyectos/2026/joseangelaquino/laravel/gym-reservas/vendor/laravel/framework/src/Illuminate/Routing/Router.php(920): Illuminate\\Http\\Response->__construct()
#8 /var/www/vhosts/ieslamarisma.net/httpdocs/proyectos/2026/joseangelaquino/laravel/gym-reservas/vendor/laravel/framework/src/Illuminate/Routing/Router.php(887): Illuminate\\Routing\\Router::toResponse()
#9 /var/www/vhosts/ieslamarisma.net/httpdocs/proyectos/2026/joseangelaquino/laravel/gym-reservas/vendor/laravel/framework/src/Illuminate/Routing/Router.php(807): Illuminate\\Routing\\Router->prepareResponse()
#10 /var/www/vhosts/ieslamarisma.net/httpdocs/proyectos/2026/joseangelaquino/laravel/gym-reservas/vendor/laravel/framework/src/Illuminate/Pipeline/Pipeline.php(170): Illuminate\\Routing\\Router->Illuminate\\Routing\\{closure}()
#11 /var/www/vhosts/ieslamarisma.net/httpdocs/proyectos/2026/joseangelaquino/laravel/gym-reservas/vendor/laravel/framework/src/Illuminate/Auth/Middleware/RedirectIfAuthenticated.php(35): Illuminate\\Pipeline\\Pipeline->Illuminate\\Pipeline\\{closure}()
#12 /var/www/vhosts/ieslamarisma.net/httpdocs/proyectos/2026/joseangelaquino/laravel/gym-reservas/vendor/laravel/framework/src/Illuminate/Pipeline/Pipeline.php(209): Illuminate\\Auth\\Middleware\\RedirectIfAuthenticated->handle()
#13 /var/www/vhosts/ieslamarisma.net/httpdocs/proyectos/2026/joseangelaquino/laravel/gym-reservas/vendor/laravel/framework/src/Illuminate/Http/Middleware/AddLinkHeadersForPreloadedAssets.php(20): Illuminate\\Pipeline\\Pipeline->Illuminate\\Pipeline\\{closure}()
#14 /var/www/vhosts/ieslamarisma.net/httpdocs/proyectos/2026/joseangelaquino/laravel/gym-reservas/vendor/laravel/framework/src/Illuminate/Pipeline/Pipeline.php(209): Illuminate\\Http\\Middleware\\AddLinkHeadersForPreloadedAssets->handle()
#15 /var/www/vhosts/ieslamarisma.net/httpdocs/proyectos/2026/joseangelaquino/laravel/gym-reservas/vendor/inertiajs/inertia-laravel/src/Middleware.php(122): Illuminate\\Pipeline\\Pipeline->Illuminate\\Pipeline\\{closure}()
#16 /var/www/vhosts/ieslamarisma.net/httpdocs/proyectos/2026/joseangelaquino/laravel/gym-reservas/vendor/laravel/framework/src/Illuminate/Pipeline/Pipeline.php(209): Inertia\\Middleware->handle()
#17 /var/www/vhosts/ieslamarisma.net/httpdocs/proyectos/2026/joseangelaquino/laravel/gym-reservas/vendor/laravel/framework/src/Illuminate/Routing/Middleware/SubstituteBindings.php(51): Illuminate\\Pipeline\\Pipeline->Illuminate\\Pipeline\\{closure}()
#18 /var/www/vhosts/ieslamarisma.net/httpdocs/proyectos/2026/joseangelaquino/laravel/gym-reservas/vendor/laravel/framework/src/Illuminate/Pipeline/Pipeline.php(209): Illuminate\\Routing\\Middleware\\SubstituteBindings->handle()
#19 /var/www/vhosts/ieslamarisma.net/httpdocs/proyectos/2026/joseangelaquino/laravel/gym-reservas/vendor/laravel/framework/src/Illuminate/Foundation/Http/Middleware/VerifyCsrfToken.php(88): Illuminate\\Pipeline\\Pipeline->Illuminate\\Pipeline\\{closure}()
#20 /var/www/vhosts/ieslamarisma.net/httpdocs/proyectos/2026/joseangelaquino/laravel/gym-reservas/vendor/laravel/framework/src/Illuminate/Pipeline/Pipeline.php(209): Illuminate\\Foundation\\Http\\Middleware\\VerifyCsrfToken->handle()
#21 /var/www/vhosts/ieslamarisma.net/httpdocs/proyectos/2026/joseangelaquino/laravel/gym-reservas/vendor/laravel/framework/src/Illuminate/View/Middleware/ShareErrorsFromSession.php(49): Illuminate\\Pipeline\\Pipeline->Illuminate\\Pipeline\\{closure}()
#22 /var/www/vhosts/ieslamarisma.net/httpdocs/proyectos/2026/joseangelaquino/laravel/gym-reservas/vendor/laravel/framework/src/Illuminate/Pipeline/Pipeline.php(209): Illuminate\\View\\Middleware\\ShareErrorsFromSession->handle()
#23 /var/www/vhosts/ieslamarisma.net/httpdocs/proyectos/2026/joseangelaquino/laravel/gym-reservas/vendor/laravel/framework/src/Illuminate/Session/Middleware/StartSession.php(121): Illuminate\\Pipeline\\Pipeline->Illuminate\\Pipeline\\{closure}()
#24 /var/www/vhosts/ieslamarisma.net/httpdocs/proyectos/2026/joseangelaquino/laravel/gym-reservas/vendor/laravel/framework/src/Illuminate/Session/Middleware/StartSession.php(64): Illuminate\\Session\\Middleware\\StartSession->handleStatefulRequest()
#25 /var/www/vhosts/ieslamarisma.net/httpdocs/proyectos/2026/joseangelaquino/laravel/gym-reservas/vendor/laravel/framework/src/Illuminate/Pipeline/Pipeline.php(209): Illuminate\\Session\\Middleware\\StartSession->handle()
#26 /var/www/vhosts/ieslamarisma.net/httpdocs/proyectos/2026/joseangelaquino/laravel/gym-reservas/vendor/laravel/framework/src/Illuminate/Cookie/Middleware/AddQueuedCookiesToResponse.php(37): Illuminate\\Pipeline\\Pipeline->Illuminate\\Pipeline\\{closure}()
#27 /var/www/vhosts/ieslamarisma.net/httpdocs/proyectos/2026/joseangelaquino/laravel/gym-reservas/vendor/laravel/framework/src/Illuminate/Pipeline/Pipeline.php(209): Illuminate\\Cookie\\Middleware\\AddQueuedCookiesToResponse->handle()
#28 /var/www/vhosts/ieslamarisma.net/httpdocs/proyectos/2026/joseangelaquino/laravel/gym-reservas/vendor/laravel/framework/src/Illuminate/Cookie/Middleware/EncryptCookies.php(75): Illuminate\\Pipeline\\Pipeline->Illuminate\\Pipeline\\{closure}()
#29 /var/www/vhosts/ieslamarisma.net/httpdocs/proyectos/2026/joseangelaquino/laravel/gym-reservas/vendor/laravel/framework/src/Illuminate/Pipeline/Pipeline.php(209): Illuminate\\Cookie\\Middleware\\EncryptCookies->handle()
#30 /var/www/vhosts/ieslamarisma.net/httpdocs/proyectos/2026/joseangelaquino/laravel/gym-reservas/vendor/laravel/framework/src/Illuminate/Pipeline/Pipeline.php(127): Illuminate\\Pipeline\\Pipeline->Illuminate\\Pipeline\\{closure}()
#31 /var/www/vhosts/ieslamarisma.net/httpdocs/proyectos/2026/joseangelaquino/laravel/gym-reservas/vendor/laravel/framework/src/Illuminate/Routing/Router.php(807): Illuminate\\Pipeline\\Pipeline->then()
#32 /var/www/vhosts/ieslamarisma.net/httpdocs/proyectos/2026/joseangelaquino/laravel/gym-reservas/vendor/laravel/framework/src/Illuminate/Routing/Router.php(786): Illuminate\\Routing\\Router->runRouteWithinStack()
#33 /var/www/vhosts/ieslamarisma.net/httpdocs/proyectos/2026/joseangelaquino/laravel/gym-reservas/vendor/laravel/framework/src/Illuminate/Routing/Router.php(750): Illuminate\\Routing\\Router->runRoute()
#34 /var/www/vhosts/ieslamarisma.net/httpdocs/proyectos/2026/joseangelaquino/laravel/gym-reservas/vendor/laravel/framework/src/Illuminate/Routing/Router.php(739): Illuminate\\Routing\\Router->dispatchToRoute()
#35 /var/www/vhosts/ieslamarisma.net/httpdocs/proyectos/2026/joseangelaquino/laravel/gym-reservas/vendor/laravel/framework/src/Illuminate/Foundation/Http/Kernel.php(201): Illuminate\\Routing\\Router->dispatch()
#36 /var/www/vhosts/ieslamarisma.net/httpdocs/proyectos/2026/joseangelaquino/laravel/gym-reservas/vendor/laravel/framework/src/Illuminate/Pipeline/Pipeline.php(170): Illuminate\\Foundation\\Http\\Kernel->Illuminate\\Foundation\\Http\\{closure}()
#37 /var/www/vhosts/ieslamarisma.net/httpdocs/proyectos/2026/joseangelaquino/laravel/gym-reservas/vendor/laravel/framework/src/Illuminate/Foundation/Http/Middleware/TransformsRequest.php(21): Illuminate\\Pipeline\\Pipeline->Illuminate\\Pipeline\\{closure}()
#38 /var/www/vhosts/ieslamarisma.net/httpdocs/proyectos/2026/joseangelaquino/laravel/gym-reservas/vendor/laravel/framework/src/Illuminate/Foundation/Http/Middleware/ConvertEmptyStringsToNull.php(31): Illuminate\\Foundation\\Http\\Middleware\\TransformsRequest->handle()
#39 /var/www/vhosts/ieslamarisma.net/httpdocs/proyectos/2026/joseangelaquino/laravel/gym-reservas/vendor/laravel/framework/src/Illuminate/Pipeline/Pipeline.php(209): Illuminate\\Foundation\\Http\\Middleware\\ConvertEmptyStringsToNull->handle()
#40 /var/www/vhosts/ieslamarisma.net/httpdocs/proyectos/2026/joseangelaquino/laravel/gym-reservas/vendor/laravel/framework/src/Illuminate/Foundation/Http/Middleware/TransformsRequest.php(21): Illuminate\\Pipeline\\Pipeline->Illuminate\\Pipeline\\{closure}()
#41 /var/www/vhosts/ieslamarisma.net/httpdocs/proyectos/2026/joseangelaquino/laravel/gym-reservas/vendor/laravel/framework/src/Illuminate/Foundation/Http/Middleware/TrimStrings.php(51): Illuminate\\Foundation\\Http\\Middleware\\TransformsRequest->handle()
#42 /var/www/vhosts/ieslamarisma.net/httpdocs/proyectos/2026/joseangelaquino/laravel/gym-reservas/vendor/laravel/framework/src/Illuminate/Pipeline/Pipeline.php(209): Illuminate\\Foundation\\Http\\Middleware\\TrimStrings->handle()
#43 /var/www/vhosts/ieslamarisma.net/httpdocs/proyectos/2026/joseangelaquino/laravel/gym-reservas/vendor/laravel/framework/src/Illuminate/Http/Middleware/ValidatePostSize.php(27): Illuminate\\Pipeline\\Pipeline->Illuminate\\Pipeline\\{closure}()
#44 /var/www/vhosts/ieslamarisma.net/httpdocs/proyectos/2026/joseangelaquino/laravel/gym-reservas/vendor/laravel/framework/src/Illuminate/Pipeline/Pipeline.php(209): Illuminate\\Http\\Middleware\\ValidatePostSize->handle()
#45 /var/www/vhosts/ieslamarisma.net/httpdocs/proyectos/2026/joseangelaquino/laravel/gym-reservas/vendor/laravel/framework/src/Illuminate/Foundation/Http/Middleware/PreventRequestsDuringMaintenance.php(110): Illuminate\\Pipeline\\Pipeline->Illuminate\\Pipeline\\{closure}()
#46 /var/www/vhosts/ieslamarisma.net/httpdocs/proyectos/2026/joseangelaquino/laravel/gym-reservas/vendor/laravel/framework/src/Illuminate/Pipeline/Pipeline.php(209): Illuminate\\Foundation\\Http\\Middleware\\PreventRequestsDuringMaintenance->handle()
#47 /var/www/vhosts/ieslamarisma.net/httpdocs/proyectos/2026/joseangelaquino/laravel/gym-reservas/vendor/laravel/framework/src/Illuminate/Http/Middleware/HandleCors.php(49): Illuminate\\Pipeline\\Pipeline->Illuminate\\Pipeline\\{closure}()
#48 /var/www/vhosts/ieslamarisma.net/httpdocs/proyectos/2026/joseangelaquino/laravel/gym-reservas/vendor/laravel/framework/src/Illuminate/Pipeline/Pipeline.php(209): Illuminate\\Http\\Middleware\\HandleCors->handle()
#49 /var/www/vhosts/ieslamarisma.net/httpdocs/proyectos/2026/joseangelaquino/laravel/gym-reservas/vendor/laravel/framework/src/Illuminate/Http/Middleware/TrustProxies.php(58): Illuminate\\Pipeline\\Pipeline->Illuminate\\Pipeline\\{closure}()
#50 /var/www/vhosts/ieslamarisma.net/httpdocs/proyectos/2026/joseangelaquino/laravel/gym-reservas/vendor/laravel/framework/src/Illuminate/Pipeline/Pipeline.php(209): Illuminate\\Http\\Middleware\\TrustProxies->handle()
#51 /var/www/vhosts/ieslamarisma.net/httpdocs/proyectos/2026/joseangelaquino/laravel/gym-reservas/vendor/laravel/framework/src/Illuminate/Foundation/Http/Middleware/InvokeDeferredCallbacks.php(22): Illuminate\\Pipeline\\Pipeline->Illuminate\\Pipeline\\{closure}()
#52 /var/www/vhosts/ieslamarisma.net/httpdocs/proyectos/2026/joseangelaquino/laravel/gym-reservas/vendor/laravel/framework/src/Illuminate/Pipeline/Pipeline.php(209): Illuminate\\Foundation\\Http\\Middleware\\InvokeDeferredCallbacks->handle()
#53 /var/www/vhosts/ieslamarisma.net/httpdocs/proyectos/2026/joseangelaquino/laravel/gym-reservas/vendor/laravel/framework/src/Illuminate/Pipeline/Pipeline.php(127): Illuminate\\Pipeline\\Pipeline->Illuminate\\Pipeline\\{closure}()
#54 /var/www/vhosts/ieslamarisma.net/httpdocs/proyectos/2026/joseangelaquino/laravel/gym-reservas/vendor/laravel/framework/src/Illuminate/Foundation/Http/Kernel.php(176): Illuminate\\Pipeline\\Pipeline->then()
#55 /var/www/vhosts/ieslamarisma.net/httpdocs/proyectos/2026/joseangelaquino/laravel/gym-reservas/vendor/laravel/framework/src/Illuminate/Foundation/Http/Kernel.php(145): Illuminate\\Foundation\\Http\\Kernel->sendRequestThroughRouter()
#56 /var/www/vhosts/ieslamarisma.net/httpdocs/proyectos/2026/joseangelaquino/laravel/gym-reservas/vendor/laravel/framework/src/Illuminate/Foundation/Application.php(1220): Illuminate\\Foundation\\Http\\Kernel->handle()
#57 /var/www/vhosts/ieslamarisma.net/httpdocs/proyectos/2026/joseangelaquino/laravel/gym-reservas/public/index.php(26): Illuminate\\Foundation\\Application->handleRequest()
#58 {main}

[previous exception] [object] (ParseError(code: 0): syntax error, unexpected end of file, expecting \"elseif\" or \"else\" or \"endif\" at /var/www/vhosts/ieslamarisma.net/httpdocs/proyectos/2026/joseangelaquino/laravel/gym-reservas/storage/framework/views/08bd678c24c6ebca26eb51391224eab6.php:290)
[stacktrace]
#0 /var/www/vhosts/ieslamarisma.net/httpdocs/proyectos/2026/joseangelaquino/laravel/gym-reservas/vendor/laravel/framework/src/Illuminate/Filesystem/Filesystem.php(124): Illuminate\\Filesystem\\Filesystem::Illuminate\\Filesystem\\{closure}()
#1 /var/www/vhosts/ieslamarisma.net/httpdocs/proyectos/2026/joseangelaquino/laravel/gym-reservas/vendor/laravel/framework/src/Illuminate/View/Engines/PhpEngine.php(58): Illuminate\\Filesystem\\Filesystem->getRequire()
#2 /var/www/vhosts/ieslamarisma.net/httpdocs/proyectos/2026/joseangelaquino/laravel/gym-reservas/vendor/laravel/framework/src/Illuminate/View/Engines/CompilerEngine.php(75): Illuminate\\View\\Engines\\PhpEngine->evaluatePath()
#3 /var/www/vhosts/ieslamarisma.net/httpdocs/proyectos/2026/joseangelaquino/laravel/gym-reservas/vendor/laravel/framework/src/Illuminate/View/View.php(209): Illuminate\\View\\Engines\\CompilerEngine->get()
#4 /var/www/vhosts/ieslamarisma.net/httpdocs/proyectos/2026/joseangelaquino/laravel/gym-reservas/vendor/laravel/framework/src/Illuminate/View/View.php(192): Illuminate\\View\\View->getContents()
#5 /var/www/vhosts/ieslamarisma.net/httpdocs/proyectos/2026/joseangelaquino/laravel/gym-reservas/vendor/laravel/framework/src/Illuminate/View/View.php(161): Illuminate\\View\\View->renderContents()
#6 /var/www/vhosts/ieslamarisma.net/httpdocs/proyectos/2026/joseangelaquino/laravel/gym-reservas/vendor/laravel/framework/src/Illuminate/Http/Response.php(79): Illuminate\\View\\View->render()
#7 /var/www/vhosts/ieslamarisma.net/httpdocs/proyectos/2026/joseangelaquino/laravel/gym-reservas/vendor/laravel/framework/src/Illuminate/Http/Response.php(35): Illuminate\\Http\\Response->setContent()
#8 /var/www/vhosts/ieslamarisma.net/httpdocs/proyectos/2026/joseangelaquino/laravel/gym-reservas/vendor/laravel/framework/src/Illuminate/Routing/Router.php(920): Illuminate\\Http\\Response->__construct()
#9 /var/www/vhosts/ieslamarisma.net/httpdocs/proyectos/2026/joseangelaquino/laravel/gym-reservas/vendor/laravel/framework/src/Illuminate/Routing/Router.php(887): Illuminate\\Routing\\Router::toResponse()
#10 /var/www/vhosts/ieslamarisma.net/httpdocs/proyectos/2026/joseangelaquino/laravel/gym-reservas/vendor/laravel/framework/src/Illuminate/Routing/Router.php(807): Illuminate\\Routing\\Router->prepareResponse()
#11 /var/www/vhosts/ieslamarisma.net/httpdocs/proyectos/2026/joseangelaquino/laravel/gym-reservas/vendor/laravel/framework/src/Illuminate/Pipeline/Pipeline.php(170): Illuminate\\Routing\\Router->Illuminate\\Routing\\{closure}()
#12 /var/www/vhosts/ieslamarisma.net/httpdocs/proyectos/2026/joseangelaquino/laravel/gym-reservas/vendor/laravel/framework/src/Illuminate/Auth/Middleware/RedirectIfAuthenticated.php(35): Illuminate\\Pipeline\\Pipeline->Illuminate\\Pipeline\\{closure}()
#13 /var/www/vhosts/ieslamarisma.net/httpdocs/proyectos/2026/joseangelaquino/laravel/gym-reservas/vendor/laravel/framework/src/Illuminate/Pipeline/Pipeline.php(209): Illuminate\\Auth\\Middleware\\RedirectIfAuthenticated->handle()
#14 /var/www/vhosts/ieslamarisma.net/httpdocs/proyectos/2026/joseangelaquino/laravel/gym-reservas/vendor/laravel/framework/src/Illuminate/Http/Middleware/AddLinkHeadersForPreloadedAssets.php(20): Illuminate\\Pipeline\\Pipeline->Illuminate\\Pipeline\\{closure}()
#15 /var/www/vhosts/ieslamarisma.net/httpdocs/proyectos/2026/joseangelaquino/laravel/gym-reservas/vendor/laravel/framework/src/Illuminate/Pipeline/Pipeline.php(209): Illuminate\\Http\\Middleware\\AddLinkHeadersForPreloadedAssets->handle()
#16 /var/www/vhosts/ieslamarisma.net/httpdocs/proyectos/2026/joseangelaquino/laravel/gym-reservas/vendor/inertiajs/inertia-laravel/src/Middleware.php(122): Illuminate\\Pipeline\\Pipeline->Illuminate\\Pipeline\\{closure}()
#17 /var/www/vhosts/ieslamarisma.net/httpdocs/proyectos/2026/joseangelaquino/laravel/gym-reservas/vendor/laravel/framework/src/Illuminate/Pipeline/Pipeline.php(209): Inertia\\Middleware->handle()
#18 /var/www/vhosts/ieslamarisma.net/httpdocs/proyectos/2026/joseangelaquino/laravel/gym-reservas/vendor/laravel/framework/src/Illuminate/Routing/Middleware/SubstituteBindings.php(51): Illuminate\\Pipeline\\Pipeline->Illuminate\\Pipeline\\{closure}()
#19 /var/www/vhosts/ieslamarisma.net/httpdocs/proyectos/2026/joseangelaquino/laravel/gym-reservas/vendor/laravel/framework/src/Illuminate/Pipeline/Pipeline.php(209): Illuminate\\Routing\\Middleware\\SubstituteBindings->handle()
#20 /var/www/vhosts/ieslamarisma.net/httpdocs/proyectos/2026/joseangelaquino/laravel/gym-reservas/vendor/laravel/framework/src/Illuminate/Foundation/Http/Middleware/VerifyCsrfToken.php(88): Illuminate\\Pipeline\\Pipeline->Illuminate\\Pipeline\\{closure}()
#21 /var/www/vhosts/ieslamarisma.net/httpdocs/proyectos/2026/joseangelaquino/laravel/gym-reservas/vendor/laravel/framework/src/Illuminate/Pipeline/Pipeline.php(209): Illuminate\\Foundation\\Http\\Middleware\\VerifyCsrfToken->handle()
#22 /var/www/vhosts/ieslamarisma.net/httpdocs/proyectos/2026/joseangelaquino/laravel/gym-reservas/vendor/laravel/framework/src/Illuminate/View/Middleware/ShareErrorsFromSession.php(49): Illuminate\\Pipeline\\Pipeline->Illuminate\\Pipeline\\{closure}()
#23 /var/www/vhosts/ieslamarisma.net/httpdocs/proyectos/2026/joseangelaquino/laravel/gym-reservas/vendor/laravel/framework/src/Illuminate/Pipeline/Pipeline.php(209): Illuminate\\View\\Middleware\\ShareErrorsFromSession->handle()
#24 /var/www/vhosts/ieslamarisma.net/httpdocs/proyectos/2026/joseangelaquino/laravel/gym-reservas/vendor/laravel/framework/src/Illuminate/Session/Middleware/StartSession.php(121): Illuminate\\Pipeline\\Pipeline->Illuminate\\Pipeline\\{closure}()
#25 /var/www/vhosts/ieslamarisma.net/httpdocs/proyectos/2026/joseangelaquino/laravel/gym-reservas/vendor/laravel/framework/src/Illuminate/Session/Middleware/StartSession.php(64): Illuminate\\Session\\Middleware\\StartSession->handleStatefulRequest()
#26 /var/www/vhosts/ieslamarisma.net/httpdocs/proyectos/2026/joseangelaquino/laravel/gym-reservas/vendor/laravel/framework/src/Illuminate/Pipeline/Pipeline.php(209): Illuminate\\Session\\Middleware\\StartSession->handle()
#27 /var/www/vhosts/ieslamarisma.net/httpdocs/proyectos/2026/joseangelaquino/laravel/gym-reservas/vendor/laravel/framework/src/Illuminate/Cookie/Middleware/AddQueuedCookiesToResponse.php(37): Illuminate\\Pipeline\\Pipeline->Illuminate\\Pipeline\\{closure}()
#28 /var/www/vhosts/ieslamarisma.net/httpdocs/proyectos/2026/joseangelaquino/laravel/gym-reservas/vendor/laravel/framework/src/Illuminate/Pipeline/Pipeline.php(209): Illuminate\\Cookie\\Middleware\\AddQueuedCookiesToResponse->handle()
#29 /var/www/vhosts/ieslamarisma.net/httpdocs/proyectos/2026/joseangelaquino/laravel/gym-reservas/vendor/laravel/framework/src/Illuminate/Cookie/Middleware/EncryptCookies.php(75): Illuminate\\Pipeline\\Pipeline->Illuminate\\Pipeline\\{closure}()
#30 /var/www/vhosts/ieslamarisma.net/httpdocs/proyectos/2026/joseangelaquino/laravel/gym-reservas/vendor/laravel/framework/src/Illuminate/Pipeline/Pipeline.php(209): Illuminate\\Cookie\\Middleware\\EncryptCookies->handle()
#31 /var/www/vhosts/ieslamarisma.net/httpdocs/proyectos/2026/joseangelaquino/laravel/gym-reservas/vendor/laravel/framework/src/Illuminate/Pipeline/Pipeline.php(127): Illuminate\\Pipeline\\Pipeline->Illuminate\\Pipeline\\{closure}()
#32 /var/www/vhosts/ieslamarisma.net/httpdocs/proyectos/2026/joseangelaquino/laravel/gym-reservas/vendor/laravel/framework/src/Illuminate/Routing/Router.php(807): Illuminate\\Pipeline\\Pipeline->then()
#33 /var/www/vhosts/ieslamarisma.net/httpdocs/proyectos/2026/joseangelaquino/laravel/gym-reservas/vendor/laravel/framework/src/Illuminate/Routing/Router.php(786): Illuminate\\Routing\\Router->runRouteWithinStack()
#34 /var/www/vhosts/ieslamarisma.net/httpdocs/proyectos/2026/joseangelaquino/laravel/gym-reservas/vendor/laravel/framework/src/Illuminate/Routing/Router.php(750): Illuminate\\Routing\\Router->runRoute()
#35 /var/www/vhosts/ieslamarisma.net/httpdocs/proyectos/2026/joseangelaquino/laravel/gym-reservas/vendor/laravel/framework/src/Illuminate/Routing/Router.php(739): Illuminate\\Routing\\Router->dispatchToRoute()
#36 /var/www/vhosts/ieslamarisma.net/httpdocs/proyectos/2026/joseangelaquino/laravel/gym-reservas/vendor/laravel/framework/src/Illuminate/Foundation/Http/Kernel.php(201): Illuminate\\Routing\\Router->dispatch()
#37 /var/www/vhosts/ieslamarisma.net/httpdocs/proyectos/2026/joseangelaquino/laravel/gym-reservas/vendor/laravel/framework/src/Illuminate/Pipeline/Pipeline.php(170): Illuminate\\Foundation\\Http\\Kernel->Illuminate\\Foundation\\Http\\{closure}()
#38 /var/www/vhosts/ieslamarisma.net/httpdocs/proyectos/2026/joseangelaquino/laravel/gym-reservas/vendor/laravel/framework/src/Illuminate/Foundation/Http/Middleware/TransformsRequest.php(21): Illuminate\\Pipeline\\Pipeline->Illuminate\\Pipeline\\{closure}()
#39 /var/www/vhosts/ieslamarisma.net/httpdocs/proyectos/2026/joseangelaquino/laravel/gym-reservas/vendor/laravel/framework/src/Illuminate/Foundation/Http/Middleware/ConvertEmptyStringsToNull.php(31): Illuminate\\Foundation\\Http\\Middleware\\TransformsRequest->handle()
#40 /var/www/vhosts/ieslamarisma.net/httpdocs/proyectos/2026/joseangelaquino/laravel/gym-reservas/vendor/laravel/framework/src/Illuminate/Pipeline/Pipeline.php(209): Illuminate\\Foundation\\Http\\Middleware\\ConvertEmptyStringsToNull->handle()
#41 /var/www/vhosts/ieslamarisma.net/httpdocs/proyectos/2026/joseangelaquino/laravel/gym-reservas/vendor/laravel/framework/src/Illuminate/Foundation/Http/Middleware/TransformsRequest.php(21): Illuminate\\Pipeline\\Pipeline->Illuminate\\Pipeline\\{closure}()
#42 /var/www/vhosts/ieslamarisma.net/httpdocs/proyectos/2026/joseangelaquino/laravel/gym-reservas/vendor/laravel/framework/src/Illuminate/Foundation/Http/Middleware/TrimStrings.php(51): Illuminate\\Foundation\\Http\\Middleware\\TransformsRequest->handle()
#43 /var/www/vhosts/ieslamarisma.net/httpdocs/proyectos/2026/joseangelaquino/laravel/gym-reservas/vendor/laravel/framework/src/Illuminate/Pipeline/Pipeline.php(209): Illuminate\\Foundation\\Http\\Middleware\\TrimStrings->handle()
#44 /var/www/vhosts/ieslamarisma.net/httpdocs/proyectos/2026/joseangelaquino/laravel/gym-reservas/vendor/laravel/framework/src/Illuminate/Http/Middleware/ValidatePostSize.php(27): Illuminate\\Pipeline\\Pipeline->Illuminate\\Pipeline\\{closure}()
#45 /var/www/vhosts/ieslamarisma.net/httpdocs/proyectos/2026/joseangelaquino/laravel/gym-reservas/vendor/laravel/framework/src/Illuminate/Pipeline/Pipeline.php(209): Illuminate\\Http\\Middleware\\ValidatePostSize->handle()
#46 /var/www/vhosts/ieslamarisma.net/httpdocs/proyectos/2026/joseangelaquino/laravel/gym-reservas/vendor/laravel/framework/src/Illuminate/Foundation/Http/Middleware/PreventRequestsDuringMaintenance.php(110): Illuminate\\Pipeline\\Pipeline->Illuminate\\Pipeline\\{closure}()
#47 /var/www/vhosts/ieslamarisma.net/httpdocs/proyectos/2026/joseangelaquino/laravel/gym-reservas/vendor/laravel/framework/src/Illuminate/Pipeline/Pipeline.php(209): Illuminate\\Foundation\\Http\\Middleware\\PreventRequestsDuringMaintenance->handle()
#48 /var/www/vhosts/ieslamarisma.net/httpdocs/proyectos/2026/joseangelaquino/laravel/gym-reservas/vendor/laravel/framework/src/Illuminate/Http/Middleware/HandleCors.php(49): Illuminate\\Pipeline\\Pipeline->Illuminate\\Pipeline\\{closure}()
#49 /var/www/vhosts/ieslamarisma.net/httpdocs/proyectos/2026/joseangelaquino/laravel/gym-reservas/vendor/laravel/framework/src/Illuminate/Pipeline/Pipeline.php(209): Illuminate\\Http\\Middleware\\HandleCors->handle()
#50 /var/www/vhosts/ieslamarisma.net/httpdocs/proyectos/2026/joseangelaquino/laravel/gym-reservas/vendor/laravel/framework/src/Illuminate/Http/Middleware/TrustProxies.php(58): Illuminate\\Pipeline\\Pipeline->Illuminate\\Pipeline\\{closure}()
#51 /var/www/vhosts/ieslamarisma.net/httpdocs/proyectos/2026/joseangelaquino/laravel/gym-reservas/vendor/laravel/framework/src/Illuminate/Pipeline/Pipeline.php(209): Illuminate\\Http\\Middleware\\TrustProxies->handle()
#52 /var/www/vhosts/ieslamarisma.net/httpdocs/proyectos/2026/joseangelaquino/laravel/gym-reservas/vendor/laravel/framework/src/Illuminate/Foundation/Http/Middleware/InvokeDeferredCallbacks.php(22): Illuminate\\Pipeline\\Pipeline->Illuminate\\Pipeline\\{closure}()
#53 /var/www/vhosts/ieslamarisma.net/httpdocs/proyectos/2026/joseangelaquino/laravel/gym-reservas/vendor/laravel/framework/src/Illuminate/Pipeline/Pipeline.php(209): Illuminate\\Foundation\\Http\\Middleware\\InvokeDeferredCallbacks->handle()
#54 /var/www/vhosts/ieslamarisma.net/httpdocs/proyectos/2026/joseangelaquino/laravel/gym-reservas/vendor/laravel/framework/src/Illuminate/Pipeline/Pipeline.php(127): Illuminate\\Pipeline\\Pipeline->Illuminate\\Pipeline\\{closure}()
#55 /var/www/vhosts/ieslamarisma.net/httpdocs/proyectos/2026/joseangelaquino/laravel/gym-reservas/vendor/laravel/framework/src/Illuminate/Foundation/Http/Kernel.php(176): Illuminate\\Pipeline\\Pipeline->then()
#56 /var/www/vhosts/ieslamarisma.net/httpdocs/proyectos/2026/joseangelaquino/laravel/gym-reservas/vendor/laravel/framework/src/Illuminate/Foundation/Http/Kernel.php(145): Illuminate\\Foundation\\Http\\Kernel->sendRequestThroughRouter()
#57 /var/www/vhosts/ieslamarisma.net/httpdocs/proyectos/2026/joseangelaquino/laravel/gym-reservas/vendor/laravel/framework/src/Illuminate/Foundation/Application.php(1220): Illuminate\\Foundation\\Http\\Kernel->handle()
#58 /var/www/vhosts/ieslamarisma.net/httpdocs/proyectos/2026/joseangelaquino/laravel/gym-reservas/public/index.php(26): Illuminate\\Foundation\\Application->handleRequest()
#59 {main}
"} 
[2026-04-12 17:02:15] production.ERROR: syntax error, unexpected end of file, expecting "elseif" or "else" or "endif" (View: /var/www/vhosts/ieslamarisma.net/httpdocs/proyectos/2026/joseangelaquino/laravel/gym-reservas/resources/views/auth/register.blade.php) {"exception":"[object] (Illuminate\\View\\ViewException(code: 0): syntax error, unexpected end of file, expecting \"elseif\" or \"else\" or \"endif\" (View: /var/www/vhosts/ieslamarisma.net/httpdocs/proyectos/2026/joseangelaquino/laravel/gym-reservas/resources/views/auth/register.blade.php) at /var/www/vhosts/ieslamarisma.net/httpdocs/proyectos/2026/joseangelaquino/laravel/gym-reservas/storage/framework/views/08bd678c24c6ebca26eb51391224eab6.php:290)
[stacktrace]
#0 /var/www/vhosts/ieslamarisma.net/httpdocs/proyectos/2026/joseangelaquino/laravel/gym-reservas/vendor/laravel/framework/src/Illuminate/View/Engines/PhpEngine.php(60): Illuminate\\View\\Engines\\CompilerEngine->handleViewException()
#1 /var/www/vhosts/ieslamarisma.net/httpdocs/proyectos/2026/joseangelaquino/laravel/gym-reservas/vendor/laravel/framework/src/Illuminate/View/Engines/CompilerEngine.php(75): Illuminate\\View\\Engines\\PhpEngine->evaluatePath()
#2 /var/www/vhosts/ieslamarisma.net/httpdocs/proyectos/2026/joseangelaquino/laravel/gym-reservas/vendor/laravel/framework/src/Illuminate/View/View.php(209): Illuminate\\View\\Engines\\CompilerEngine->get()
#3 /var/www/vhosts/ieslamarisma.net/httpdocs/proyectos/2026/joseangelaquino/laravel/gym-reservas/vendor/laravel/framework/src/Illuminate/View/View.php(192): Illuminate\\View\\View->getContents()
#4 /var/www/vhosts/ieslamarisma.net/httpdocs/proyectos/2026/joseangelaquino/laravel/gym-reservas/vendor/laravel/framework/src/Illuminate/View/View.php(161): Illuminate\\View\\View->renderContents()
#5 /var/www/vhosts/ieslamarisma.net/httpdocs/proyectos/2026/joseangelaquino/laravel/gym-reservas/vendor/laravel/framework/src/Illuminate/Http/Response.php(79): Illuminate\\View\\View->render()
#6 /var/www/vhosts/ieslamarisma.net/httpdocs/proyectos/2026/joseangelaquino/laravel/gym-reservas/vendor/laravel/framework/src/Illuminate/Http/Response.php(35): Illuminate\\Http\\Response->setContent()
#7 /var/www/vhosts/ieslamarisma.net/httpdocs/proyectos/2026/joseangelaquino/laravel/gym-reservas/vendor/laravel/framework/src/Illuminate/Routing/Router.php(920): Illuminate\\Http\\Response->__construct()
#8 /var/www/vhosts/ieslamarisma.net/httpdocs/proyectos/2026/joseangelaquino/laravel/gym-reservas/vendor/laravel/framework/src/Illuminate/Routing/Router.php(887): Illuminate\\Routing\\Router::toResponse()
#9 /var/www/vhosts/ieslamarisma.net/httpdocs/proyectos/2026/joseangelaquino/laravel/gym-reservas/vendor/laravel/framework/src/Illuminate/Routing/Router.php(807): Illuminate\\Routing\\Router->prepareResponse()
#10 /var/www/vhosts/ieslamarisma.net/httpdocs/proyectos/2026/joseangelaquino/laravel/gym-reservas/vendor/laravel/framework/src/Illuminate/Pipeline/Pipeline.php(170): Illuminate\\Routing\\Router->Illuminate\\Routing\\{closure}()
#11 /var/www/vhosts/ieslamarisma.net/httpdocs/proyectos/2026/joseangelaquino/laravel/gym-reservas/vendor/laravel/framework/src/Illuminate/Auth/Middleware/RedirectIfAuthenticated.php(35): Illuminate\\Pipeline\\Pipeline->Illuminate\\Pipeline\\{closure}()
#12 /var/www/vhosts/ieslamarisma.net/httpdocs/proyectos/2026/joseangelaquino/laravel/gym-reservas/vendor/laravel/framework/src/Illuminate/Pipeline/Pipeline.php(209): Illuminate\\Auth\\Middleware\\RedirectIfAuthenticated->handle()
#13 /var/www/vhosts/ieslamarisma.net/httpdocs/proyectos/2026/joseangelaquino/laravel/gym-reservas/vendor/laravel/framework/src/Illuminate/Http/Middleware/AddLinkHeadersForPreloadedAssets.php(20): Illuminate\\Pipeline\\Pipeline->Illuminate\\Pipeline\\{closure}()
#14 /var/www/vhosts/ieslamarisma.net/httpdocs/proyectos/2026/joseangelaquino/laravel/gym-reservas/vendor/laravel/framework/src/Illuminate/Pipeline/Pipeline.php(209): Illuminate\\Http\\Middleware\\AddLinkHeadersForPreloadedAssets->handle()
#15 /var/www/vhosts/ieslamarisma.net/httpdocs/proyectos/2026/joseangelaquino/laravel/gym-reservas/vendor/inertiajs/inertia-laravel/src/Middleware.php(122): Illuminate\\Pipeline\\Pipeline->Illuminate\\Pipeline\\{closure}()
#16 /var/www/vhosts/ieslamarisma.net/httpdocs/proyectos/2026/joseangelaquino/laravel/gym-reservas/vendor/laravel/framework/src/Illuminate/Pipeline/Pipeline.php(209): Inertia\\Middleware->handle()
#17 /var/www/vhosts/ieslamarisma.net/httpdocs/proyectos/2026/joseangelaquino/laravel/gym-reservas/vendor/laravel/framework/src/Illuminate/Routing/Middleware/SubstituteBindings.php(51): Illuminate\\Pipeline\\Pipeline->Illuminate\\Pipeline\\{closure}()
#18 /var/www/vhosts/ieslamarisma.net/httpdocs/proyectos/2026/joseangelaquino/laravel/gym-reservas/vendor/laravel/framework/src/Illuminate/Pipeline/Pipeline.php(209): Illuminate\\Routing\\Middleware\\SubstituteBindings->handle()
#19 /var/www/vhosts/ieslamarisma.net/httpdocs/proyectos/2026/joseangelaquino/laravel/gym-reservas/vendor/laravel/framework/src/Illuminate/Foundation/Http/Middleware/VerifyCsrfToken.php(88): Illuminate\\Pipeline\\Pipeline->Illuminate\\Pipeline\\{closure}()
#20 /var/www/vhosts/ieslamarisma.net/httpdocs/proyectos/2026/joseangelaquino/laravel/gym-reservas/vendor/laravel/framework/src/Illuminate/Pipeline/Pipeline.php(209): Illuminate\\Foundation\\Http\\Middleware\\VerifyCsrfToken->handle()
#21 /var/www/vhosts/ieslamarisma.net/httpdocs/proyectos/2026/joseangelaquino/laravel/gym-reservas/vendor/laravel/framework/src/Illuminate/View/Middleware/ShareErrorsFromSession.php(49): Illuminate\\Pipeline\\Pipeline->Illuminate\\Pipeline\\{closure}()
#22 /var/www/vhosts/ieslamarisma.net/httpdocs/proyectos/2026/joseangelaquino/laravel/gym-reservas/vendor/laravel/framework/src/Illuminate/Pipeline/Pipeline.php(209): Illuminate\\View\\Middleware\\ShareErrorsFromSession->handle()
#23 /var/www/vhosts/ieslamarisma.net/httpdocs/proyectos/2026/joseangelaquino/laravel/gym-reservas/vendor/laravel/framework/src/Illuminate/Session/Middleware/StartSession.php(121): Illuminate\\Pipeline\\Pipeline->Illuminate\\Pipeline\\{closure}()
#24 /var/www/vhosts/ieslamarisma.net/httpdocs/proyectos/2026/joseangelaquino/laravel/gym-reservas/vendor/laravel/framework/src/Illuminate/Session/Middleware/StartSession.php(64): Illuminate\\Session\\Middleware\\StartSession->handleStatefulRequest()
#25 /var/www/vhosts/ieslamarisma.net/httpdocs/proyectos/2026/joseangelaquino/laravel/gym-reservas/vendor/laravel/framework/src/Illuminate/Pipeline/Pipeline.php(209): Illuminate\\Session\\Middleware\\StartSession->handle()
#26 /var/www/vhosts/ieslamarisma.net/httpdocs/proyectos/2026/joseangelaquino/laravel/gym-reservas/vendor/laravel/framework/src/Illuminate/Cookie/Middleware/AddQueuedCookiesToResponse.php(37): Illuminate\\Pipeline\\Pipeline->Illuminate\\Pipeline\\{closure}()
#27 /var/www/vhosts/ieslamarisma.net/httpdocs/proyectos/2026/joseangelaquino/laravel/gym-reservas/vendor/laravel/framework/src/Illuminate/Pipeline/Pipeline.php(209): Illuminate\\Cookie\\Middleware\\AddQueuedCookiesToResponse->handle()
#28 /var/www/vhosts/ieslamarisma.net/httpdocs/proyectos/2026/joseangelaquino/laravel/gym-reservas/vendor/laravel/framework/src/Illuminate/Cookie/Middleware/EncryptCookies.php(75): Illuminate\\Pipeline\\Pipeline->Illuminate\\Pipeline\\{closure}()
#29 /var/www/vhosts/ieslamarisma.net/httpdocs/proyectos/2026/joseangelaquino/laravel/gym-reservas/vendor/laravel/framework/src/Illuminate/Pipeline/Pipeline.php(209): Illuminate\\Cookie\\Middleware\\EncryptCookies->handle()
#30 /var/www/vhosts/ieslamarisma.net/httpdocs/proyectos/2026/joseangelaquino/laravel/gym-reservas/vendor/laravel/framework/src/Illuminate/Pipeline/Pipeline.php(127): Illuminate\\Pipeline\\Pipeline->Illuminate\\Pipeline\\{closure}()
#31 /var/www/vhosts/ieslamarisma.net/httpdocs/proyectos/2026/joseangelaquino/laravel/gym-reservas/vendor/laravel/framework/src/Illuminate/Routing/Router.php(807): Illuminate\\Pipeline\\Pipeline->then()
#32 /var/www/vhosts/ieslamarisma.net/httpdocs/proyectos/2026/joseangelaquino/laravel/gym-reservas/vendor/laravel/framework/src/Illuminate/Routing/Router.php(786): Illuminate\\Routing\\Router->runRouteWithinStack()
#33 /var/www/vhosts/ieslamarisma.net/httpdocs/proyectos/2026/joseangelaquino/laravel/gym-reservas/vendor/laravel/framework/src/Illuminate/Routing/Router.php(750): Illuminate\\Routing\\Router->runRoute()
#34 /var/www/vhosts/ieslamarisma.net/httpdocs/proyectos/2026/joseangelaquino/laravel/gym-reservas/vendor/laravel/framework/src/Illuminate/Routing/Router.php(739): Illuminate\\Routing\\Router->dispatchToRoute()
#35 /var/www/vhosts/ieslamarisma.net/httpdocs/proyectos/2026/joseangelaquino/laravel/gym-reservas/vendor/laravel/framework/src/Illuminate/Foundation/Http/Kernel.php(201): Illuminate\\Routing\\Router->dispatch()
#36 /var/www/vhosts/ieslamarisma.net/httpdocs/proyectos/2026/joseangelaquino/laravel/gym-reservas/vendor/laravel/framework/src/Illuminate/Pipeline/Pipeline.php(170): Illuminate\\Foundation\\Http\\Kernel->Illuminate\\Foundation\\Http\\{closure}()
#37 /var/www/vhosts/ieslamarisma.net/httpdocs/proyectos/2026/joseangelaquino/laravel/gym-reservas/vendor/laravel/framework/src/Illuminate/Foundation/Http/Middleware/TransformsRequest.php(21): Illuminate\\Pipeline\\Pipeline->Illuminate\\Pipeline\\{closure}()
#38 /var/www/vhosts/ieslamarisma.net/httpdocs/proyectos/2026/joseangelaquino/laravel/gym-reservas/vendor/laravel/framework/src/Illuminate/Foundation/Http/Middleware/ConvertEmptyStringsToNull.php(31): Illuminate\\Foundation\\Http\\Middleware\\TransformsRequest->handle()
#39 /var/www/vhosts/ieslamarisma.net/httpdocs/proyectos/2026/joseangelaquino/laravel/gym-reservas/vendor/laravel/framework/src/Illuminate/Pipeline/Pipeline.php(209): Illuminate\\Foundation\\Http\\Middleware\\ConvertEmptyStringsToNull->handle()
#40 /var/www/vhosts/ieslamarisma.net/httpdocs/proyectos/2026/joseangelaquino/laravel/gym-reservas/vendor/laravel/framework/src/Illuminate/Foundation/Http/Middleware/TransformsRequest.php(21): Illuminate\\Pipeline\\Pipeline->Illuminate\\Pipeline\\{closure}()
#41 /var/www/vhosts/ieslamarisma.net/httpdocs/proyectos/2026/joseangelaquino/laravel/gym-reservas/vendor/laravel/framework/src/Illuminate/Foundation/Http/Middleware/TrimStrings.php(51): Illuminate\\Foundation\\Http\\Middleware\\TransformsRequest->handle()
#42 /var/www/vhosts/ieslamarisma.net/httpdocs/proyectos/2026/joseangelaquino/laravel/gym-reservas/vendor/laravel/framework/src/Illuminate/Pipeline/Pipeline.php(209): Illuminate\\Foundation\\Http\\Middleware\\TrimStrings->handle()
#43 /var/www/vhosts/ieslamarisma.net/httpdocs/proyectos/2026/joseangelaquino/laravel/gym-reservas/vendor/laravel/framework/src/Illuminate/Http/Middleware/ValidatePostSize.php(27): Illuminate\\Pipeline\\Pipeline->Illuminate\\Pipeline\\{closure}()
#44 /var/www/vhosts/ieslamarisma.net/httpdocs/proyectos/2026/joseangelaquino/laravel/gym-reservas/vendor/laravel/framework/src/Illuminate/Pipeline/Pipeline.php(209): Illuminate\\Http\\Middleware\\ValidatePostSize->handle()
#45 /var/www/vhosts/ieslamarisma.net/httpdocs/proyectos/2026/joseangelaquino/laravel/gym-reservas/vendor/laravel/framework/src/Illuminate/Foundation/Http/Middleware/PreventRequestsDuringMaintenance.php(110): Illuminate\\Pipeline\\Pipeline->Illuminate\\Pipeline\\{closure}()
#46 /var/www/vhosts/ieslamarisma.net/httpdocs/proyectos/2026/joseangelaquino/laravel/gym-reservas/vendor/laravel/framework/src/Illuminate/Pipeline/Pipeline.php(209): Illuminate\\Foundation\\Http\\Middleware\\PreventRequestsDuringMaintenance->handle()
#47 /var/www/vhosts/ieslamarisma.net/httpdocs/proyectos/2026/joseangelaquino/laravel/gym-reservas/vendor/laravel/framework/src/Illuminate/Http/Middleware/HandleCors.php(49): Illuminate\\Pipeline\\Pipeline->Illuminate\\Pipeline\\{closure}()
#48 /var/www/vhosts/ieslamarisma.net/httpdocs/proyectos/2026/joseangelaquino/laravel/gym-reservas/vendor/laravel/framework/src/Illuminate/Pipeline/Pipeline.php(209): Illuminate\\Http\\Middleware\\HandleCors->handle()
#49 /var/www/vhosts/ieslamarisma.net/httpdocs/proyectos/2026/joseangelaquino/laravel/gym-reservas/vendor/laravel/framework/src/Illuminate/Http/Middleware/TrustProxies.php(58): Illuminate\\Pipeline\\Pipeline->Illuminate\\Pipeline\\{closure}()
#50 /var/www/vhosts/ieslamarisma.net/httpdocs/proyectos/2026/joseangelaquino/laravel/gym-reservas/vendor/laravel/framework/src/Illuminate/Pipeline/Pipeline.php(209): Illuminate\\Http\\Middleware\\TrustProxies->handle()
#51 /var/www/vhosts/ieslamarisma.net/httpdocs/proyectos/2026/joseangelaquino/laravel/gym-reservas/vendor/laravel/framework/src/Illuminate/Foundation/Http/Middleware/InvokeDeferredCallbacks.php(22): Illuminate\\Pipeline\\Pipeline->Illuminate\\Pipeline\\{closure}()
#52 /var/www/vhosts/ieslamarisma.net/httpdocs/proyectos/2026/joseangelaquino/laravel/gym-reservas/vendor/laravel/framework/src/Illuminate/Pipeline/Pipeline.php(209): Illuminate\\Foundation\\Http\\Middleware\\InvokeDeferredCallbacks->handle()
#53 /var/www/vhosts/ieslamarisma.net/httpdocs/proyectos/2026/joseangelaquino/laravel/gym-reservas/vendor/laravel/framework/src/Illuminate/Pipeline/Pipeline.php(127): Illuminate\\Pipeline\\Pipeline->Illuminate\\Pipeline\\{closure}()
#54 /var/www/vhosts/ieslamarisma.net/httpdocs/proyectos/2026/joseangelaquino/laravel/gym-reservas/vendor/laravel/framework/src/Illuminate/Foundation/Http/Kernel.php(176): Illuminate\\Pipeline\\Pipeline->then()
#55 /var/www/vhosts/ieslamarisma.net/httpdocs/proyectos/2026/joseangelaquino/laravel/gym-reservas/vendor/laravel/framework/src/Illuminate/Foundation/Http/Kernel.php(145): Illuminate\\Foundation\\Http\\Kernel->sendRequestThroughRouter()
#56 /var/www/vhosts/ieslamarisma.net/httpdocs/proyectos/2026/joseangelaquino/laravel/gym-reservas/vendor/laravel/framework/src/Illuminate/Foundation/Application.php(1220): Illuminate\\Foundation\\Http\\Kernel->handle()
#57 /var/www/vhosts/ieslamarisma.net/httpdocs/proyectos/2026/joseangelaquino/laravel/gym-reservas/public/index.php(26): Illuminate\\Foundation\\Application->handleRequest()
#58 {main}

[previous exception] [object] (ParseError(code: 0): syntax error, unexpected end of file, expecting \"elseif\" or \"else\" or \"endif\" at /var/www/vhosts/ieslamarisma.net/httpdocs/proyectos/2026/joseangelaquino/laravel/gym-reservas/storage/framework/views/08bd678c24c6ebca26eb51391224eab6.php:290)
[stacktrace]
#0 /var/www/vhosts/ieslamarisma.net/httpdocs/proyectos/2026/joseangelaquino/laravel/gym-reservas/vendor/laravel/framework/src/Illuminate/Filesystem/Filesystem.php(124): Illuminate\\Filesystem\\Filesystem::Illuminate\\Filesystem\\{closure}()
#1 /var/www/vhosts/ieslamarisma.net/httpdocs/proyectos/2026/joseangelaquino/laravel/gym-reservas/vendor/laravel/framework/src/Illuminate/View/Engines/PhpEngine.php(58): Illuminate\\Filesystem\\Filesystem->getRequire()
#2 /var/www/vhosts/ieslamarisma.net/httpdocs/proyectos/2026/joseangelaquino/laravel/gym-reservas/vendor/laravel/framework/src/Illuminate/View/Engines/CompilerEngine.php(75): Illuminate\\View\\Engines\\PhpEngine->evaluatePath()
#3 /var/www/vhosts/ieslamarisma.net/httpdocs/proyectos/2026/joseangelaquino/laravel/gym-reservas/vendor/laravel/framework/src/Illuminate/View/View.php(209): Illuminate\\View\\Engines\\CompilerEngine->get()
#4 /var/www/vhosts/ieslamarisma.net/httpdocs/proyectos/2026/joseangelaquino/laravel/gym-reservas/vendor/laravel/framework/src/Illuminate/View/View.php(192): Illuminate\\View\\View->getContents()
#5 /var/www/vhosts/ieslamarisma.net/httpdocs/proyectos/2026/joseangelaquino/laravel/gym-reservas/vendor/laravel/framework/src/Illuminate/View/View.php(161): Illuminate\\View\\View->renderContents()
#6 /var/www/vhosts/ieslamarisma.net/httpdocs/proyectos/2026/joseangelaquino/laravel/gym-reservas/vendor/laravel/framework/src/Illuminate/Http/Response.php(79): Illuminate\\View\\View->render()
#7 /var/www/vhosts/ieslamarisma.net/httpdocs/proyectos/2026/joseangelaquino/laravel/gym-reservas/vendor/laravel/framework/src/Illuminate/Http/Response.php(35): Illuminate\\Http\\Response->setContent()
#8 /var/www/vhosts/ieslamarisma.net/httpdocs/proyectos/2026/joseangelaquino/laravel/gym-reservas/vendor/laravel/framework/src/Illuminate/Routing/Router.php(920): Illuminate\\Http\\Response->__construct()
#9 /var/www/vhosts/ieslamarisma.net/httpdocs/proyectos/2026/joseangelaquino/laravel/gym-reservas/vendor/laravel/framework/src/Illuminate/Routing/Router.php(887): Illuminate\\Routing\\Router::toResponse()
#10 /var/www/vhosts/ieslamarisma.net/httpdocs/proyectos/2026/joseangelaquino/laravel/gym-reservas/vendor/laravel/framework/src/Illuminate/Routing/Router.php(807): Illuminate\\Routing\\Router->prepareResponse()
#11 /var/www/vhosts/ieslamarisma.net/httpdocs/proyectos/2026/joseangelaquino/laravel/gym-reservas/vendor/laravel/framework/src/Illuminate/Pipeline/Pipeline.php(170): Illuminate\\Routing\\Router->Illuminate\\Routing\\{closure}()
#12 /var/www/vhosts/ieslamarisma.net/httpdocs/proyectos/2026/joseangelaquino/laravel/gym-reservas/vendor/laravel/framework/src/Illuminate/Auth/Middleware/RedirectIfAuthenticated.php(35): Illuminate\\Pipeline\\Pipeline->Illuminate\\Pipeline\\{closure}()
#13 /var/www/vhosts/ieslamarisma.net/httpdocs/proyectos/2026/joseangelaquino/laravel/gym-reservas/vendor/laravel/framework/src/Illuminate/Pipeline/Pipeline.php(209): Illuminate\\Auth\\Middleware\\RedirectIfAuthenticated->handle()
#14 /var/www/vhosts/ieslamarisma.net/httpdocs/proyectos/2026/joseangelaquino/laravel/gym-reservas/vendor/laravel/framework/src/Illuminate/Http/Middleware/AddLinkHeadersForPreloadedAssets.php(20): Illuminate\\Pipeline\\Pipeline->Illuminate\\Pipeline\\{closure}()
#15 /var/www/vhosts/ieslamarisma.net/httpdocs/proyectos/2026/joseangelaquino/laravel/gym-reservas/vendor/laravel/framework/src/Illuminate/Pipeline/Pipeline.php(209): Illuminate\\Http\\Middleware\\AddLinkHeadersForPreloadedAssets->handle()
#16 /var/www/vhosts/ieslamarisma.net/httpdocs/proyectos/2026/joseangelaquino/laravel/gym-reservas/vendor/inertiajs/inertia-laravel/src/Middleware.php(122): Illuminate\\Pipeline\\Pipeline->Illuminate\\Pipeline\\{closure}()
#17 /var/www/vhosts/ieslamarisma.net/httpdocs/proyectos/2026/joseangelaquino/laravel/gym-reservas/vendor/laravel/framework/src/Illuminate/Pipeline/Pipeline.php(209): Inertia\\Middleware->handle()
#18 /var/www/vhosts/ieslamarisma.net/httpdocs/proyectos/2026/joseangelaquino/laravel/gym-reservas/vendor/laravel/framework/src/Illuminate/Routing/Middleware/SubstituteBindings.php(51): Illuminate\\Pipeline\\Pipeline->Illuminate\\Pipeline\\{closure}()
#19 /var/www/vhosts/ieslamarisma.net/httpdocs/proyectos/2026/joseangelaquino/laravel/gym-reservas/vendor/laravel/framework/src/Illuminate/Pipeline/Pipeline.php(209): Illuminate\\Routing\\Middleware\\SubstituteBindings->handle()
#20 /var/www/vhosts/ieslamarisma.net/httpdocs/proyectos/2026/joseangelaquino/laravel/gym-reservas/vendor/laravel/framework/src/Illuminate/Foundation/Http/Middleware/VerifyCsrfToken.php(88): Illuminate\\Pipeline\\Pipeline->Illuminate\\Pipeline\\{closure}()
#21 /var/www/vhosts/ieslamarisma.net/httpdocs/proyectos/2026/joseangelaquino/laravel/gym-reservas/vendor/laravel/framework/src/Illuminate/Pipeline/Pipeline.php(209): Illuminate\\Foundation\\Http\\Middleware\\VerifyCsrfToken->handle()
#22 /var/www/vhosts/ieslamarisma.net/httpdocs/proyectos/2026/joseangelaquino/laravel/gym-reservas/vendor/laravel/framework/src/Illuminate/View/Middleware/ShareErrorsFromSession.php(49): Illuminate\\Pipeline\\Pipeline->Illuminate\\Pipeline\\{closure}()
#23 /var/www/vhosts/ieslamarisma.net/httpdocs/proyectos/2026/joseangelaquino/laravel/gym-reservas/vendor/laravel/framework/src/Illuminate/Pipeline/Pipeline.php(209): Illuminate\\View\\Middleware\\ShareErrorsFromSession->handle()
#24 /var/www/vhosts/ieslamarisma.net/httpdocs/proyectos/2026/joseangelaquino/laravel/gym-reservas/vendor/laravel/framework/src/Illuminate/Session/Middleware/StartSession.php(121): Illuminate\\Pipeline\\Pipeline->Illuminate\\Pipeline\\{closure}()
#25 /var/www/vhosts/ieslamarisma.net/httpdocs/proyectos/2026/joseangelaquino/laravel/gym-reservas/vendor/laravel/framework/src/Illuminate/Session/Middleware/StartSession.php(64): Illuminate\\Session\\Middleware\\StartSession->handleStatefulRequest()
#26 /var/www/vhosts/ieslamarisma.net/httpdocs/proyectos/2026/joseangelaquino/laravel/gym-reservas/vendor/laravel/framework/src/Illuminate/Pipeline/Pipeline.php(209): Illuminate\\Session\\Middleware\\StartSession->handle()
#27 /var/www/vhosts/ieslamarisma.net/httpdocs/proyectos/2026/joseangelaquino/laravel/gym-reservas/vendor/laravel/framework/src/Illuminate/Cookie/Middleware/AddQueuedCookiesToResponse.php(37): Illuminate\\Pipeline\\Pipeline->Illuminate\\Pipeline\\{closure}()
#28 /var/www/vhosts/ieslamarisma.net/httpdocs/proyectos/2026/joseangelaquino/laravel/gym-reservas/vendor/laravel/framework/src/Illuminate/Pipeline/Pipeline.php(209): Illuminate\\Cookie\\Middleware\\AddQueuedCookiesToResponse->handle()
#29 /var/www/vhosts/ieslamarisma.net/httpdocs/proyectos/2026/joseangelaquino/laravel/gym-reservas/vendor/laravel/framework/src/Illuminate/Cookie/Middleware/EncryptCookies.php(75): Illuminate\\Pipeline\\Pipeline->Illuminate\\Pipeline\\{closure}()
#30 /var/www/vhosts/ieslamarisma.net/httpdocs/proyectos/2026/joseangelaquino/laravel/gym-reservas/vendor/laravel/framework/src/Illuminate/Pipeline/Pipeline.php(209): Illuminate\\Cookie\\Middleware\\EncryptCookies->handle()
#31 /var/www/vhosts/ieslamarisma.net/httpdocs/proyectos/2026/joseangelaquino/laravel/gym-reservas/vendor/laravel/framework/src/Illuminate/Pipeline/Pipeline.php(127): Illuminate\\Pipeline\\Pipeline->Illuminate\\Pipeline\\{closure}()
#32 /var/www/vhosts/ieslamarisma.net/httpdocs/proyectos/2026/joseangelaquino/laravel/gym-reservas/vendor/laravel/framework/src/Illuminate/Routing/Router.php(807): Illuminate\\Pipeline\\Pipeline->then()
#33 /var/www/vhosts/ieslamarisma.net/httpdocs/proyectos/2026/joseangelaquino/laravel/gym-reservas/vendor/laravel/framework/src/Illuminate/Routing/Router.php(786): Illuminate\\Routing\\Router->runRouteWithinStack()
#34 /var/www/vhosts/ieslamarisma.net/httpdocs/proyectos/2026/joseangelaquino/laravel/gym-reservas/vendor/laravel/framework/src/Illuminate/Routing/Router.php(750): Illuminate\\Routing\\Router->runRoute()
#35 /var/www/vhosts/ieslamarisma.net/httpdocs/proyectos/2026/joseangelaquino/laravel/gym-reservas/vendor/laravel/framework/src/Illuminate/Routing/Router.php(739): Illuminate\\Routing\\Router->dispatchToRoute()
#36 /var/www/vhosts/ieslamarisma.net/httpdocs/proyectos/2026/joseangelaquino/laravel/gym-reservas/vendor/laravel/framework/src/Illuminate/Foundation/Http/Kernel.php(201): Illuminate\\Routing\\Router->dispatch()
#37 /var/www/vhosts/ieslamarisma.net/httpdocs/proyectos/2026/joseangelaquino/laravel/gym-reservas/vendor/laravel/framework/src/Illuminate/Pipeline/Pipeline.php(170): Illuminate\\Foundation\\Http\\Kernel->Illuminate\\Foundation\\Http\\{closure}()
#38 /var/www/vhosts/ieslamarisma.net/httpdocs/proyectos/2026/joseangelaquino/laravel/gym-reservas/vendor/laravel/framework/src/Illuminate/Foundation/Http/Middleware/TransformsRequest.php(21): Illuminate\\Pipeline\\Pipeline->Illuminate\\Pipeline\\{closure}()
#39 /var/www/vhosts/ieslamarisma.net/httpdocs/proyectos/2026/joseangelaquino/laravel/gym-reservas/vendor/laravel/framework/src/Illuminate/Foundation/Http/Middleware/ConvertEmptyStringsToNull.php(31): Illuminate\\Foundation\\Http\\Middleware\\TransformsRequest->handle()
#40 /var/www/vhosts/ieslamarisma.net/httpdocs/proyectos/2026/joseangelaquino/laravel/gym-reservas/vendor/laravel/framework/src/Illuminate/Pipeline/Pipeline.php(209): Illuminate\\Foundation\\Http\\Middleware\\ConvertEmptyStringsToNull->handle()
#41 /var/www/vhosts/ieslamarisma.net/httpdocs/proyectos/2026/joseangelaquino/laravel/gym-reservas/vendor/laravel/framework/src/Illuminate/Foundation/Http/Middleware/TransformsRequest.php(21): Illuminate\\Pipeline\\Pipeline->Illuminate\\Pipeline\\{closure}()
#42 /var/www/vhosts/ieslamarisma.net/httpdocs/proyectos/2026/joseangelaquino/laravel/gym-reservas/vendor/laravel/framework/src/Illuminate/Foundation/Http/Middleware/TrimStrings.php(51): Illuminate\\Foundation\\Http\\Middleware\\TransformsRequest->handle()
#43 /var/www/vhosts/ieslamarisma.net/httpdocs/proyectos/2026/joseangelaquino/laravel/gym-reservas/vendor/laravel/framework/src/Illuminate/Pipeline/Pipeline.php(209): Illuminate\\Foundation\\Http\\Middleware\\TrimStrings->handle()
#44 /var/www/vhosts/ieslamarisma.net/httpdocs/proyectos/2026/joseangelaquino/laravel/gym-reservas/vendor/laravel/framework/src/Illuminate/Http/Middleware/ValidatePostSize.php(27): Illuminate\\Pipeline\\Pipeline->Illuminate\\Pipeline\\{closure}()
#45 /var/www/vhosts/ieslamarisma.net/httpdocs/proyectos/2026/joseangelaquino/laravel/gym-reservas/vendor/laravel/framework/src/Illuminate/Pipeline/Pipeline.php(209): Illuminate\\Http\\Middleware\\ValidatePostSize->handle()
#46 /var/www/vhosts/ieslamarisma.net/httpdocs/proyectos/2026/joseangelaquino/laravel/gym-reservas/vendor/laravel/framework/src/Illuminate/Foundation/Http/Middleware/PreventRequestsDuringMaintenance.php(110): Illuminate\\Pipeline\\Pipeline->Illuminate\\Pipeline\\{closure}()
#47 /var/www/vhosts/ieslamarisma.net/httpdocs/proyectos/2026/joseangelaquino/laravel/gym-reservas/vendor/laravel/framework/src/Illuminate/Pipeline/Pipeline.php(209): Illuminate\\Foundation\\Http\\Middleware\\PreventRequestsDuringMaintenance->handle()
#48 /var/www/vhosts/ieslamarisma.net/httpdocs/proyectos/2026/joseangelaquino/laravel/gym-reservas/vendor/laravel/framework/src/Illuminate/Http/Middleware/HandleCors.php(49): Illuminate\\Pipeline\\Pipeline->Illuminate\\Pipeline\\{closure}()
#49 /var/www/vhosts/ieslamarisma.net/httpdocs/proyectos/2026/joseangelaquino/laravel/gym-reservas/vendor/laravel/framework/src/Illuminate/Pipeline/Pipeline.php(209): Illuminate\\Http\\Middleware\\HandleCors->handle()
#50 /var/www/vhosts/ieslamarisma.net/httpdocs/proyectos/2026/joseangelaquino/laravel/gym-reservas/vendor/laravel/framework/src/Illuminate/Http/Middleware/TrustProxies.php(58): Illuminate\\Pipeline\\Pipeline->Illuminate\\Pipeline\\{closure}()
#51 /var/www/vhosts/ieslamarisma.net/httpdocs/proyectos/2026/joseangelaquino/laravel/gym-reservas/vendor/laravel/framework/src/Illuminate/Pipeline/Pipeline.php(209): Illuminate\\Http\\Middleware\\TrustProxies->handle()
#52 /var/www/vhosts/ieslamarisma.net/httpdocs/proyectos/2026/joseangelaquino/laravel/gym-reservas/vendor/laravel/framework/src/Illuminate/Foundation/Http/Middleware/InvokeDeferredCallbacks.php(22): Illuminate\\Pipeline\\Pipeline->Illuminate\\Pipeline\\{closure}()
#53 /var/www/vhosts/ieslamarisma.net/httpdocs/proyectos/2026/joseangelaquino/laravel/gym-reservas/vendor/laravel/framework/src/Illuminate/Pipeline/Pipeline.php(209): Illuminate\\Foundation\\Http\\Middleware\\InvokeDeferredCallbacks->handle()
#54 /var/www/vhosts/ieslamarisma.net/httpdocs/proyectos/2026/joseangelaquino/laravel/gym-reservas/vendor/laravel/framework/src/Illuminate/Pipeline/Pipeline.php(127): Illuminate\\Pipeline\\Pipeline->Illuminate\\Pipeline\\{closure}()
#55 /var/www/vhosts/ieslamarisma.net/httpdocs/proyectos/2026/joseangelaquino/laravel/gym-reservas/vendor/laravel/framework/src/Illuminate/Foundation/Http/Kernel.php(176): Illuminate\\Pipeline\\Pipeline->then()
#56 /var/www/vhosts/ieslamarisma.net/httpdocs/proyectos/2026/joseangelaquino/laravel/gym-reservas/vendor/laravel/framework/src/Illuminate/Foundation/Http/Kernel.php(145): Illuminate\\Foundation\\Http\\Kernel->sendRequestThroughRouter()
#57 /var/www/vhosts/ieslamarisma.net/httpdocs/proyectos/2026/joseangelaquino/laravel/gym-reservas/vendor/laravel/framework/src/Illuminate/Foundation/Application.php(1220): Illuminate\\Foundation\\Http\\Kernel->handle()
#58 /var/www/vhosts/ieslamarisma.net/httpdocs/proyectos/2026/joseangelaquino/laravel/gym-reservas/public/index.php(26): Illuminate\\Foundation\\Application->handleRequest()
#59 {main}
"} 
[2026-04-12 17:02:33] production.ERROR: syntax error, unexpected end of file, expecting "elseif" or "else" or "endif" (View: /var/www/vhosts/ieslamarisma.net/httpdocs/proyectos/2026/joseangelaquino/laravel/gym-reservas/resources/views/auth/register.blade.php) {"exception":"[object] (Illuminate\\View\\ViewException(code: 0): syntax error, unexpected end of file, expecting \"elseif\" or \"else\" or \"endif\" (View: /var/www/vhosts/ieslamarisma.net/httpdocs/proyectos/2026/joseangelaquino/laravel/gym-reservas/resources/views/auth/register.blade.php) at /var/www/vhosts/ieslamarisma.net/httpdocs/proyectos/2026/joseangelaquino/laravel/gym-reservas/storage/framework/views/08bd678c24c6ebca26eb51391224eab6.php:290)
[stacktrace]
#0 /var/www/vhosts/ieslamarisma.net/httpdocs/proyectos/2026/joseangelaquino/laravel/gym-reservas/vendor/laravel/framework/src/Illuminate/View/Engines/PhpEngine.php(60): Illuminate\\View\\Engines\\CompilerEngine->handleViewException()
#1 /var/www/vhosts/ieslamarisma.net/httpdocs/proyectos/2026/joseangelaquino/laravel/gym-reservas/vendor/laravel/framework/src/Illuminate/View/Engines/CompilerEngine.php(75): Illuminate\\View\\Engines\\PhpEngine->evaluatePath()
#2 /var/www/vhosts/ieslamarisma.net/httpdocs/proyectos/2026/joseangelaquino/laravel/gym-reservas/vendor/laravel/framework/src/Illuminate/View/View.php(209): Illuminate\\View\\Engines\\CompilerEngine->get()
#3 /var/www/vhosts/ieslamarisma.net/httpdocs/proyectos/2026/joseangelaquino/laravel/gym-reservas/vendor/laravel/framework/src/Illuminate/View/View.php(192): Illuminate\\View\\View->getContents()
#4 /var/www/vhosts/ieslamarisma.net/httpdocs/proyectos/2026/joseangelaquino/laravel/gym-reservas/vendor/laravel/framework/src/Illuminate/View/View.php(161): Illuminate\\View\\View->renderContents()
#5 /var/www/vhosts/ieslamarisma.net/httpdocs/proyectos/2026/joseangelaquino/laravel/gym-reservas/vendor/laravel/framework/src/Illuminate/Http/Response.php(79): Illuminate\\View\\View->render()
#6 /var/www/vhosts/ieslamarisma.net/httpdocs/proyectos/2026/joseangelaquino/laravel/gym-reservas/vendor/laravel/framework/src/Illuminate/Http/Response.php(35): Illuminate\\Http\\Response->setContent()
#7 /var/www/vhosts/ieslamarisma.net/httpdocs/proyectos/2026/joseangelaquino/laravel/gym-reservas/vendor/laravel/framework/src/Illuminate/Routing/Router.php(920): Illuminate\\Http\\Response->__construct()
#8 /var/www/vhosts/ieslamarisma.net/httpdocs/proyectos/2026/joseangelaquino/laravel/gym-reservas/vendor/laravel/framework/src/Illuminate/Routing/Router.php(887): Illuminate\\Routing\\Router::toResponse()
#9 /var/www/vhosts/ieslamarisma.net/httpdocs/proyectos/2026/joseangelaquino/laravel/gym-reservas/vendor/laravel/framework/src/Illuminate/Routing/Router.php(807): Illuminate\\Routing\\Router->prepareResponse()
#10 /var/www/vhosts/ieslamarisma.net/httpdocs/proyectos/2026/joseangelaquino/laravel/gym-reservas/vendor/laravel/framework/src/Illuminate/Pipeline/Pipeline.php(170): Illuminate\\Routing\\Router->Illuminate\\Routing\\{closure}()
#11 /var/www/vhosts/ieslamarisma.net/httpdocs/proyectos/2026/joseangelaquino/laravel/gym-reservas/vendor/laravel/framework/src/Illuminate/Auth/Middleware/RedirectIfAuthenticated.php(35): Illuminate\\Pipeline\\Pipeline->Illuminate\\Pipeline\\{closure}()
#12 /var/www/vhosts/ieslamarisma.net/httpdocs/proyectos/2026/joseangelaquino/laravel/gym-reservas/vendor/laravel/framework/src/Illuminate/Pipeline/Pipeline.php(209): Illuminate\\Auth\\Middleware\\RedirectIfAuthenticated->handle()
#13 /var/www/vhosts/ieslamarisma.net/httpdocs/proyectos/2026/joseangelaquino/laravel/gym-reservas/vendor/laravel/framework/src/Illuminate/Http/Middleware/AddLinkHeadersForPreloadedAssets.php(20): Illuminate\\Pipeline\\Pipeline->Illuminate\\Pipeline\\{closure}()
#14 /var/www/vhosts/ieslamarisma.net/httpdocs/proyectos/2026/joseangelaquino/laravel/gym-reservas/vendor/laravel/framework/src/Illuminate/Pipeline/Pipeline.php(209): Illuminate\\Http\\Middleware\\AddLinkHeadersForPreloadedAssets->handle()
#15 /var/www/vhosts/ieslamarisma.net/httpdocs/proyectos/2026/joseangelaquino/laravel/gym-reservas/vendor/inertiajs/inertia-laravel/src/Middleware.php(122): Illuminate\\Pipeline\\Pipeline->Illuminate\\Pipeline\\{closure}()
#16 /var/www/vhosts/ieslamarisma.net/httpdocs/proyectos/2026/joseangelaquino/laravel/gym-reservas/vendor/laravel/framework/src/Illuminate/Pipeline/Pipeline.php(209): Inertia\\Middleware->handle()
#17 /var/www/vhosts/ieslamarisma.net/httpdocs/proyectos/2026/joseangelaquino/laravel/gym-reservas/vendor/laravel/framework/src/Illuminate/Routing/Middleware/SubstituteBindings.php(51): Illuminate\\Pipeline\\Pipeline->Illuminate\\Pipeline\\{closure}()
#18 /var/www/vhosts/ieslamarisma.net/httpdocs/proyectos/2026/joseangelaquino/laravel/gym-reservas/vendor/laravel/framework/src/Illuminate/Pipeline/Pipeline.php(209): Illuminate\\Routing\\Middleware\\SubstituteBindings->handle()
#19 /var/www/vhosts/ieslamarisma.net/httpdocs/proyectos/2026/joseangelaquino/laravel/gym-reservas/vendor/laravel/framework/src/Illuminate/Foundation/Http/Middleware/VerifyCsrfToken.php(88): Illuminate\\Pipeline\\Pipeline->Illuminate\\Pipeline\\{closure}()
#20 /var/www/vhosts/ieslamarisma.net/httpdocs/proyectos/2026/joseangelaquino/laravel/gym-reservas/vendor/laravel/framework/src/Illuminate/Pipeline/Pipeline.php(209): Illuminate\\Foundation\\Http\\Middleware\\VerifyCsrfToken->handle()
#21 /var/www/vhosts/ieslamarisma.net/httpdocs/proyectos/2026/joseangelaquino/laravel/gym-reservas/vendor/laravel/framework/src/Illuminate/View/Middleware/ShareErrorsFromSession.php(49): Illuminate\\Pipeline\\Pipeline->Illuminate\\Pipeline\\{closure}()
#22 /var/www/vhosts/ieslamarisma.net/httpdocs/proyectos/2026/joseangelaquino/laravel/gym-reservas/vendor/laravel/framework/src/Illuminate/Pipeline/Pipeline.php(209): Illuminate\\View\\Middleware\\ShareErrorsFromSession->handle()
#23 /var/www/vhosts/ieslamarisma.net/httpdocs/proyectos/2026/joseangelaquino/laravel/gym-reservas/vendor/laravel/framework/src/Illuminate/Session/Middleware/StartSession.php(121): Illuminate\\Pipeline\\Pipeline->Illuminate\\Pipeline\\{closure}()
#24 /var/www/vhosts/ieslamarisma.net/httpdocs/proyectos/2026/joseangelaquino/laravel/gym-reservas/vendor/laravel/framework/src/Illuminate/Session/Middleware/StartSession.php(64): Illuminate\\Session\\Middleware\\StartSession->handleStatefulRequest()
#25 /var/www/vhosts/ieslamarisma.net/httpdocs/proyectos/2026/joseangelaquino/laravel/gym-reservas/vendor/laravel/framework/src/Illuminate/Pipeline/Pipeline.php(209): Illuminate\\Session\\Middleware\\StartSession->handle()
#26 /var/www/vhosts/ieslamarisma.net/httpdocs/proyectos/2026/joseangelaquino/laravel/gym-reservas/vendor/laravel/framework/src/Illuminate/Cookie/Middleware/AddQueuedCookiesToResponse.php(37): Illuminate\\Pipeline\\Pipeline->Illuminate\\Pipeline\\{closure}()
#27 /var/www/vhosts/ieslamarisma.net/httpdocs/proyectos/2026/joseangelaquino/laravel/gym-reservas/vendor/laravel/framework/src/Illuminate/Pipeline/Pipeline.php(209): Illuminate\\Cookie\\Middleware\\AddQueuedCookiesToResponse->handle()
#28 /var/www/vhosts/ieslamarisma.net/httpdocs/proyectos/2026/joseangelaquino/laravel/gym-reservas/vendor/laravel/framework/src/Illuminate/Cookie/Middleware/EncryptCookies.php(75): Illuminate\\Pipeline\\Pipeline->Illuminate\\Pipeline\\{closure}()
#29 /var/www/vhosts/ieslamarisma.net/httpdocs/proyectos/2026/joseangelaquino/laravel/gym-reservas/vendor/laravel/framework/src/Illuminate/Pipeline/Pipeline.php(209): Illuminate\\Cookie\\Middleware\\EncryptCookies->handle()
#30 /var/www/vhosts/ieslamarisma.net/httpdocs/proyectos/2026/joseangelaquino/laravel/gym-reservas/vendor/laravel/framework/src/Illuminate/Pipeline/Pipeline.php(127): Illuminate\\Pipeline\\Pipeline->Illuminate\\Pipeline\\{closure}()
#31 /var/www/vhosts/ieslamarisma.net/httpdocs/proyectos/2026/joseangelaquino/laravel/gym-reservas/vendor/laravel/framework/src/Illuminate/Routing/Router.php(807): Illuminate\\Pipeline\\Pipeline->then()
#32 /var/www/vhosts/ieslamarisma.net/httpdocs/proyectos/2026/joseangelaquino/laravel/gym-reservas/vendor/laravel/framework/src/Illuminate/Routing/Router.php(786): Illuminate\\Routing\\Router->runRouteWithinStack()
#33 /var/www/vhosts/ieslamarisma.net/httpdocs/proyectos/2026/joseangelaquino/laravel/gym-reservas/vendor/laravel/framework/src/Illuminate/Routing/Router.php(750): Illuminate\\Routing\\Router->runRoute()
#34 /var/www/vhosts/ieslamarisma.net/httpdocs/proyectos/2026/joseangelaquino/laravel/gym-reservas/vendor/laravel/framework/src/Illuminate/Routing/Router.php(739): Illuminate\\Routing\\Router->dispatchToRoute()
#35 /var/www/vhosts/ieslamarisma.net/httpdocs/proyectos/2026/joseangelaquino/laravel/gym-reservas/vendor/laravel/framework/src/Illuminate/Foundation/Http/Kernel.php(201): Illuminate\\Routing\\Router->dispatch()
#36 /var/www/vhosts/ieslamarisma.net/httpdocs/proyectos/2026/joseangelaquino/laravel/gym-reservas/vendor/laravel/framework/src/Illuminate/Pipeline/Pipeline.php(170): Illuminate\\Foundation\\Http\\Kernel->Illuminate\\Foundation\\Http\\{closure}()
#37 /var/www/vhosts/ieslamarisma.net/httpdocs/proyectos/2026/joseangelaquino/laravel/gym-reservas/vendor/laravel/framework/src/Illuminate/Foundation/Http/Middleware/TransformsRequest.php(21): Illuminate\\Pipeline\\Pipeline->Illuminate\\Pipeline\\{closure}()
#38 /var/www/vhosts/ieslamarisma.net/httpdocs/proyectos/2026/joseangelaquino/laravel/gym-reservas/vendor/laravel/framework/src/Illuminate/Foundation/Http/Middleware/ConvertEmptyStringsToNull.php(31): Illuminate\\Foundation\\Http\\Middleware\\TransformsRequest->handle()
#39 /var/www/vhosts/ieslamarisma.net/httpdocs/proyectos/2026/joseangelaquino/laravel/gym-reservas/vendor/laravel/framework/src/Illuminate/Pipeline/Pipeline.php(209): Illuminate\\Foundation\\Http\\Middleware\\ConvertEmptyStringsToNull->handle()
#40 /var/www/vhosts/ieslamarisma.net/httpdocs/proyectos/2026/joseangelaquino/laravel/gym-reservas/vendor/laravel/framework/src/Illuminate/Foundation/Http/Middleware/TransformsRequest.php(21): Illuminate\\Pipeline\\Pipeline->Illuminate\\Pipeline\\{closure}()
#41 /var/www/vhosts/ieslamarisma.net/httpdocs/proyectos/2026/joseangelaquino/laravel/gym-reservas/vendor/laravel/framework/src/Illuminate/Foundation/Http/Middleware/TrimStrings.php(51): Illuminate\\Foundation\\Http\\Middleware\\TransformsRequest->handle()
#42 /var/www/vhosts/ieslamarisma.net/httpdocs/proyectos/2026/joseangelaquino/laravel/gym-reservas/vendor/laravel/framework/src/Illuminate/Pipeline/Pipeline.php(209): Illuminate\\Foundation\\Http\\Middleware\\TrimStrings->handle()
#43 /var/www/vhosts/ieslamarisma.net/httpdocs/proyectos/2026/joseangelaquino/laravel/gym-reservas/vendor/laravel/framework/src/Illuminate/Http/Middleware/ValidatePostSize.php(27): Illuminate\\Pipeline\\Pipeline->Illuminate\\Pipeline\\{closure}()
#44 /var/www/vhosts/ieslamarisma.net/httpdocs/proyectos/2026/joseangelaquino/laravel/gym-reservas/vendor/laravel/framework/src/Illuminate/Pipeline/Pipeline.php(209): Illuminate\\Http\\Middleware\\ValidatePostSize->handle()
#45 /var/www/vhosts/ieslamarisma.net/httpdocs/proyectos/2026/joseangelaquino/laravel/gym-reservas/vendor/laravel/framework/src/Illuminate/Foundation/Http/Middleware/PreventRequestsDuringMaintenance.php(110): Illuminate\\Pipeline\\Pipeline->Illuminate\\Pipeline\\{closure}()
#46 /var/www/vhosts/ieslamarisma.net/httpdocs/proyectos/2026/joseangelaquino/laravel/gym-reservas/vendor/laravel/framework/src/Illuminate/Pipeline/Pipeline.php(209): Illuminate\\Foundation\\Http\\Middleware\\PreventRequestsDuringMaintenance->handle()
#47 /var/www/vhosts/ieslamarisma.net/httpdocs/proyectos/2026/joseangelaquino/laravel/gym-reservas/vendor/laravel/framework/src/Illuminate/Http/Middleware/HandleCors.php(49): Illuminate\\Pipeline\\Pipeline->Illuminate\\Pipeline\\{closure}()
#48 /var/www/vhosts/ieslamarisma.net/httpdocs/proyectos/2026/joseangelaquino/laravel/gym-reservas/vendor/laravel/framework/src/Illuminate/Pipeline/Pipeline.php(209): Illuminate\\Http\\Middleware\\HandleCors->handle()
#49 /var/www/vhosts/ieslamarisma.net/httpdocs/proyectos/2026/joseangelaquino/laravel/gym-reservas/vendor/laravel/framework/src/Illuminate/Http/Middleware/TrustProxies.php(58): Illuminate\\Pipeline\\Pipeline->Illuminate\\Pipeline\\{closure}()
#50 /var/www/vhosts/ieslamarisma.net/httpdocs/proyectos/2026/joseangelaquino/laravel/gym-reservas/vendor/laravel/framework/src/Illuminate/Pipeline/Pipeline.php(209): Illuminate\\Http\\Middleware\\TrustProxies->handle()
#51 /var/www/vhosts/ieslamarisma.net/httpdocs/proyectos/2026/joseangelaquino/laravel/gym-reservas/vendor/laravel/framework/src/Illuminate/Foundation/Http/Middleware/InvokeDeferredCallbacks.php(22): Illuminate\\Pipeline\\Pipeline->Illuminate\\Pipeline\\{closure}()
#52 /var/www/vhosts/ieslamarisma.net/httpdocs/proyectos/2026/joseangelaquino/laravel/gym-reservas/vendor/laravel/framework/src/Illuminate/Pipeline/Pipeline.php(209): Illuminate\\Foundation\\Http\\Middleware\\InvokeDeferredCallbacks->handle()
#53 /var/www/vhosts/ieslamarisma.net/httpdocs/proyectos/2026/joseangelaquino/laravel/gym-reservas/vendor/laravel/framework/src/Illuminate/Pipeline/Pipeline.php(127): Illuminate\\Pipeline\\Pipeline->Illuminate\\Pipeline\\{closure}()
#54 /var/www/vhosts/ieslamarisma.net/httpdocs/proyectos/2026/joseangelaquino/laravel/gym-reservas/vendor/laravel/framework/src/Illuminate/Foundation/Http/Kernel.php(176): Illuminate\\Pipeline\\Pipeline->then()
#55 /var/www/vhosts/ieslamarisma.net/httpdocs/proyectos/2026/joseangelaquino/laravel/gym-reservas/vendor/laravel/framework/src/Illuminate/Foundation/Http/Kernel.php(145): Illuminate\\Foundation\\Http\\Kernel->sendRequestThroughRouter()
#56 /var/www/vhosts/ieslamarisma.net/httpdocs/proyectos/2026/joseangelaquino/laravel/gym-reservas/vendor/laravel/framework/src/Illuminate/Foundation/Application.php(1220): Illuminate\\Foundation\\Http\\Kernel->handle()
#57 /var/www/vhosts/ieslamarisma.net/httpdocs/proyectos/2026/joseangelaquino/laravel/gym-reservas/public/index.php(26): Illuminate\\Foundation\\Application->handleRequest()
#58 {main}

[previous exception] [object] (ParseError(code: 0): syntax error, unexpected end of file, expecting \"elseif\" or \"else\" or \"endif\" at /var/www/vhosts/ieslamarisma.net/httpdocs/proyectos/2026/joseangelaquino/laravel/gym-reservas/storage/framework/views/08bd678c24c6ebca26eb51391224eab6.php:290)
[stacktrace]
#0 /var/www/vhosts/ieslamarisma.net/httpdocs/proyectos/2026/joseangelaquino/laravel/gym-reservas/vendor/laravel/framework/src/Illuminate/Filesystem/Filesystem.php(124): Illuminate\\Filesystem\\Filesystem::Illuminate\\Filesystem\\{closure}()
#1 /var/www/vhosts/ieslamarisma.net/httpdocs/proyectos/2026/joseangelaquino/laravel/gym-reservas/vendor/laravel/framework/src/Illuminate/View/Engines/PhpEngine.php(58): Illuminate\\Filesystem\\Filesystem->getRequire()
#2 /var/www/vhosts/ieslamarisma.net/httpdocs/proyectos/2026/joseangelaquino/laravel/gym-reservas/vendor/laravel/framework/src/Illuminate/View/Engines/CompilerEngine.php(75): Illuminate\\View\\Engines\\PhpEngine->evaluatePath()
#3 /var/www/vhosts/ieslamarisma.net/httpdocs/proyectos/2026/joseangelaquino/laravel/gym-reservas/vendor/laravel/framework/src/Illuminate/View/View.php(209): Illuminate\\View\\Engines\\CompilerEngine->get()
#4 /var/www/vhosts/ieslamarisma.net/httpdocs/proyectos/2026/joseangelaquino/laravel/gym-reservas/vendor/laravel/framework/src/Illuminate/View/View.php(192): Illuminate\\View\\View->getContents()
#5 /var/www/vhosts/ieslamarisma.net/httpdocs/proyectos/2026/joseangelaquino/laravel/gym-reservas/vendor/laravel/framework/src/Illuminate/View/View.php(161): Illuminate\\View\\View->renderContents()
#6 /var/www/vhosts/ieslamarisma.net/httpdocs/proyectos/2026/joseangelaquino/laravel/gym-reservas/vendor/laravel/framework/src/Illuminate/Http/Response.php(79): Illuminate\\View\\View->render()
#7 /var/www/vhosts/ieslamarisma.net/httpdocs/proyectos/2026/joseangelaquino/laravel/gym-reservas/vendor/laravel/framework/src/Illuminate/Http/Response.php(35): Illuminate\\Http\\Response->setContent()
#8 /var/www/vhosts/ieslamarisma.net/httpdocs/proyectos/2026/joseangelaquino/laravel/gym-reservas/vendor/laravel/framework/src/Illuminate/Routing/Router.php(920): Illuminate\\Http\\Response->__construct()
#9 /var/www/vhosts/ieslamarisma.net/httpdocs/proyectos/2026/joseangelaquino/laravel/gym-reservas/vendor/laravel/framework/src/Illuminate/Routing/Router.php(887): Illuminate\\Routing\\Router::toResponse()
#10 /var/www/vhosts/ieslamarisma.net/httpdocs/proyectos/2026/joseangelaquino/laravel/gym-reservas/vendor/laravel/framework/src/Illuminate/Routing/Router.php(807): Illuminate\\Routing\\Router->prepareResponse()
#11 /var/www/vhosts/ieslamarisma.net/httpdocs/proyectos/2026/joseangelaquino/laravel/gym-reservas/vendor/laravel/framework/src/Illuminate/Pipeline/Pipeline.php(170): Illuminate\\Routing\\Router->Illuminate\\Routing\\{closure}()
#12 /var/www/vhosts/ieslamarisma.net/httpdocs/proyectos/2026/joseangelaquino/laravel/gym-reservas/vendor/laravel/framework/src/Illuminate/Auth/Middleware/RedirectIfAuthenticated.php(35): Illuminate\\Pipeline\\Pipeline->Illuminate\\Pipeline\\{closure}()
#13 /var/www/vhosts/ieslamarisma.net/httpdocs/proyectos/2026/joseangelaquino/laravel/gym-reservas/vendor/laravel/framework/src/Illuminate/Pipeline/Pipeline.php(209): Illuminate\\Auth\\Middleware\\RedirectIfAuthenticated->handle()
#14 /var/www/vhosts/ieslamarisma.net/httpdocs/proyectos/2026/joseangelaquino/laravel/gym-reservas/vendor/laravel/framework/src/Illuminate/Http/Middleware/AddLinkHeadersForPreloadedAssets.php(20): Illuminate\\Pipeline\\Pipeline->Illuminate\\Pipeline\\{closure}()
#15 /var/www/vhosts/ieslamarisma.net/httpdocs/proyectos/2026/joseangelaquino/laravel/gym-reservas/vendor/laravel/framework/src/Illuminate/Pipeline/Pipeline.php(209): Illuminate\\Http\\Middleware\\AddLinkHeadersForPreloadedAssets->handle()
#16 /var/www/vhosts/ieslamarisma.net/httpdocs/proyectos/2026/joseangelaquino/laravel/gym-reservas/vendor/inertiajs/inertia-laravel/src/Middleware.php(122): Illuminate\\Pipeline\\Pipeline->Illuminate\\Pipeline\\{closure}()
#17 /var/www/vhosts/ieslamarisma.net/httpdocs/proyectos/2026/joseangelaquino/laravel/gym-reservas/vendor/laravel/framework/src/Illuminate/Pipeline/Pipeline.php(209): Inertia\\Middleware->handle()
#18 /var/www/vhosts/ieslamarisma.net/httpdocs/proyectos/2026/joseangelaquino/laravel/gym-reservas/vendor/laravel/framework/src/Illuminate/Routing/Middleware/SubstituteBindings.php(51): Illuminate\\Pipeline\\Pipeline->Illuminate\\Pipeline\\{closure}()
#19 /var/www/vhosts/ieslamarisma.net/httpdocs/proyectos/2026/joseangelaquino/laravel/gym-reservas/vendor/laravel/framework/src/Illuminate/Pipeline/Pipeline.php(209): Illuminate\\Routing\\Middleware\\SubstituteBindings->handle()
#20 /var/www/vhosts/ieslamarisma.net/httpdocs/proyectos/2026/joseangelaquino/laravel/gym-reservas/vendor/laravel/framework/src/Illuminate/Foundation/Http/Middleware/VerifyCsrfToken.php(88): Illuminate\\Pipeline\\Pipeline->Illuminate\\Pipeline\\{closure}()
#21 /var/www/vhosts/ieslamarisma.net/httpdocs/proyectos/2026/joseangelaquino/laravel/gym-reservas/vendor/laravel/framework/src/Illuminate/Pipeline/Pipeline.php(209): Illuminate\\Foundation\\Http\\Middleware\\VerifyCsrfToken->handle()
#22 /var/www/vhosts/ieslamarisma.net/httpdocs/proyectos/2026/joseangelaquino/laravel/gym-reservas/vendor/laravel/framework/src/Illuminate/View/Middleware/ShareErrorsFromSession.php(49): Illuminate\\Pipeline\\Pipeline->Illuminate\\Pipeline\\{closure}()
#23 /var/www/vhosts/ieslamarisma.net/httpdocs/proyectos/2026/joseangelaquino/laravel/gym-reservas/vendor/laravel/framework/src/Illuminate/Pipeline/Pipeline.php(209): Illuminate\\View\\Middleware\\ShareErrorsFromSession->handle()
#24 /var/www/vhosts/ieslamarisma.net/httpdocs/proyectos/2026/joseangelaquino/laravel/gym-reservas/vendor/laravel/framework/src/Illuminate/Session/Middleware/StartSession.php(121): Illuminate\\Pipeline\\Pipeline->Illuminate\\Pipeline\\{closure}()
#25 /var/www/vhosts/ieslamarisma.net/httpdocs/proyectos/2026/joseangelaquino/laravel/gym-reservas/vendor/laravel/framework/src/Illuminate/Session/Middleware/StartSession.php(64): Illuminate\\Session\\Middleware\\StartSession->handleStatefulRequest()
#26 /var/www/vhosts/ieslamarisma.net/httpdocs/proyectos/2026/joseangelaquino/laravel/gym-reservas/vendor/laravel/framework/src/Illuminate/Pipeline/Pipeline.php(209): Illuminate\\Session\\Middleware\\StartSession->handle()
#27 /var/www/vhosts/ieslamarisma.net/httpdocs/proyectos/2026/joseangelaquino/laravel/gym-reservas/vendor/laravel/framework/src/Illuminate/Cookie/Middleware/AddQueuedCookiesToResponse.php(37): Illuminate\\Pipeline\\Pipeline->Illuminate\\Pipeline\\{closure}()
#28 /var/www/vhosts/ieslamarisma.net/httpdocs/proyectos/2026/joseangelaquino/laravel/gym-reservas/vendor/laravel/framework/src/Illuminate/Pipeline/Pipeline.php(209): Illuminate\\Cookie\\Middleware\\AddQueuedCookiesToResponse->handle()
#29 /var/www/vhosts/ieslamarisma.net/httpdocs/proyectos/2026/joseangelaquino/laravel/gym-reservas/vendor/laravel/framework/src/Illuminate/Cookie/Middleware/EncryptCookies.php(75): Illuminate\\Pipeline\\Pipeline->Illuminate\\Pipeline\\{closure}()
#30 /var/www/vhosts/ieslamarisma.net/httpdocs/proyectos/2026/joseangelaquino/laravel/gym-reservas/vendor/laravel/framework/src/Illuminate/Pipeline/Pipeline.php(209): Illuminate\\Cookie\\Middleware\\EncryptCookies->handle()
#31 /var/www/vhosts/ieslamarisma.net/httpdocs/proyectos/2026/joseangelaquino/laravel/gym-reservas/vendor/laravel/framework/src/Illuminate/Pipeline/Pipeline.php(127): Illuminate\\Pipeline\\Pipeline->Illuminate\\Pipeline\\{closure}()
#32 /var/www/vhosts/ieslamarisma.net/httpdocs/proyectos/2026/joseangelaquino/laravel/gym-reservas/vendor/laravel/framework/src/Illuminate/Routing/Router.php(807): Illuminate\\Pipeline\\Pipeline->then()
#33 /var/www/vhosts/ieslamarisma.net/httpdocs/proyectos/2026/joseangelaquino/laravel/gym-reservas/vendor/laravel/framework/src/Illuminate/Routing/Router.php(786): Illuminate\\Routing\\Router->runRouteWithinStack()
#34 /var/www/vhosts/ieslamarisma.net/httpdocs/proyectos/2026/joseangelaquino/laravel/gym-reservas/vendor/laravel/framework/src/Illuminate/Routing/Router.php(750): Illuminate\\Routing\\Router->runRoute()
#35 /var/www/vhosts/ieslamarisma.net/httpdocs/proyectos/2026/joseangelaquino/laravel/gym-reservas/vendor/laravel/framework/src/Illuminate/Routing/Router.php(739): Illuminate\\Routing\\Router->dispatchToRoute()
#36 /var/www/vhosts/ieslamarisma.net/httpdocs/proyectos/2026/joseangelaquino/laravel/gym-reservas/vendor/laravel/framework/src/Illuminate/Foundation/Http/Kernel.php(201): Illuminate\\Routing\\Router->dispatch()
#37 /var/www/vhosts/ieslamarisma.net/httpdocs/proyectos/2026/joseangelaquino/laravel/gym-reservas/vendor/laravel/framework/src/Illuminate/Pipeline/Pipeline.php(170): Illuminate\\Foundation\\Http\\Kernel->Illuminate\\Foundation\\Http\\{closure}()
#38 /var/www/vhosts/ieslamarisma.net/httpdocs/proyectos/2026/joseangelaquino/laravel/gym-reservas/vendor/laravel/framework/src/Illuminate/Foundation/Http/Middleware/TransformsRequest.php(21): Illuminate\\Pipeline\\Pipeline->Illuminate\\Pipeline\\{closure}()
#39 /var/www/vhosts/ieslamarisma.net/httpdocs/proyectos/2026/joseangelaquino/laravel/gym-reservas/vendor/laravel/framework/src/Illuminate/Foundation/Http/Middleware/ConvertEmptyStringsToNull.php(31): Illuminate\\Foundation\\Http\\Middleware\\TransformsRequest->handle()
#40 /var/www/vhosts/ieslamarisma.net/httpdocs/proyectos/2026/joseangelaquino/laravel/gym-reservas/vendor/laravel/framework/src/Illuminate/Pipeline/Pipeline.php(209): Illuminate\\Foundation\\Http\\Middleware\\ConvertEmptyStringsToNull->handle()
#41 /var/www/vhosts/ieslamarisma.net/httpdocs/proyectos/2026/joseangelaquino/laravel/gym-reservas/vendor/laravel/framework/src/Illuminate/Foundation/Http/Middleware/TransformsRequest.php(21): Illuminate\\Pipeline\\Pipeline->Illuminate\\Pipeline\\{closure}()
#42 /var/www/vhosts/ieslamarisma.net/httpdocs/proyectos/2026/joseangelaquino/laravel/gym-reservas/vendor/laravel/framework/src/Illuminate/Foundation/Http/Middleware/TrimStrings.php(51): Illuminate\\Foundation\\Http\\Middleware\\TransformsRequest->handle()
#43 /var/www/vhosts/ieslamarisma.net/httpdocs/proyectos/2026/joseangelaquino/laravel/gym-reservas/vendor/laravel/framework/src/Illuminate/Pipeline/Pipeline.php(209): Illuminate\\Foundation\\Http\\Middleware\\TrimStrings->handle()
#44 /var/www/vhosts/ieslamarisma.net/httpdocs/proyectos/2026/joseangelaquino/laravel/gym-reservas/vendor/laravel/framework/src/Illuminate/Http/Middleware/ValidatePostSize.php(27): Illuminate\\Pipeline\\Pipeline->Illuminate\\Pipeline\\{closure}()
#45 /var/www/vhosts/ieslamarisma.net/httpdocs/proyectos/2026/joseangelaquino/laravel/gym-reservas/vendor/laravel/framework/src/Illuminate/Pipeline/Pipeline.php(209): Illuminate\\Http\\Middleware\\ValidatePostSize->handle()
#46 /var/www/vhosts/ieslamarisma.net/httpdocs/proyectos/2026/joseangelaquino/laravel/gym-reservas/vendor/laravel/framework/src/Illuminate/Foundation/Http/Middleware/PreventRequestsDuringMaintenance.php(110): Illuminate\\Pipeline\\Pipeline->Illuminate\\Pipeline\\{closure}()
#47 /var/www/vhosts/ieslamarisma.net/httpdocs/proyectos/2026/joseangelaquino/laravel/gym-reservas/vendor/laravel/framework/src/Illuminate/Pipeline/Pipeline.php(209): Illuminate\\Foundation\\Http\\Middleware\\PreventRequestsDuringMaintenance->handle()
#48 /var/www/vhosts/ieslamarisma.net/httpdocs/proyectos/2026/joseangelaquino/laravel/gym-reservas/vendor/laravel/framework/src/Illuminate/Http/Middleware/HandleCors.php(49): Illuminate\\Pipeline\\Pipeline->Illuminate\\Pipeline\\{closure}()
#49 /var/www/vhosts/ieslamarisma.net/httpdocs/proyectos/2026/joseangelaquino/laravel/gym-reservas/vendor/laravel/framework/src/Illuminate/Pipeline/Pipeline.php(209): Illuminate\\Http\\Middleware\\HandleCors->handle()
#50 /var/www/vhosts/ieslamarisma.net/httpdocs/proyectos/2026/joseangelaquino/laravel/gym-reservas/vendor/laravel/framework/src/Illuminate/Http/Middleware/TrustProxies.php(58): Illuminate\\Pipeline\\Pipeline->Illuminate\\Pipeline\\{closure}()
#51 /var/www/vhosts/ieslamarisma.net/httpdocs/proyectos/2026/joseangelaquino/laravel/gym-reservas/vendor/laravel/framework/src/Illuminate/Pipeline/Pipeline.php(209): Illuminate\\Http\\Middleware\\TrustProxies->handle()
#52 /var/www/vhosts/ieslamarisma.net/httpdocs/proyectos/2026/joseangelaquino/laravel/gym-reservas/vendor/laravel/framework/src/Illuminate/Foundation/Http/Middleware/InvokeDeferredCallbacks.php(22): Illuminate\\Pipeline\\Pipeline->Illuminate\\Pipeline\\{closure}()
#53 /var/www/vhosts/ieslamarisma.net/httpdocs/proyectos/2026/joseangelaquino/laravel/gym-reservas/vendor/laravel/framework/src/Illuminate/Pipeline/Pipeline.php(209): Illuminate\\Foundation\\Http\\Middleware\\InvokeDeferredCallbacks->handle()
#54 /var/www/vhosts/ieslamarisma.net/httpdocs/proyectos/2026/joseangelaquino/laravel/gym-reservas/vendor/laravel/framework/src/Illuminate/Pipeline/Pipeline.php(127): Illuminate\\Pipeline\\Pipeline->Illuminate\\Pipeline\\{closure}()
#55 /var/www/vhosts/ieslamarisma.net/httpdocs/proyectos/2026/joseangelaquino/laravel/gym-reservas/vendor/laravel/framework/src/Illuminate/Foundation/Http/Kernel.php(176): Illuminate\\Pipeline\\Pipeline->then()
#56 /var/www/vhosts/ieslamarisma.net/httpdocs/proyectos/2026/joseangelaquino/laravel/gym-reservas/vendor/laravel/framework/src/Illuminate/Foundation/Http/Kernel.php(145): Illuminate\\Foundation\\Http\\Kernel->sendRequestThroughRouter()
#57 /var/www/vhosts/ieslamarisma.net/httpdocs/proyectos/2026/joseangelaquino/laravel/gym-reservas/vendor/laravel/framework/src/Illuminate/Foundation/Application.php(1220): Illuminate\\Foundation\\Http\\Kernel->handle()
#58 /var/www/vhosts/ieslamarisma.net/httpdocs/proyectos/2026/joseangelaquino/laravel/gym-reservas/public/index.php(26): Illuminate\\Foundation\\Application->handleRequest()
#59 {main}
"} 
[2026-04-12 17:02:34] production.ERROR: syntax error, unexpected end of file, expecting "elseif" or "else" or "endif" (View: /var/www/vhosts/ieslamarisma.net/httpdocs/proyectos/2026/joseangelaquino/laravel/gym-reservas/resources/views/auth/register.blade.php) {"exception":"[object] (Illuminate\\View\\ViewException(code: 0): syntax error, unexpected end of file, expecting \"elseif\" or \"else\" or \"endif\" (View: /var/www/vhosts/ieslamarisma.net/httpdocs/proyectos/2026/joseangelaquino/laravel/gym-reservas/resources/views/auth/register.blade.php) at /var/www/vhosts/ieslamarisma.net/httpdocs/proyectos/2026/joseangelaquino/laravel/gym-reservas/storage/framework/views/08bd678c24c6ebca26eb51391224eab6.php:290)
[stacktrace]
#0 /var/www/vhosts/ieslamarisma.net/httpdocs/proyectos/2026/joseangelaquino/laravel/gym-reservas/vendor/laravel/framework/src/Illuminate/View/Engines/PhpEngine.php(60): Illuminate\\View\\Engines\\CompilerEngine->handleViewException()
#1 /var/www/vhosts/ieslamarisma.net/httpdocs/proyectos/2026/joseangelaquino/laravel/gym-reservas/vendor/laravel/framework/src/Illuminate/View/Engines/CompilerEngine.php(75): Illuminate\\View\\Engines\\PhpEngine->evaluatePath()
#2 /var/www/vhosts/ieslamarisma.net/httpdocs/proyectos/2026/joseangelaquino/laravel/gym-reservas/vendor/laravel/framework/src/Illuminate/View/View.php(209): Illuminate\\View\\Engines\\CompilerEngine->get()
#3 /var/www/vhosts/ieslamarisma.net/httpdocs/proyectos/2026/joseangelaquino/laravel/gym-reservas/vendor/laravel/framework/src/Illuminate/View/View.php(192): Illuminate\\View\\View->getContents()
#4 /var/www/vhosts/ieslamarisma.net/httpdocs/proyectos/2026/joseangelaquino/laravel/gym-reservas/vendor/laravel/framework/src/Illuminate/View/View.php(161): Illuminate\\View\\View->renderContents()
#5 /var/www/vhosts/ieslamarisma.net/httpdocs/proyectos/2026/joseangelaquino/laravel/gym-reservas/vendor/laravel/framework/src/Illuminate/Http/Response.php(79): Illuminate\\View\\View->render()
#6 /var/www/vhosts/ieslamarisma.net/httpdocs/proyectos/2026/joseangelaquino/laravel/gym-reservas/vendor/laravel/framework/src/Illuminate/Http/Response.php(35): Illuminate\\Http\\Response->setContent()
#7 /var/www/vhosts/ieslamarisma.net/httpdocs/proyectos/2026/joseangelaquino/laravel/gym-reservas/vendor/laravel/framework/src/Illuminate/Routing/Router.php(920): Illuminate\\Http\\Response->__construct()
#8 /var/www/vhosts/ieslamarisma.net/httpdocs/proyectos/2026/joseangelaquino/laravel/gym-reservas/vendor/laravel/framework/src/Illuminate/Routing/Router.php(887): Illuminate\\Routing\\Router::toResponse()
#9 /var/www/vhosts/ieslamarisma.net/httpdocs/proyectos/2026/joseangelaquino/laravel/gym-reservas/vendor/laravel/framework/src/Illuminate/Routing/Router.php(807): Illuminate\\Routing\\Router->prepareResponse()
#10 /var/www/vhosts/ieslamarisma.net/httpdocs/proyectos/2026/joseangelaquino/laravel/gym-reservas/vendor/laravel/framework/src/Illuminate/Pipeline/Pipeline.php(170): Illuminate\\Routing\\Router->Illuminate\\Routing\\{closure}()
#11 /var/www/vhosts/ieslamarisma.net/httpdocs/proyectos/2026/joseangelaquino/laravel/gym-reservas/vendor/laravel/framework/src/Illuminate/Auth/Middleware/RedirectIfAuthenticated.php(35): Illuminate\\Pipeline\\Pipeline->Illuminate\\Pipeline\\{closure}()
#12 /var/www/vhosts/ieslamarisma.net/httpdocs/proyectos/2026/joseangelaquino/laravel/gym-reservas/vendor/laravel/framework/src/Illuminate/Pipeline/Pipeline.php(209): Illuminate\\Auth\\Middleware\\RedirectIfAuthenticated->handle()
#13 /var/www/vhosts/ieslamarisma.net/httpdocs/proyectos/2026/joseangelaquino/laravel/gym-reservas/vendor/laravel/framework/src/Illuminate/Http/Middleware/AddLinkHeadersForPreloadedAssets.php(20): Illuminate\\Pipeline\\Pipeline->Illuminate\\Pipeline\\{closure}()
#14 /var/www/vhosts/ieslamarisma.net/httpdocs/proyectos/2026/joseangelaquino/laravel/gym-reservas/vendor/laravel/framework/src/Illuminate/Pipeline/Pipeline.php(209): Illuminate\\Http\\Middleware\\AddLinkHeadersForPreloadedAssets->handle()
#15 /var/www/vhosts/ieslamarisma.net/httpdocs/proyectos/2026/joseangelaquino/laravel/gym-reservas/vendor/inertiajs/inertia-laravel/src/Middleware.php(122): Illuminate\\Pipeline\\Pipeline->Illuminate\\Pipeline\\{closure}()
#16 /var/www/vhosts/ieslamarisma.net/httpdocs/proyectos/2026/joseangelaquino/laravel/gym-reservas/vendor/laravel/framework/src/Illuminate/Pipeline/Pipeline.php(209): Inertia\\Middleware->handle()
#17 /var/www/vhosts/ieslamarisma.net/httpdocs/proyectos/2026/joseangelaquino/laravel/gym-reservas/vendor/laravel/framework/src/Illuminate/Routing/Middleware/SubstituteBindings.php(51): Illuminate\\Pipeline\\Pipeline->Illuminate\\Pipeline\\{closure}()
#18 /var/www/vhosts/ieslamarisma.net/httpdocs/proyectos/2026/joseangelaquino/laravel/gym-reservas/vendor/laravel/framework/src/Illuminate/Pipeline/Pipeline.php(209): Illuminate\\Routing\\Middleware\\SubstituteBindings->handle()
#19 /var/www/vhosts/ieslamarisma.net/httpdocs/proyectos/2026/joseangelaquino/laravel/gym-reservas/vendor/laravel/framework/src/Illuminate/Foundation/Http/Middleware/VerifyCsrfToken.php(88): Illuminate\\Pipeline\\Pipeline->Illuminate\\Pipeline\\{closure}()
#20 /var/www/vhosts/ieslamarisma.net/httpdocs/proyectos/2026/joseangelaquino/laravel/gym-reservas/vendor/laravel/framework/src/Illuminate/Pipeline/Pipeline.php(209): Illuminate\\Foundation\\Http\\Middleware\\VerifyCsrfToken->handle()
#21 /var/www/vhosts/ieslamarisma.net/httpdocs/proyectos/2026/joseangelaquino/laravel/gym-reservas/vendor/laravel/framework/src/Illuminate/View/Middleware/ShareErrorsFromSession.php(49): Illuminate\\Pipeline\\Pipeline->Illuminate\\Pipeline\\{closure}()
#22 /var/www/vhosts/ieslamarisma.net/httpdocs/proyectos/2026/joseangelaquino/laravel/gym-reservas/vendor/laravel/framework/src/Illuminate/Pipeline/Pipeline.php(209): Illuminate\\View\\Middleware\\ShareErrorsFromSession->handle()
#23 /var/www/vhosts/ieslamarisma.net/httpdocs/proyectos/2026/joseangelaquino/laravel/gym-reservas/vendor/laravel/framework/src/Illuminate/Session/Middleware/StartSession.php(121): Illuminate\\Pipeline\\Pipeline->Illuminate\\Pipeline\\{closure}()
#24 /var/www/vhosts/ieslamarisma.net/httpdocs/proyectos/2026/joseangelaquino/laravel/gym-reservas/vendor/laravel/framework/src/Illuminate/Session/Middleware/StartSession.php(64): Illuminate\\Session\\Middleware\\StartSession->handleStatefulRequest()
#25 /var/www/vhosts/ieslamarisma.net/httpdocs/proyectos/2026/joseangelaquino/laravel/gym-reservas/vendor/laravel/framework/src/Illuminate/Pipeline/Pipeline.php(209): Illuminate\\Session\\Middleware\\StartSession->handle()
#26 /var/www/vhosts/ieslamarisma.net/httpdocs/proyectos/2026/joseangelaquino/laravel/gym-reservas/vendor/laravel/framework/src/Illuminate/Cookie/Middleware/AddQueuedCookiesToResponse.php(37): Illuminate\\Pipeline\\Pipeline->Illuminate\\Pipeline\\{closure}()
#27 /var/www/vhosts/ieslamarisma.net/httpdocs/proyectos/2026/joseangelaquino/laravel/gym-reservas/vendor/laravel/framework/src/Illuminate/Pipeline/Pipeline.php(209): Illuminate\\Cookie\\Middleware\\AddQueuedCookiesToResponse->handle()
#28 /var/www/vhosts/ieslamarisma.net/httpdocs/proyectos/2026/joseangelaquino/laravel/gym-reservas/vendor/laravel/framework/src/Illuminate/Cookie/Middleware/EncryptCookies.php(75): Illuminate\\Pipeline\\Pipeline->Illuminate\\Pipeline\\{closure}()
#29 /var/www/vhosts/ieslamarisma.net/httpdocs/proyectos/2026/joseangelaquino/laravel/gym-reservas/vendor/laravel/framework/src/Illuminate/Pipeline/Pipeline.php(209): Illuminate\\Cookie\\Middleware\\EncryptCookies->handle()
#30 /var/www/vhosts/ieslamarisma.net/httpdocs/proyectos/2026/joseangelaquino/laravel/gym-reservas/vendor/laravel/framework/src/Illuminate/Pipeline/Pipeline.php(127): Illuminate\\Pipeline\\Pipeline->Illuminate\\Pipeline\\{closure}()
#31 /var/www/vhosts/ieslamarisma.net/httpdocs/proyectos/2026/joseangelaquino/laravel/gym-reservas/vendor/laravel/framework/src/Illuminate/Routing/Router.php(807): Illuminate\\Pipeline\\Pipeline->then()
#32 /var/www/vhosts/ieslamarisma.net/httpdocs/proyectos/2026/joseangelaquino/laravel/gym-reservas/vendor/laravel/framework/src/Illuminate/Routing/Router.php(786): Illuminate\\Routing\\Router->runRouteWithinStack()
#33 /var/www/vhosts/ieslamarisma.net/httpdocs/proyectos/2026/joseangelaquino/laravel/gym-reservas/vendor/laravel/framework/src/Illuminate/Routing/Router.php(750): Illuminate\\Routing\\Router->runRoute()
#34 /var/www/vhosts/ieslamarisma.net/httpdocs/proyectos/2026/joseangelaquino/laravel/gym-reservas/vendor/laravel/framework/src/Illuminate/Routing/Router.php(739): Illuminate\\Routing\\Router->dispatchToRoute()
#35 /var/www/vhosts/ieslamarisma.net/httpdocs/proyectos/2026/joseangelaquino/laravel/gym-reservas/vendor/laravel/framework/src/Illuminate/Foundation/Http/Kernel.php(201): Illuminate\\Routing\\Router->dispatch()
#36 /var/www/vhosts/ieslamarisma.net/httpdocs/proyectos/2026/joseangelaquino/laravel/gym-reservas/vendor/laravel/framework/src/Illuminate/Pipeline/Pipeline.php(170): Illuminate\\Foundation\\Http\\Kernel->Illuminate\\Foundation\\Http\\{closure}()
#37 /var/www/vhosts/ieslamarisma.net/httpdocs/proyectos/2026/joseangelaquino/laravel/gym-reservas/vendor/laravel/framework/src/Illuminate/Foundation/Http/Middleware/TransformsRequest.php(21): Illuminate\\Pipeline\\Pipeline->Illuminate\\Pipeline\\{closure}()
#38 /var/www/vhosts/ieslamarisma.net/httpdocs/proyectos/2026/joseangelaquino/laravel/gym-reservas/vendor/laravel/framework/src/Illuminate/Foundation/Http/Middleware/ConvertEmptyStringsToNull.php(31): Illuminate\\Foundation\\Http\\Middleware\\TransformsRequest->handle()
#39 /var/www/vhosts/ieslamarisma.net/httpdocs/proyectos/2026/joseangelaquino/laravel/gym-reservas/vendor/laravel/framework/src/Illuminate/Pipeline/Pipeline.php(209): Illuminate\\Foundation\\Http\\Middleware\\ConvertEmptyStringsToNull->handle()
#40 /var/www/vhosts/ieslamarisma.net/httpdocs/proyectos/2026/joseangelaquino/laravel/gym-reservas/vendor/laravel/framework/src/Illuminate/Foundation/Http/Middleware/TransformsRequest.php(21): Illuminate\\Pipeline\\Pipeline->Illuminate\\Pipeline\\{closure}()
#41 /var/www/vhosts/ieslamarisma.net/httpdocs/proyectos/2026/joseangelaquino/laravel/gym-reservas/vendor/laravel/framework/src/Illuminate/Foundation/Http/Middleware/TrimStrings.php(51): Illuminate\\Foundation\\Http\\Middleware\\TransformsRequest->handle()
#42 /var/www/vhosts/ieslamarisma.net/httpdocs/proyectos/2026/joseangelaquino/laravel/gym-reservas/vendor/laravel/framework/src/Illuminate/Pipeline/Pipeline.php(209): Illuminate\\Foundation\\Http\\Middleware\\TrimStrings->handle()
#43 /var/www/vhosts/ieslamarisma.net/httpdocs/proyectos/2026/joseangelaquino/laravel/gym-reservas/vendor/laravel/framework/src/Illuminate/Http/Middleware/ValidatePostSize.php(27): Illuminate\\Pipeline\\Pipeline->Illuminate\\Pipeline\\{closure}()
#44 /var/www/vhosts/ieslamarisma.net/httpdocs/proyectos/2026/joseangelaquino/laravel/gym-reservas/vendor/laravel/framework/src/Illuminate/Pipeline/Pipeline.php(209): Illuminate\\Http\\Middleware\\ValidatePostSize->handle()
#45 /var/www/vhosts/ieslamarisma.net/httpdocs/proyectos/2026/joseangelaquino/laravel/gym-reservas/vendor/laravel/framework/src/Illuminate/Foundation/Http/Middleware/PreventRequestsDuringMaintenance.php(110): Illuminate\\Pipeline\\Pipeline->Illuminate\\Pipeline\\{closure}()
#46 /var/www/vhosts/ieslamarisma.net/httpdocs/proyectos/2026/joseangelaquino/laravel/gym-reservas/vendor/laravel/framework/src/Illuminate/Pipeline/Pipeline.php(209): Illuminate\\Foundation\\Http\\Middleware\\PreventRequestsDuringMaintenance->handle()
#47 /var/www/vhosts/ieslamarisma.net/httpdocs/proyectos/2026/joseangelaquino/laravel/gym-reservas/vendor/laravel/framework/src/Illuminate/Http/Middleware/HandleCors.php(49): Illuminate\\Pipeline\\Pipeline->Illuminate\\Pipeline\\{closure}()
#48 /var/www/vhosts/ieslamarisma.net/httpdocs/proyectos/2026/joseangelaquino/laravel/gym-reservas/vendor/laravel/framework/src/Illuminate/Pipeline/Pipeline.php(209): Illuminate\\Http\\Middleware\\HandleCors->handle()
#49 /var/www/vhosts/ieslamarisma.net/httpdocs/proyectos/2026/joseangelaquino/laravel/gym-reservas/vendor/laravel/framework/src/Illuminate/Http/Middleware/TrustProxies.php(58): Illuminate\\Pipeline\\Pipeline->Illuminate\\Pipeline\\{closure}()
#50 /var/www/vhosts/ieslamarisma.net/httpdocs/proyectos/2026/joseangelaquino/laravel/gym-reservas/vendor/laravel/framework/src/Illuminate/Pipeline/Pipeline.php(209): Illuminate\\Http\\Middleware\\TrustProxies->handle()
#51 /var/www/vhosts/ieslamarisma.net/httpdocs/proyectos/2026/joseangelaquino/laravel/gym-reservas/vendor/laravel/framework/src/Illuminate/Foundation/Http/Middleware/InvokeDeferredCallbacks.php(22): Illuminate\\Pipeline\\Pipeline->Illuminate\\Pipeline\\{closure}()
#52 /var/www/vhosts/ieslamarisma.net/httpdocs/proyectos/2026/joseangelaquino/laravel/gym-reservas/vendor/laravel/framework/src/Illuminate/Pipeline/Pipeline.php(209): Illuminate\\Foundation\\Http\\Middleware\\InvokeDeferredCallbacks->handle()
#53 /var/www/vhosts/ieslamarisma.net/httpdocs/proyectos/2026/joseangelaquino/laravel/gym-reservas/vendor/laravel/framework/src/Illuminate/Pipeline/Pipeline.php(127): Illuminate\\Pipeline\\Pipeline->Illuminate\\Pipeline\\{closure}()
#54 /var/www/vhosts/ieslamarisma.net/httpdocs/proyectos/2026/joseangelaquino/laravel/gym-reservas/vendor/laravel/framework/src/Illuminate/Foundation/Http/Kernel.php(176): Illuminate\\Pipeline\\Pipeline->then()
#55 /var/www/vhosts/ieslamarisma.net/httpdocs/proyectos/2026/joseangelaquino/laravel/gym-reservas/vendor/laravel/framework/src/Illuminate/Foundation/Http/Kernel.php(145): Illuminate\\Foundation\\Http\\Kernel->sendRequestThroughRouter()
#56 /var/www/vhosts/ieslamarisma.net/httpdocs/proyectos/2026/joseangelaquino/laravel/gym-reservas/vendor/laravel/framework/src/Illuminate/Foundation/Application.php(1220): Illuminate\\Foundation\\Http\\Kernel->handle()
#57 /var/www/vhosts/ieslamarisma.net/httpdocs/proyectos/2026/joseangelaquino/laravel/gym-reservas/public/index.php(26): Illuminate\\Foundation\\Application->handleRequest()
#58 {main}

[previous exception] [object] (ParseError(code: 0): syntax error, unexpected end of file, expecting \"elseif\" or \"else\" or \"endif\" at /var/www/vhosts/ieslamarisma.net/httpdocs/proyectos/2026/joseangelaquino/laravel/gym-reservas/storage/framework/views/08bd678c24c6ebca26eb51391224eab6.php:290)
[stacktrace]
#0 /var/www/vhosts/ieslamarisma.net/httpdocs/proyectos/2026/joseangelaquino/laravel/gym-reservas/vendor/laravel/framework/src/Illuminate/Filesystem/Filesystem.php(124): Illuminate\\Filesystem\\Filesystem::Illuminate\\Filesystem\\{closure}()
#1 /var/www/vhosts/ieslamarisma.net/httpdocs/proyectos/2026/joseangelaquino/laravel/gym-reservas/vendor/laravel/framework/src/Illuminate/View/Engines/PhpEngine.php(58): Illuminate\\Filesystem\\Filesystem->getRequire()
#2 /var/www/vhosts/ieslamarisma.net/httpdocs/proyectos/2026/joseangelaquino/laravel/gym-reservas/vendor/laravel/framework/src/Illuminate/View/Engines/CompilerEngine.php(75): Illuminate\\View\\Engines\\PhpEngine->evaluatePath()
#3 /var/www/vhosts/ieslamarisma.net/httpdocs/proyectos/2026/joseangelaquino/laravel/gym-reservas/vendor/laravel/framework/src/Illuminate/View/View.php(209): Illuminate\\View\\Engines\\CompilerEngine->get()
#4 /var/www/vhosts/ieslamarisma.net/httpdocs/proyectos/2026/joseangelaquino/laravel/gym-reservas/vendor/laravel/framework/src/Illuminate/View/View.php(192): Illuminate\\View\\View->getContents()
#5 /var/www/vhosts/ieslamarisma.net/httpdocs/proyectos/2026/joseangelaquino/laravel/gym-reservas/vendor/laravel/framework/src/Illuminate/View/View.php(161): Illuminate\\View\\View->renderContents()
#6 /var/www/vhosts/ieslamarisma.net/httpdocs/proyectos/2026/joseangelaquino/laravel/gym-reservas/vendor/laravel/framework/src/Illuminate/Http/Response.php(79): Illuminate\\View\\View->render()
#7 /var/www/vhosts/ieslamarisma.net/httpdocs/proyectos/2026/joseangelaquino/laravel/gym-reservas/vendor/laravel/framework/src/Illuminate/Http/Response.php(35): Illuminate\\Http\\Response->setContent()
#8 /var/www/vhosts/ieslamarisma.net/httpdocs/proyectos/2026/joseangelaquino/laravel/gym-reservas/vendor/laravel/framework/src/Illuminate/Routing/Router.php(920): Illuminate\\Http\\Response->__construct()
#9 /var/www/vhosts/ieslamarisma.net/httpdocs/proyectos/2026/joseangelaquino/laravel/gym-reservas/vendor/laravel/framework/src/Illuminate/Routing/Router.php(887): Illuminate\\Routing\\Router::toResponse()
#10 /var/www/vhosts/ieslamarisma.net/httpdocs/proyectos/2026/joseangelaquino/laravel/gym-reservas/vendor/laravel/framework/src/Illuminate/Routing/Router.php(807): Illuminate\\Routing\\Router->prepareResponse()
#11 /var/www/vhosts/ieslamarisma.net/httpdocs/proyectos/2026/joseangelaquino/laravel/gym-reservas/vendor/laravel/framework/src/Illuminate/Pipeline/Pipeline.php(170): Illuminate\\Routing\\Router->Illuminate\\Routing\\{closure}()
#12 /var/www/vhosts/ieslamarisma.net/httpdocs/proyectos/2026/joseangelaquino/laravel/gym-reservas/vendor/laravel/framework/src/Illuminate/Auth/Middleware/RedirectIfAuthenticated.php(35): Illuminate\\Pipeline\\Pipeline->Illuminate\\Pipeline\\{closure}()
#13 /var/www/vhosts/ieslamarisma.net/httpdocs/proyectos/2026/joseangelaquino/laravel/gym-reservas/vendor/laravel/framework/src/Illuminate/Pipeline/Pipeline.php(209): Illuminate\\Auth\\Middleware\\RedirectIfAuthenticated->handle()
#14 /var/www/vhosts/ieslamarisma.net/httpdocs/proyectos/2026/joseangelaquino/laravel/gym-reservas/vendor/laravel/framework/src/Illuminate/Http/Middleware/AddLinkHeadersForPreloadedAssets.php(20): Illuminate\\Pipeline\\Pipeline->Illuminate\\Pipeline\\{closure}()
#15 /var/www/vhosts/ieslamarisma.net/httpdocs/proyectos/2026/joseangelaquino/laravel/gym-reservas/vendor/laravel/framework/src/Illuminate/Pipeline/Pipeline.php(209): Illuminate\\Http\\Middleware\\AddLinkHeadersForPreloadedAssets->handle()
#16 /var/www/vhosts/ieslamarisma.net/httpdocs/proyectos/2026/joseangelaquino/laravel/gym-reservas/vendor/inertiajs/inertia-laravel/src/Middleware.php(122): Illuminate\\Pipeline\\Pipeline->Illuminate\\Pipeline\\{closure}()
#17 /var/www/vhosts/ieslamarisma.net/httpdocs/proyectos/2026/joseangelaquino/laravel/gym-reservas/vendor/laravel/framework/src/Illuminate/Pipeline/Pipeline.php(209): Inertia\\Middleware->handle()
#18 /var/www/vhosts/ieslamarisma.net/httpdocs/proyectos/2026/joseangelaquino/laravel/gym-reservas/vendor/laravel/framework/src/Illuminate/Routing/Middleware/SubstituteBindings.php(51): Illuminate\\Pipeline\\Pipeline->Illuminate\\Pipeline\\{closure}()
#19 /var/www/vhosts/ieslamarisma.net/httpdocs/proyectos/2026/joseangelaquino/laravel/gym-reservas/vendor/laravel/framework/src/Illuminate/Pipeline/Pipeline.php(209): Illuminate\\Routing\\Middleware\\SubstituteBindings->handle()
#20 /var/www/vhosts/ieslamarisma.net/httpdocs/proyectos/2026/joseangelaquino/laravel/gym-reservas/vendor/laravel/framework/src/Illuminate/Foundation/Http/Middleware/VerifyCsrfToken.php(88): Illuminate\\Pipeline\\Pipeline->Illuminate\\Pipeline\\{closure}()
#21 /var/www/vhosts/ieslamarisma.net/httpdocs/proyectos/2026/joseangelaquino/laravel/gym-reservas/vendor/laravel/framework/src/Illuminate/Pipeline/Pipeline.php(209): Illuminate\\Foundation\\Http\\Middleware\\VerifyCsrfToken->handle()
#22 /var/www/vhosts/ieslamarisma.net/httpdocs/proyectos/2026/joseangelaquino/laravel/gym-reservas/vendor/laravel/framework/src/Illuminate/View/Middleware/ShareErrorsFromSession.php(49): Illuminate\\Pipeline\\Pipeline->Illuminate\\Pipeline\\{closure}()
#23 /var/www/vhosts/ieslamarisma.net/httpdocs/proyectos/2026/joseangelaquino/laravel/gym-reservas/vendor/laravel/framework/src/Illuminate/Pipeline/Pipeline.php(209): Illuminate\\View\\Middleware\\ShareErrorsFromSession->handle()
#24 /var/www/vhosts/ieslamarisma.net/httpdocs/proyectos/2026/joseangelaquino/laravel/gym-reservas/vendor/laravel/framework/src/Illuminate/Session/Middleware/StartSession.php(121): Illuminate\\Pipeline\\Pipeline->Illuminate\\Pipeline\\{closure}()
#25 /var/www/vhosts/ieslamarisma.net/httpdocs/proyectos/2026/joseangelaquino/laravel/gym-reservas/vendor/laravel/framework/src/Illuminate/Session/Middleware/StartSession.php(64): Illuminate\\Session\\Middleware\\StartSession->handleStatefulRequest()
#26 /var/www/vhosts/ieslamarisma.net/httpdocs/proyectos/2026/joseangelaquino/laravel/gym-reservas/vendor/laravel/framework/src/Illuminate/Pipeline/Pipeline.php(209): Illuminate\\Session\\Middleware\\StartSession->handle()
#27 /var/www/vhosts/ieslamarisma.net/httpdocs/proyectos/2026/joseangelaquino/laravel/gym-reservas/vendor/laravel/framework/src/Illuminate/Cookie/Middleware/AddQueuedCookiesToResponse.php(37): Illuminate\\Pipeline\\Pipeline->Illuminate\\Pipeline\\{closure}()
#28 /var/www/vhosts/ieslamarisma.net/httpdocs/proyectos/2026/joseangelaquino/laravel/gym-reservas/vendor/laravel/framework/src/Illuminate/Pipeline/Pipeline.php(209): Illuminate\\Cookie\\Middleware\\AddQueuedCookiesToResponse->handle()
#29 /var/www/vhosts/ieslamarisma.net/httpdocs/proyectos/2026/joseangelaquino/laravel/gym-reservas/vendor/laravel/framework/src/Illuminate/Cookie/Middleware/EncryptCookies.php(75): Illuminate\\Pipeline\\Pipeline->Illuminate\\Pipeline\\{closure}()
#30 /var/www/vhosts/ieslamarisma.net/httpdocs/proyectos/2026/joseangelaquino/laravel/gym-reservas/vendor/laravel/framework/src/Illuminate/Pipeline/Pipeline.php(209): Illuminate\\Cookie\\Middleware\\EncryptCookies->handle()
#31 /var/www/vhosts/ieslamarisma.net/httpdocs/proyectos/2026/joseangelaquino/laravel/gym-reservas/vendor/laravel/framework/src/Illuminate/Pipeline/Pipeline.php(127): Illuminate\\Pipeline\\Pipeline->Illuminate\\Pipeline\\{closure}()
#32 /var/www/vhosts/ieslamarisma.net/httpdocs/proyectos/2026/joseangelaquino/laravel/gym-reservas/vendor/laravel/framework/src/Illuminate/Routing/Router.php(807): Illuminate\\Pipeline\\Pipeline->then()
#33 /var/www/vhosts/ieslamarisma.net/httpdocs/proyectos/2026/joseangelaquino/laravel/gym-reservas/vendor/laravel/framework/src/Illuminate/Routing/Router.php(786): Illuminate\\Routing\\Router->runRouteWithinStack()
#34 /var/www/vhosts/ieslamarisma.net/httpdocs/proyectos/2026/joseangelaquino/laravel/gym-reservas/vendor/laravel/framework/src/Illuminate/Routing/Router.php(750): Illuminate\\Routing\\Router->runRoute()
#35 /var/www/vhosts/ieslamarisma.net/httpdocs/proyectos/2026/joseangelaquino/laravel/gym-reservas/vendor/laravel/framework/src/Illuminate/Routing/Router.php(739): Illuminate\\Routing\\Router->dispatchToRoute()
#36 /var/www/vhosts/ieslamarisma.net/httpdocs/proyectos/2026/joseangelaquino/laravel/gym-reservas/vendor/laravel/framework/src/Illuminate/Foundation/Http/Kernel.php(201): Illuminate\\Routing\\Router->dispatch()
#37 /var/www/vhosts/ieslamarisma.net/httpdocs/proyectos/2026/joseangelaquino/laravel/gym-reservas/vendor/laravel/framework/src/Illuminate/Pipeline/Pipeline.php(170): Illuminate\\Foundation\\Http\\Kernel->Illuminate\\Foundation\\Http\\{closure}()
#38 /var/www/vhosts/ieslamarisma.net/httpdocs/proyectos/2026/joseangelaquino/laravel/gym-reservas/vendor/laravel/framework/src/Illuminate/Foundation/Http/Middleware/TransformsRequest.php(21): Illuminate\\Pipeline\\Pipeline->Illuminate\\Pipeline\\{closure}()
#39 /var/www/vhosts/ieslamarisma.net/httpdocs/proyectos/2026/joseangelaquino/laravel/gym-reservas/vendor/laravel/framework/src/Illuminate/Foundation/Http/Middleware/ConvertEmptyStringsToNull.php(31): Illuminate\\Foundation\\Http\\Middleware\\TransformsRequest->handle()
#40 /var/www/vhosts/ieslamarisma.net/httpdocs/proyectos/2026/joseangelaquino/laravel/gym-reservas/vendor/laravel/framework/src/Illuminate/Pipeline/Pipeline.php(209): Illuminate\\Foundation\\Http\\Middleware\\ConvertEmptyStringsToNull->handle()
#41 /var/www/vhosts/ieslamarisma.net/httpdocs/proyectos/2026/joseangelaquino/laravel/gym-reservas/vendor/laravel/framework/src/Illuminate/Foundation/Http/Middleware/TransformsRequest.php(21): Illuminate\\Pipeline\\Pipeline->Illuminate\\Pipeline\\{closure}()
#42 /var/www/vhosts/ieslamarisma.net/httpdocs/proyectos/2026/joseangelaquino/laravel/gym-reservas/vendor/laravel/framework/src/Illuminate/Foundation/Http/Middleware/TrimStrings.php(51): Illuminate\\Foundation\\Http\\Middleware\\TransformsRequest->handle()
#43 /var/www/vhosts/ieslamarisma.net/httpdocs/proyectos/2026/joseangelaquino/laravel/gym-reservas/vendor/laravel/framework/src/Illuminate/Pipeline/Pipeline.php(209): Illuminate\\Foundation\\Http\\Middleware\\TrimStrings->handle()
#44 /var/www/vhosts/ieslamarisma.net/httpdocs/proyectos/2026/joseangelaquino/laravel/gym-reservas/vendor/laravel/framework/src/Illuminate/Http/Middleware/ValidatePostSize.php(27): Illuminate\\Pipeline\\Pipeline->Illuminate\\Pipeline\\{closure}()
#45 /var/www/vhosts/ieslamarisma.net/httpdocs/proyectos/2026/joseangelaquino/laravel/gym-reservas/vendor/laravel/framework/src/Illuminate/Pipeline/Pipeline.php(209): Illuminate\\Http\\Middleware\\ValidatePostSize->handle()
#46 /var/www/vhosts/ieslamarisma.net/httpdocs/proyectos/2026/joseangelaquino/laravel/gym-reservas/vendor/laravel/framework/src/Illuminate/Foundation/Http/Middleware/PreventRequestsDuringMaintenance.php(110): Illuminate\\Pipeline\\Pipeline->Illuminate\\Pipeline\\{closure}()
#47 /var/www/vhosts/ieslamarisma.net/httpdocs/proyectos/2026/joseangelaquino/laravel/gym-reservas/vendor/laravel/framework/src/Illuminate/Pipeline/Pipeline.php(209): Illuminate\\Foundation\\Http\\Middleware\\PreventRequestsDuringMaintenance->handle()
#48 /var/www/vhosts/ieslamarisma.net/httpdocs/proyectos/2026/joseangelaquino/laravel/gym-reservas/vendor/laravel/framework/src/Illuminate/Http/Middleware/HandleCors.php(49): Illuminate\\Pipeline\\Pipeline->Illuminate\\Pipeline\\{closure}()
#49 /var/www/vhosts/ieslamarisma.net/httpdocs/proyectos/2026/joseangelaquino/laravel/gym-reservas/vendor/laravel/framework/src/Illuminate/Pipeline/Pipeline.php(209): Illuminate\\Http\\Middleware\\HandleCors->handle()
#50 /var/www/vhosts/ieslamarisma.net/httpdocs/proyectos/2026/joseangelaquino/laravel/gym-reservas/vendor/laravel/framework/src/Illuminate/Http/Middleware/TrustProxies.php(58): Illuminate\\Pipeline\\Pipeline->Illuminate\\Pipeline\\{closure}()
#51 /var/www/vhosts/ieslamarisma.net/httpdocs/proyectos/2026/joseangelaquino/laravel/gym-reservas/vendor/laravel/framework/src/Illuminate/Pipeline/Pipeline.php(209): Illuminate\\Http\\Middleware\\TrustProxies->handle()
#52 /var/www/vhosts/ieslamarisma.net/httpdocs/proyectos/2026/joseangelaquino/laravel/gym-reservas/vendor/laravel/framework/src/Illuminate/Foundation/Http/Middleware/InvokeDeferredCallbacks.php(22): Illuminate\\Pipeline\\Pipeline->Illuminate\\Pipeline\\{closure}()
#53 /var/www/vhosts/ieslamarisma.net/httpdocs/proyectos/2026/joseangelaquino/laravel/gym-reservas/vendor/laravel/framework/src/Illuminate/Pipeline/Pipeline.php(209): Illuminate\\Foundation\\Http\\Middleware\\InvokeDeferredCallbacks->handle()
#54 /var/www/vhosts/ieslamarisma.net/httpdocs/proyectos/2026/joseangelaquino/laravel/gym-reservas/vendor/laravel/framework/src/Illuminate/Pipeline/Pipeline.php(127): Illuminate\\Pipeline\\Pipeline->Illuminate\\Pipeline\\{closure}()
#55 /var/www/vhosts/ieslamarisma.net/httpdocs/proyectos/2026/joseangelaquino/laravel/gym-reservas/vendor/laravel/framework/src/Illuminate/Foundation/Http/Kernel.php(176): Illuminate\\Pipeline\\Pipeline->then()
#56 /var/www/vhosts/ieslamarisma.net/httpdocs/proyectos/2026/joseangelaquino/laravel/gym-reservas/vendor/laravel/framework/src/Illuminate/Foundation/Http/Kernel.php(145): Illuminate\\Foundation\\Http\\Kernel->sendRequestThroughRouter()
#57 /var/www/vhosts/ieslamarisma.net/httpdocs/proyectos/2026/joseangelaquino/laravel/gym-reservas/vendor/laravel/framework/src/Illuminate/Foundation/Application.php(1220): Illuminate\\Foundation\\Http\\Kernel->handle()
#58 /var/www/vhosts/ieslamarisma.net/httpdocs/proyectos/2026/joseangelaquino/laravel/gym-reservas/public/index.php(26): Illuminate\\Foundation\\Application->handleRequest()
#59 {main}
"} 
[2026-04-12 17:02:35] production.ERROR: syntax error, unexpected end of file, expecting "elseif" or "else" or "endif" (View: /var/www/vhosts/ieslamarisma.net/httpdocs/proyectos/2026/joseangelaquino/laravel/gym-reservas/resources/views/auth/register.blade.php) {"exception":"[object] (Illuminate\\View\\ViewException(code: 0): syntax error, unexpected end of file, expecting \"elseif\" or \"else\" or \"endif\" (View: /var/www/vhosts/ieslamarisma.net/httpdocs/proyectos/2026/joseangelaquino/laravel/gym-reservas/resources/views/auth/register.blade.php) at /var/www/vhosts/ieslamarisma.net/httpdocs/proyectos/2026/joseangelaquino/laravel/gym-reservas/storage/framework/views/08bd678c24c6ebca26eb51391224eab6.php:290)
[stacktrace]
#0 /var/www/vhosts/ieslamarisma.net/httpdocs/proyectos/2026/joseangelaquino/laravel/gym-reservas/vendor/laravel/framework/src/Illuminate/View/Engines/PhpEngine.php(60): Illuminate\\View\\Engines\\CompilerEngine->handleViewException()
#1 /var/www/vhosts/ieslamarisma.net/httpdocs/proyectos/2026/joseangelaquino/laravel/gym-reservas/vendor/laravel/framework/src/Illuminate/View/Engines/CompilerEngine.php(75): Illuminate\\View\\Engines\\PhpEngine->evaluatePath()
#2 /var/www/vhosts/ieslamarisma.net/httpdocs/proyectos/2026/joseangelaquino/laravel/gym-reservas/vendor/laravel/framework/src/Illuminate/View/View.php(209): Illuminate\\View\\Engines\\CompilerEngine->get()
#3 /var/www/vhosts/ieslamarisma.net/httpdocs/proyectos/2026/joseangelaquino/laravel/gym-reservas/vendor/laravel/framework/src/Illuminate/View/View.php(192): Illuminate\\View\\View->getContents()
#4 /var/www/vhosts/ieslamarisma.net/httpdocs/proyectos/2026/joseangelaquino/laravel/gym-reservas/vendor/laravel/framework/src/Illuminate/View/View.php(161): Illuminate\\View\\View->renderContents()
#5 /var/www/vhosts/ieslamarisma.net/httpdocs/proyectos/2026/joseangelaquino/laravel/gym-reservas/vendor/laravel/framework/src/Illuminate/Http/Response.php(79): Illuminate\\View\\View->render()
#6 /var/www/vhosts/ieslamarisma.net/httpdocs/proyectos/2026/joseangelaquino/laravel/gym-reservas/vendor/laravel/framework/src/Illuminate/Http/Response.php(35): Illuminate\\Http\\Response->setContent()
#7 /var/www/vhosts/ieslamarisma.net/httpdocs/proyectos/2026/joseangelaquino/laravel/gym-reservas/vendor/laravel/framework/src/Illuminate/Routing/Router.php(920): Illuminate\\Http\\Response->__construct()
#8 /var/www/vhosts/ieslamarisma.net/httpdocs/proyectos/2026/joseangelaquino/laravel/gym-reservas/vendor/laravel/framework/src/Illuminate/Routing/Router.php(887): Illuminate\\Routing\\Router::toResponse()
#9 /var/www/vhosts/ieslamarisma.net/httpdocs/proyectos/2026/joseangelaquino/laravel/gym-reservas/vendor/laravel/framework/src/Illuminate/Routing/Router.php(807): Illuminate\\Routing\\Router->prepareResponse()
#10 /var/www/vhosts/ieslamarisma.net/httpdocs/proyectos/2026/joseangelaquino/laravel/gym-reservas/vendor/laravel/framework/src/Illuminate/Pipeline/Pipeline.php(170): Illuminate\\Routing\\Router->Illuminate\\Routing\\{closure}()
#11 /var/www/vhosts/ieslamarisma.net/httpdocs/proyectos/2026/joseangelaquino/laravel/gym-reservas/vendor/laravel/framework/src/Illuminate/Auth/Middleware/RedirectIfAuthenticated.php(35): Illuminate\\Pipeline\\Pipeline->Illuminate\\Pipeline\\{closure}()
#12 /var/www/vhosts/ieslamarisma.net/httpdocs/proyectos/2026/joseangelaquino/laravel/gym-reservas/vendor/laravel/framework/src/Illuminate/Pipeline/Pipeline.php(209): Illuminate\\Auth\\Middleware\\RedirectIfAuthenticated->handle()
#13 /var/www/vhosts/ieslamarisma.net/httpdocs/proyectos/2026/joseangelaquino/laravel/gym-reservas/vendor/laravel/framework/src/Illuminate/Http/Middleware/AddLinkHeadersForPreloadedAssets.php(20): Illuminate\\Pipeline\\Pipeline->Illuminate\\Pipeline\\{closure}()
#14 /var/www/vhosts/ieslamarisma.net/httpdocs/proyectos/2026/joseangelaquino/laravel/gym-reservas/vendor/laravel/framework/src/Illuminate/Pipeline/Pipeline.php(209): Illuminate\\Http\\Middleware\\AddLinkHeadersForPreloadedAssets->handle()
#15 /var/www/vhosts/ieslamarisma.net/httpdocs/proyectos/2026/joseangelaquino/laravel/gym-reservas/vendor/inertiajs/inertia-laravel/src/Middleware.php(122): Illuminate\\Pipeline\\Pipeline->Illuminate\\Pipeline\\{closure}()
#16 /var/www/vhosts/ieslamarisma.net/httpdocs/proyectos/2026/joseangelaquino/laravel/gym-reservas/vendor/laravel/framework/src/Illuminate/Pipeline/Pipeline.php(209): Inertia\\Middleware->handle()
#17 /var/www/vhosts/ieslamarisma.net/httpdocs/proyectos/2026/joseangelaquino/laravel/gym-reservas/vendor/laravel/framework/src/Illuminate/Routing/Middleware/SubstituteBindings.php(51): Illuminate\\Pipeline\\Pipeline->Illuminate\\Pipeline\\{closure}()
#18 /var/www/vhosts/ieslamarisma.net/httpdocs/proyectos/2026/joseangelaquino/laravel/gym-reservas/vendor/laravel/framework/src/Illuminate/Pipeline/Pipeline.php(209): Illuminate\\Routing\\Middleware\\SubstituteBindings->handle()
#19 /var/www/vhosts/ieslamarisma.net/httpdocs/proyectos/2026/joseangelaquino/laravel/gym-reservas/vendor/laravel/framework/src/Illuminate/Foundation/Http/Middleware/VerifyCsrfToken.php(88): Illuminate\\Pipeline\\Pipeline->Illuminate\\Pipeline\\{closure}()
#20 /var/www/vhosts/ieslamarisma.net/httpdocs/proyectos/2026/joseangelaquino/laravel/gym-reservas/vendor/laravel/framework/src/Illuminate/Pipeline/Pipeline.php(209): Illuminate\\Foundation\\Http\\Middleware\\VerifyCsrfToken->handle()
#21 /var/www/vhosts/ieslamarisma.net/httpdocs/proyectos/2026/joseangelaquino/laravel/gym-reservas/vendor/laravel/framework/src/Illuminate/View/Middleware/ShareErrorsFromSession.php(49): Illuminate\\Pipeline\\Pipeline->Illuminate\\Pipeline\\{closure}()
#22 /var/www/vhosts/ieslamarisma.net/httpdocs/proyectos/2026/joseangelaquino/laravel/gym-reservas/vendor/laravel/framework/src/Illuminate/Pipeline/Pipeline.php(209): Illuminate\\View\\Middleware\\ShareErrorsFromSession->handle()
#23 /var/www/vhosts/ieslamarisma.net/httpdocs/proyectos/2026/joseangelaquino/laravel/gym-reservas/vendor/laravel/framework/src/Illuminate/Session/Middleware/StartSession.php(121): Illuminate\\Pipeline\\Pipeline->Illuminate\\Pipeline\\{closure}()
#24 /var/www/vhosts/ieslamarisma.net/httpdocs/proyectos/2026/joseangelaquino/laravel/gym-reservas/vendor/laravel/framework/src/Illuminate/Session/Middleware/StartSession.php(64): Illuminate\\Session\\Middleware\\StartSession->handleStatefulRequest()
#25 /var/www/vhosts/ieslamarisma.net/httpdocs/proyectos/2026/joseangelaquino/laravel/gym-reservas/vendor/laravel/framework/src/Illuminate/Pipeline/Pipeline.php(209): Illuminate\\Session\\Middleware\\StartSession->handle()
#26 /var/www/vhosts/ieslamarisma.net/httpdocs/proyectos/2026/joseangelaquino/laravel/gym-reservas/vendor/laravel/framework/src/Illuminate/Cookie/Middleware/AddQueuedCookiesToResponse.php(37): Illuminate\\Pipeline\\Pipeline->Illuminate\\Pipeline\\{closure}()
#27 /var/www/vhosts/ieslamarisma.net/httpdocs/proyectos/2026/joseangelaquino/laravel/gym-reservas/vendor/laravel/framework/src/Illuminate/Pipeline/Pipeline.php(209): Illuminate\\Cookie\\Middleware\\AddQueuedCookiesToResponse->handle()
#28 /var/www/vhosts/ieslamarisma.net/httpdocs/proyectos/2026/joseangelaquino/laravel/gym-reservas/vendor/laravel/framework/src/Illuminate/Cookie/Middleware/EncryptCookies.php(75): Illuminate\\Pipeline\\Pipeline->Illuminate\\Pipeline\\{closure}()
#29 /var/www/vhosts/ieslamarisma.net/httpdocs/proyectos/2026/joseangelaquino/laravel/gym-reservas/vendor/laravel/framework/src/Illuminate/Pipeline/Pipeline.php(209): Illuminate\\Cookie\\Middleware\\EncryptCookies->handle()
#30 /var/www/vhosts/ieslamarisma.net/httpdocs/proyectos/2026/joseangelaquino/laravel/gym-reservas/vendor/laravel/framework/src/Illuminate/Pipeline/Pipeline.php(127): Illuminate\\Pipeline\\Pipeline->Illuminate\\Pipeline\\{closure}()
#31 /var/www/vhosts/ieslamarisma.net/httpdocs/proyectos/2026/joseangelaquino/laravel/gym-reservas/vendor/laravel/framework/src/Illuminate/Routing/Router.php(807): Illuminate\\Pipeline\\Pipeline->then()
#32 /var/www/vhosts/ieslamarisma.net/httpdocs/proyectos/2026/joseangelaquino/laravel/gym-reservas/vendor/laravel/framework/src/Illuminate/Routing/Router.php(786): Illuminate\\Routing\\Router->runRouteWithinStack()
#33 /var/www/vhosts/ieslamarisma.net/httpdocs/proyectos/2026/joseangelaquino/laravel/gym-reservas/vendor/laravel/framework/src/Illuminate/Routing/Router.php(750): Illuminate\\Routing\\Router->runRoute()
#34 /var/www/vhosts/ieslamarisma.net/httpdocs/proyectos/2026/joseangelaquino/laravel/gym-reservas/vendor/laravel/framework/src/Illuminate/Routing/Router.php(739): Illuminate\\Routing\\Router->dispatchToRoute()
#35 /var/www/vhosts/ieslamarisma.net/httpdocs/proyectos/2026/joseangelaquino/laravel/gym-reservas/vendor/laravel/framework/src/Illuminate/Foundation/Http/Kernel.php(201): Illuminate\\Routing\\Router->dispatch()
#36 /var/www/vhosts/ieslamarisma.net/httpdocs/proyectos/2026/joseangelaquino/laravel/gym-reservas/vendor/laravel/framework/src/Illuminate/Pipeline/Pipeline.php(170): Illuminate\\Foundation\\Http\\Kernel->Illuminate\\Foundation\\Http\\{closure}()
#37 /var/www/vhosts/ieslamarisma.net/httpdocs/proyectos/2026/joseangelaquino/laravel/gym-reservas/vendor/laravel/framework/src/Illuminate/Foundation/Http/Middleware/TransformsRequest.php(21): Illuminate\\Pipeline\\Pipeline->Illuminate\\Pipeline\\{closure}()
#38 /var/www/vhosts/ieslamarisma.net/httpdocs/proyectos/2026/joseangelaquino/laravel/gym-reservas/vendor/laravel/framework/src/Illuminate/Foundation/Http/Middleware/ConvertEmptyStringsToNull.php(31): Illuminate\\Foundation\\Http\\Middleware\\TransformsRequest->handle()
#39 /var/www/vhosts/ieslamarisma.net/httpdocs/proyectos/2026/joseangelaquino/laravel/gym-reservas/vendor/laravel/framework/src/Illuminate/Pipeline/Pipeline.php(209): Illuminate\\Foundation\\Http\\Middleware\\ConvertEmptyStringsToNull->handle()
#40 /var/www/vhosts/ieslamarisma.net/httpdocs/proyectos/2026/joseangelaquino/laravel/gym-reservas/vendor/laravel/framework/src/Illuminate/Foundation/Http/Middleware/TransformsRequest.php(21): Illuminate\\Pipeline\\Pipeline->Illuminate\\Pipeline\\{closure}()
#41 /var/www/vhosts/ieslamarisma.net/httpdocs/proyectos/2026/joseangelaquino/laravel/gym-reservas/vendor/laravel/framework/src/Illuminate/Foundation/Http/Middleware/TrimStrings.php(51): Illuminate\\Foundation\\Http\\Middleware\\TransformsRequest->handle()
#42 /var/www/vhosts/ieslamarisma.net/httpdocs/proyectos/2026/joseangelaquino/laravel/gym-reservas/vendor/laravel/framework/src/Illuminate/Pipeline/Pipeline.php(209): Illuminate\\Foundation\\Http\\Middleware\\TrimStrings->handle()
#43 /var/www/vhosts/ieslamarisma.net/httpdocs/proyectos/2026/joseangelaquino/laravel/gym-reservas/vendor/laravel/framework/src/Illuminate/Http/Middleware/ValidatePostSize.php(27): Illuminate\\Pipeline\\Pipeline->Illuminate\\Pipeline\\{closure}()
#44 /var/www/vhosts/ieslamarisma.net/httpdocs/proyectos/2026/joseangelaquino/laravel/gym-reservas/vendor/laravel/framework/src/Illuminate/Pipeline/Pipeline.php(209): Illuminate\\Http\\Middleware\\ValidatePostSize->handle()
#45 /var/www/vhosts/ieslamarisma.net/httpdocs/proyectos/2026/joseangelaquino/laravel/gym-reservas/vendor/laravel/framework/src/Illuminate/Foundation/Http/Middleware/PreventRequestsDuringMaintenance.php(110): Illuminate\\Pipeline\\Pipeline->Illuminate\\Pipeline\\{closure}()
#46 /var/www/vhosts/ieslamarisma.net/httpdocs/proyectos/2026/joseangelaquino/laravel/gym-reservas/vendor/laravel/framework/src/Illuminate/Pipeline/Pipeline.php(209): Illuminate\\Foundation\\Http\\Middleware\\PreventRequestsDuringMaintenance->handle()
#47 /var/www/vhosts/ieslamarisma.net/httpdocs/proyectos/2026/joseangelaquino/laravel/gym-reservas/vendor/laravel/framework/src/Illuminate/Http/Middleware/HandleCors.php(49): Illuminate\\Pipeline\\Pipeline->Illuminate\\Pipeline\\{closure}()
#48 /var/www/vhosts/ieslamarisma.net/httpdocs/proyectos/2026/joseangelaquino/laravel/gym-reservas/vendor/laravel/framework/src/Illuminate/Pipeline/Pipeline.php(209): Illuminate\\Http\\Middleware\\HandleCors->handle()
#49 /var/www/vhosts/ieslamarisma.net/httpdocs/proyectos/2026/joseangelaquino/laravel/gym-reservas/vendor/laravel/framework/src/Illuminate/Http/Middleware/TrustProxies.php(58): Illuminate\\Pipeline\\Pipeline->Illuminate\\Pipeline\\{closure}()
#50 /var/www/vhosts/ieslamarisma.net/httpdocs/proyectos/2026/joseangelaquino/laravel/gym-reservas/vendor/laravel/framework/src/Illuminate/Pipeline/Pipeline.php(209): Illuminate\\Http\\Middleware\\TrustProxies->handle()
#51 /var/www/vhosts/ieslamarisma.net/httpdocs/proyectos/2026/joseangelaquino/laravel/gym-reservas/vendor/laravel/framework/src/Illuminate/Foundation/Http/Middleware/InvokeDeferredCallbacks.php(22): Illuminate\\Pipeline\\Pipeline->Illuminate\\Pipeline\\{closure}()
#52 /var/www/vhosts/ieslamarisma.net/httpdocs/proyectos/2026/joseangelaquino/laravel/gym-reservas/vendor/laravel/framework/src/Illuminate/Pipeline/Pipeline.php(209): Illuminate\\Foundation\\Http\\Middleware\\InvokeDeferredCallbacks->handle()
#53 /var/www/vhosts/ieslamarisma.net/httpdocs/proyectos/2026/joseangelaquino/laravel/gym-reservas/vendor/laravel/framework/src/Illuminate/Pipeline/Pipeline.php(127): Illuminate\\Pipeline\\Pipeline->Illuminate\\Pipeline\\{closure}()
#54 /var/www/vhosts/ieslamarisma.net/httpdocs/proyectos/2026/joseangelaquino/laravel/gym-reservas/vendor/laravel/framework/src/Illuminate/Foundation/Http/Kernel.php(176): Illuminate\\Pipeline\\Pipeline->then()
#55 /var/www/vhosts/ieslamarisma.net/httpdocs/proyectos/2026/joseangelaquino/laravel/gym-reservas/vendor/laravel/framework/src/Illuminate/Foundation/Http/Kernel.php(145): Illuminate\\Foundation\\Http\\Kernel->sendRequestThroughRouter()
#56 /var/www/vhosts/ieslamarisma.net/httpdocs/proyectos/2026/joseangelaquino/laravel/gym-reservas/vendor/laravel/framework/src/Illuminate/Foundation/Application.php(1220): Illuminate\\Foundation\\Http\\Kernel->handle()
#57 /var/www/vhosts/ieslamarisma.net/httpdocs/proyectos/2026/joseangelaquino/laravel/gym-reservas/public/index.php(26): Illuminate\\Foundation\\Application->handleRequest()
#58 {main}

[previous exception] [object] (ParseError(code: 0): syntax error, unexpected end of file, expecting \"elseif\" or \"else\" or \"endif\" at /var/www/vhosts/ieslamarisma.net/httpdocs/proyectos/2026/joseangelaquino/laravel/gym-reservas/storage/framework/views/08bd678c24c6ebca26eb51391224eab6.php:290)
[stacktrace]
#0 /var/www/vhosts/ieslamarisma.net/httpdocs/proyectos/2026/joseangelaquino/laravel/gym-reservas/vendor/laravel/framework/src/Illuminate/Filesystem/Filesystem.php(124): Illuminate\\Filesystem\\Filesystem::Illuminate\\Filesystem\\{closure}()
#1 /var/www/vhosts/ieslamarisma.net/httpdocs/proyectos/2026/joseangelaquino/laravel/gym-reservas/vendor/laravel/framework/src/Illuminate/View/Engines/PhpEngine.php(58): Illuminate\\Filesystem\\Filesystem->getRequire()
#2 /var/www/vhosts/ieslamarisma.net/httpdocs/proyectos/2026/joseangelaquino/laravel/gym-reservas/vendor/laravel/framework/src/Illuminate/View/Engines/CompilerEngine.php(75): Illuminate\\View\\Engines\\PhpEngine->evaluatePath()
#3 /var/www/vhosts/ieslamarisma.net/httpdocs/proyectos/2026/joseangelaquino/laravel/gym-reservas/vendor/laravel/framework/src/Illuminate/View/View.php(209): Illuminate\\View\\Engines\\CompilerEngine->get()
#4 /var/www/vhosts/ieslamarisma.net/httpdocs/proyectos/2026/joseangelaquino/laravel/gym-reservas/vendor/laravel/framework/src/Illuminate/View/View.php(192): Illuminate\\View\\View->getContents()
#5 /var/www/vhosts/ieslamarisma.net/httpdocs/proyectos/2026/joseangelaquino/laravel/gym-reservas/vendor/laravel/framework/src/Illuminate/View/View.php(161): Illuminate\\View\\View->renderContents()
#6 /var/www/vhosts/ieslamarisma.net/httpdocs/proyectos/2026/joseangelaquino/laravel/gym-reservas/vendor/laravel/framework/src/Illuminate/Http/Response.php(79): Illuminate\\View\\View->render()
#7 /var/www/vhosts/ieslamarisma.net/httpdocs/proyectos/2026/joseangelaquino/laravel/gym-reservas/vendor/laravel/framework/src/Illuminate/Http/Response.php(35): Illuminate\\Http\\Response->setContent()
#8 /var/www/vhosts/ieslamarisma.net/httpdocs/proyectos/2026/joseangelaquino/laravel/gym-reservas/vendor/laravel/framework/src/Illuminate/Routing/Router.php(920): Illuminate\\Http\\Response->__construct()
#9 /var/www/vhosts/ieslamarisma.net/httpdocs/proyectos/2026/joseangelaquino/laravel/gym-reservas/vendor/laravel/framework/src/Illuminate/Routing/Router.php(887): Illuminate\\Routing\\Router::toResponse()
#10 /var/www/vhosts/ieslamarisma.net/httpdocs/proyectos/2026/joseangelaquino/laravel/gym-reservas/vendor/laravel/framework/src/Illuminate/Routing/Router.php(807): Illuminate\\Routing\\Router->prepareResponse()
#11 /var/www/vhosts/ieslamarisma.net/httpdocs/proyectos/2026/joseangelaquino/laravel/gym-reservas/vendor/laravel/framework/src/Illuminate/Pipeline/Pipeline.php(170): Illuminate\\Routing\\Router->Illuminate\\Routing\\{closure}()
#12 /var/www/vhosts/ieslamarisma.net/httpdocs/proyectos/2026/joseangelaquino/laravel/gym-reservas/vendor/laravel/framework/src/Illuminate/Auth/Middleware/RedirectIfAuthenticated.php(35): Illuminate\\Pipeline\\Pipeline->Illuminate\\Pipeline\\{closure}()
#13 /var/www/vhosts/ieslamarisma.net/httpdocs/proyectos/2026/joseangelaquino/laravel/gym-reservas/vendor/laravel/framework/src/Illuminate/Pipeline/Pipeline.php(209): Illuminate\\Auth\\Middleware\\RedirectIfAuthenticated->handle()
#14 /var/www/vhosts/ieslamarisma.net/httpdocs/proyectos/2026/joseangelaquino/laravel/gym-reservas/vendor/laravel/framework/src/Illuminate/Http/Middleware/AddLinkHeadersForPreloadedAssets.php(20): Illuminate\\Pipeline\\Pipeline->Illuminate\\Pipeline\\{closure}()
#15 /var/www/vhosts/ieslamarisma.net/httpdocs/proyectos/2026/joseangelaquino/laravel/gym-reservas/vendor/laravel/framework/src/Illuminate/Pipeline/Pipeline.php(209): Illuminate\\Http\\Middleware\\AddLinkHeadersForPreloadedAssets->handle()
#16 /var/www/vhosts/ieslamarisma.net/httpdocs/proyectos/2026/joseangelaquino/laravel/gym-reservas/vendor/inertiajs/inertia-laravel/src/Middleware.php(122): Illuminate\\Pipeline\\Pipeline->Illuminate\\Pipeline\\{closure}()
#17 /var/www/vhosts/ieslamarisma.net/httpdocs/proyectos/2026/joseangelaquino/laravel/gym-reservas/vendor/laravel/framework/src/Illuminate/Pipeline/Pipeline.php(209): Inertia\\Middleware->handle()
#18 /var/www/vhosts/ieslamarisma.net/httpdocs/proyectos/2026/joseangelaquino/laravel/gym-reservas/vendor/laravel/framework/src/Illuminate/Routing/Middleware/SubstituteBindings.php(51): Illuminate\\Pipeline\\Pipeline->Illuminate\\Pipeline\\{closure}()
#19 /var/www/vhosts/ieslamarisma.net/httpdocs/proyectos/2026/joseangelaquino/laravel/gym-reservas/vendor/laravel/framework/src/Illuminate/Pipeline/Pipeline.php(209): Illuminate\\Routing\\Middleware\\SubstituteBindings->handle()
#20 /var/www/vhosts/ieslamarisma.net/httpdocs/proyectos/2026/joseangelaquino/laravel/gym-reservas/vendor/laravel/framework/src/Illuminate/Foundation/Http/Middleware/VerifyCsrfToken.php(88): Illuminate\\Pipeline\\Pipeline->Illuminate\\Pipeline\\{closure}()
#21 /var/www/vhosts/ieslamarisma.net/httpdocs/proyectos/2026/joseangelaquino/laravel/gym-reservas/vendor/laravel/framework/src/Illuminate/Pipeline/Pipeline.php(209): Illuminate\\Foundation\\Http\\Middleware\\VerifyCsrfToken->handle()
#22 /var/www/vhosts/ieslamarisma.net/httpdocs/proyectos/2026/joseangelaquino/laravel/gym-reservas/vendor/laravel/framework/src/Illuminate/View/Middleware/ShareErrorsFromSession.php(49): Illuminate\\Pipeline\\Pipeline->Illuminate\\Pipeline\\{closure}()
#23 /var/www/vhosts/ieslamarisma.net/httpdocs/proyectos/2026/joseangelaquino/laravel/gym-reservas/vendor/laravel/framework/src/Illuminate/Pipeline/Pipeline.php(209): Illuminate\\View\\Middleware\\ShareErrorsFromSession->handle()
#24 /var/www/vhosts/ieslamarisma.net/httpdocs/proyectos/2026/joseangelaquino/laravel/gym-reservas/vendor/laravel/framework/src/Illuminate/Session/Middleware/StartSession.php(121): Illuminate\\Pipeline\\Pipeline->Illuminate\\Pipeline\\{closure}()
#25 /var/www/vhosts/ieslamarisma.net/httpdocs/proyectos/2026/joseangelaquino/laravel/gym-reservas/vendor/laravel/framework/src/Illuminate/Session/Middleware/StartSession.php(64): Illuminate\\Session\\Middleware\\StartSession->handleStatefulRequest()
#26 /var/www/vhosts/ieslamarisma.net/httpdocs/proyectos/2026/joseangelaquino/laravel/gym-reservas/vendor/laravel/framework/src/Illuminate/Pipeline/Pipeline.php(209): Illuminate\\Session\\Middleware\\StartSession->handle()
#27 /var/www/vhosts/ieslamarisma.net/httpdocs/proyectos/2026/joseangelaquino/laravel/gym-reservas/vendor/laravel/framework/src/Illuminate/Cookie/Middleware/AddQueuedCookiesToResponse.php(37): Illuminate\\Pipeline\\Pipeline->Illuminate\\Pipeline\\{closure}()
#28 /var/www/vhosts/ieslamarisma.net/httpdocs/proyectos/2026/joseangelaquino/laravel/gym-reservas/vendor/laravel/framework/src/Illuminate/Pipeline/Pipeline.php(209): Illuminate\\Cookie\\Middleware\\AddQueuedCookiesToResponse->handle()
#29 /var/www/vhosts/ieslamarisma.net/httpdocs/proyectos/2026/joseangelaquino/laravel/gym-reservas/vendor/laravel/framework/src/Illuminate/Cookie/Middleware/EncryptCookies.php(75): Illuminate\\Pipeline\\Pipeline->Illuminate\\Pipeline\\{closure}()
#30 /var/www/vhosts/ieslamarisma.net/httpdocs/proyectos/2026/joseangelaquino/laravel/gym-reservas/vendor/laravel/framework/src/Illuminate/Pipeline/Pipeline.php(209): Illuminate\\Cookie\\Middleware\\EncryptCookies->handle()
#31 /var/www/vhosts/ieslamarisma.net/httpdocs/proyectos/2026/joseangelaquino/laravel/gym-reservas/vendor/laravel/framework/src/Illuminate/Pipeline/Pipeline.php(127): Illuminate\\Pipeline\\Pipeline->Illuminate\\Pipeline\\{closure}()
#32 /var/www/vhosts/ieslamarisma.net/httpdocs/proyectos/2026/joseangelaquino/laravel/gym-reservas/vendor/laravel/framework/src/Illuminate/Routing/Router.php(807): Illuminate\\Pipeline\\Pipeline->then()
#33 /var/www/vhosts/ieslamarisma.net/httpdocs/proyectos/2026/joseangelaquino/laravel/gym-reservas/vendor/laravel/framework/src/Illuminate/Routing/Router.php(786): Illuminate\\Routing\\Router->runRouteWithinStack()
#34 /var/www/vhosts/ieslamarisma.net/httpdocs/proyectos/2026/joseangelaquino/laravel/gym-reservas/vendor/laravel/framework/src/Illuminate/Routing/Router.php(750): Illuminate\\Routing\\Router->runRoute()
#35 /var/www/vhosts/ieslamarisma.net/httpdocs/proyectos/2026/joseangelaquino/laravel/gym-reservas/vendor/laravel/framework/src/Illuminate/Routing/Router.php(739): Illuminate\\Routing\\Router->dispatchToRoute()
#36 /var/www/vhosts/ieslamarisma.net/httpdocs/proyectos/2026/joseangelaquino/laravel/gym-reservas/vendor/laravel/framework/src/Illuminate/Foundation/Http/Kernel.php(201): Illuminate\\Routing\\Router->dispatch()
#37 /var/www/vhosts/ieslamarisma.net/httpdocs/proyectos/2026/joseangelaquino/laravel/gym-reservas/vendor/laravel/framework/src/Illuminate/Pipeline/Pipeline.php(170): Illuminate\\Foundation\\Http\\Kernel->Illuminate\\Foundation\\Http\\{closure}()
#38 /var/www/vhosts/ieslamarisma.net/httpdocs/proyectos/2026/joseangelaquino/laravel/gym-reservas/vendor/laravel/framework/src/Illuminate/Foundation/Http/Middleware/TransformsRequest.php(21): Illuminate\\Pipeline\\Pipeline->Illuminate\\Pipeline\\{closure}()
#39 /var/www/vhosts/ieslamarisma.net/httpdocs/proyectos/2026/joseangelaquino/laravel/gym-reservas/vendor/laravel/framework/src/Illuminate/Foundation/Http/Middleware/ConvertEmptyStringsToNull.php(31): Illuminate\\Foundation\\Http\\Middleware\\TransformsRequest->handle()
#40 /var/www/vhosts/ieslamarisma.net/httpdocs/proyectos/2026/joseangelaquino/laravel/gym-reservas/vendor/laravel/framework/src/Illuminate/Pipeline/Pipeline.php(209): Illuminate\\Foundation\\Http\\Middleware\\ConvertEmptyStringsToNull->handle()
#41 /var/www/vhosts/ieslamarisma.net/httpdocs/proyectos/2026/joseangelaquino/laravel/gym-reservas/vendor/laravel/framework/src/Illuminate/Foundation/Http/Middleware/TransformsRequest.php(21): Illuminate\\Pipeline\\Pipeline->Illuminate\\Pipeline\\{closure}()
#42 /var/www/vhosts/ieslamarisma.net/httpdocs/proyectos/2026/joseangelaquino/laravel/gym-reservas/vendor/laravel/framework/src/Illuminate/Foundation/Http/Middleware/TrimStrings.php(51): Illuminate\\Foundation\\Http\\Middleware\\TransformsRequest->handle()
#43 /var/www/vhosts/ieslamarisma.net/httpdocs/proyectos/2026/joseangelaquino/laravel/gym-reservas/vendor/laravel/framework/src/Illuminate/Pipeline/Pipeline.php(209): Illuminate\\Foundation\\Http\\Middleware\\TrimStrings->handle()
#44 /var/www/vhosts/ieslamarisma.net/httpdocs/proyectos/2026/joseangelaquino/laravel/gym-reservas/vendor/laravel/framework/src/Illuminate/Http/Middleware/ValidatePostSize.php(27): Illuminate\\Pipeline\\Pipeline->Illuminate\\Pipeline\\{closure}()
#45 /var/www/vhosts/ieslamarisma.net/httpdocs/proyectos/2026/joseangelaquino/laravel/gym-reservas/vendor/laravel/framework/src/Illuminate/Pipeline/Pipeline.php(209): Illuminate\\Http\\Middleware\\ValidatePostSize->handle()
#46 /var/www/vhosts/ieslamarisma.net/httpdocs/proyectos/2026/joseangelaquino/laravel/gym-reservas/vendor/laravel/framework/src/Illuminate/Foundation/Http/Middleware/PreventRequestsDuringMaintenance.php(110): Illuminate\\Pipeline\\Pipeline->Illuminate\\Pipeline\\{closure}()
#47 /var/www/vhosts/ieslamarisma.net/httpdocs/proyectos/2026/joseangelaquino/laravel/gym-reservas/vendor/laravel/framework/src/Illuminate/Pipeline/Pipeline.php(209): Illuminate\\Foundation\\Http\\Middleware\\PreventRequestsDuringMaintenance->handle()
#48 /var/www/vhosts/ieslamarisma.net/httpdocs/proyectos/2026/joseangelaquino/laravel/gym-reservas/vendor/laravel/framework/src/Illuminate/Http/Middleware/HandleCors.php(49): Illuminate\\Pipeline\\Pipeline->Illuminate\\Pipeline\\{closure}()
#49 /var/www/vhosts/ieslamarisma.net/httpdocs/proyectos/2026/joseangelaquino/laravel/gym-reservas/vendor/laravel/framework/src/Illuminate/Pipeline/Pipeline.php(209): Illuminate\\Http\\Middleware\\HandleCors->handle()
#50 /var/www/vhosts/ieslamarisma.net/httpdocs/proyectos/2026/joseangelaquino/laravel/gym-reservas/vendor/laravel/framework/src/Illuminate/Http/Middleware/TrustProxies.php(58): Illuminate\\Pipeline\\Pipeline->Illuminate\\Pipeline\\{closure}()
#51 /var/www/vhosts/ieslamarisma.net/httpdocs/proyectos/2026/joseangelaquino/laravel/gym-reservas/vendor/laravel/framework/src/Illuminate/Pipeline/Pipeline.php(209): Illuminate\\Http\\Middleware\\TrustProxies->handle()
#52 /var/www/vhosts/ieslamarisma.net/httpdocs/proyectos/2026/joseangelaquino/laravel/gym-reservas/vendor/laravel/framework/src/Illuminate/Foundation/Http/Middleware/InvokeDeferredCallbacks.php(22): Illuminate\\Pipeline\\Pipeline->Illuminate\\Pipeline\\{closure}()
#53 /var/www/vhosts/ieslamarisma.net/httpdocs/proyectos/2026/joseangelaquino/laravel/gym-reservas/vendor/laravel/framework/src/Illuminate/Pipeline/Pipeline.php(209): Illuminate\\Foundation\\Http\\Middleware\\InvokeDeferredCallbacks->handle()
#54 /var/www/vhosts/ieslamarisma.net/httpdocs/proyectos/2026/joseangelaquino/laravel/gym-reservas/vendor/laravel/framework/src/Illuminate/Pipeline/Pipeline.php(127): Illuminate\\Pipeline\\Pipeline->Illuminate\\Pipeline\\{closure}()
#55 /var/www/vhosts/ieslamarisma.net/httpdocs/proyectos/2026/joseangelaquino/laravel/gym-reservas/vendor/laravel/framework/src/Illuminate/Foundation/Http/Kernel.php(176): Illuminate\\Pipeline\\Pipeline->then()
#56 /var/www/vhosts/ieslamarisma.net/httpdocs/proyectos/2026/joseangelaquino/laravel/gym-reservas/vendor/laravel/framework/src/Illuminate/Foundation/Http/Kernel.php(145): Illuminate\\Foundation\\Http\\Kernel->sendRequestThroughRouter()
#57 /var/www/vhosts/ieslamarisma.net/httpdocs/proyectos/2026/joseangelaquino/laravel/gym-reservas/vendor/laravel/framework/src/Illuminate/Foundation/Application.php(1220): Illuminate\\Foundation\\Http\\Kernel->handle()
#58 /var/www/vhosts/ieslamarisma.net/httpdocs/proyectos/2026/joseangelaquino/laravel/gym-reservas/public/index.php(26): Illuminate\\Foundation\\Application->handleRequest()
#59 {main}
"} 
[2026-04-12 17:02:35] production.ERROR: syntax error, unexpected end of file, expecting "elseif" or "else" or "endif" (View: /var/www/vhosts/ieslamarisma.net/httpdocs/proyectos/2026/joseangelaquino/laravel/gym-reservas/resources/views/auth/register.blade.php) {"exception":"[object] (Illuminate\\View\\ViewException(code: 0): syntax error, unexpected end of file, expecting \"elseif\" or \"else\" or \"endif\" (View: /var/www/vhosts/ieslamarisma.net/httpdocs/proyectos/2026/joseangelaquino/laravel/gym-reservas/resources/views/auth/register.blade.php) at /var/www/vhosts/ieslamarisma.net/httpdocs/proyectos/2026/joseangelaquino/laravel/gym-reservas/storage/framework/views/08bd678c24c6ebca26eb51391224eab6.php:290)
[stacktrace]
#0 /var/www/vhosts/ieslamarisma.net/httpdocs/proyectos/2026/joseangelaquino/laravel/gym-reservas/vendor/laravel/framework/src/Illuminate/View/Engines/PhpEngine.php(60): Illuminate\\View\\Engines\\CompilerEngine->handleViewException()
#1 /var/www/vhosts/ieslamarisma.net/httpdocs/proyectos/2026/joseangelaquino/laravel/gym-reservas/vendor/laravel/framework/src/Illuminate/View/Engines/CompilerEngine.php(75): Illuminate\\View\\Engines\\PhpEngine->evaluatePath()
#2 /var/www/vhosts/ieslamarisma.net/httpdocs/proyectos/2026/joseangelaquino/laravel/gym-reservas/vendor/laravel/framework/src/Illuminate/View/View.php(209): Illuminate\\View\\Engines\\CompilerEngine->get()
#3 /var/www/vhosts/ieslamarisma.net/httpdocs/proyectos/2026/joseangelaquino/laravel/gym-reservas/vendor/laravel/framework/src/Illuminate/View/View.php(192): Illuminate\\View\\View->getContents()
#4 /var/www/vhosts/ieslamarisma.net/httpdocs/proyectos/2026/joseangelaquino/laravel/gym-reservas/vendor/laravel/framework/src/Illuminate/View/View.php(161): Illuminate\\View\\View->renderContents()
#5 /var/www/vhosts/ieslamarisma.net/httpdocs/proyectos/2026/joseangelaquino/laravel/gym-reservas/vendor/laravel/framework/src/Illuminate/Http/Response.php(79): Illuminate\\View\\View->render()
#6 /var/www/vhosts/ieslamarisma.net/httpdocs/proyectos/2026/joseangelaquino/laravel/gym-reservas/vendor/laravel/framework/src/Illuminate/Http/Response.php(35): Illuminate\\Http\\Response->setContent()
#7 /var/www/vhosts/ieslamarisma.net/httpdocs/proyectos/2026/joseangelaquino/laravel/gym-reservas/vendor/laravel/framework/src/Illuminate/Routing/Router.php(920): Illuminate\\Http\\Response->__construct()
#8 /var/www/vhosts/ieslamarisma.net/httpdocs/proyectos/2026/joseangelaquino/laravel/gym-reservas/vendor/laravel/framework/src/Illuminate/Routing/Router.php(887): Illuminate\\Routing\\Router::toResponse()
#9 /var/www/vhosts/ieslamarisma.net/httpdocs/proyectos/2026/joseangelaquino/laravel/gym-reservas/vendor/laravel/framework/src/Illuminate/Routing/Router.php(807): Illuminate\\Routing\\Router->prepareResponse()
#10 /var/www/vhosts/ieslamarisma.net/httpdocs/proyectos/2026/joseangelaquino/laravel/gym-reservas/vendor/laravel/framework/src/Illuminate/Pipeline/Pipeline.php(170): Illuminate\\Routing\\Router->Illuminate\\Routing\\{closure}()
#11 /var/www/vhosts/ieslamarisma.net/httpdocs/proyectos/2026/joseangelaquino/laravel/gym-reservas/vendor/laravel/framework/src/Illuminate/Auth/Middleware/RedirectIfAuthenticated.php(35): Illuminate\\Pipeline\\Pipeline->Illuminate\\Pipeline\\{closure}()
#12 /var/www/vhosts/ieslamarisma.net/httpdocs/proyectos/2026/joseangelaquino/laravel/gym-reservas/vendor/laravel/framework/src/Illuminate/Pipeline/Pipeline.php(209): Illuminate\\Auth\\Middleware\\RedirectIfAuthenticated->handle()
#13 /var/www/vhosts/ieslamarisma.net/httpdocs/proyectos/2026/joseangelaquino/laravel/gym-reservas/vendor/laravel/framework/src/Illuminate/Http/Middleware/AddLinkHeadersForPreloadedAssets.php(20): Illuminate\\Pipeline\\Pipeline->Illuminate\\Pipeline\\{closure}()
#14 /var/www/vhosts/ieslamarisma.net/httpdocs/proyectos/2026/joseangelaquino/laravel/gym-reservas/vendor/laravel/framework/src/Illuminate/Pipeline/Pipeline.php(209): Illuminate\\Http\\Middleware\\AddLinkHeadersForPreloadedAssets->handle()
#15 /var/www/vhosts/ieslamarisma.net/httpdocs/proyectos/2026/joseangelaquino/laravel/gym-reservas/vendor/inertiajs/inertia-laravel/src/Middleware.php(122): Illuminate\\Pipeline\\Pipeline->Illuminate\\Pipeline\\{closure}()
#16 /var/www/vhosts/ieslamarisma.net/httpdocs/proyectos/2026/joseangelaquino/laravel/gym-reservas/vendor/laravel/framework/src/Illuminate/Pipeline/Pipeline.php(209): Inertia\\Middleware->handle()
#17 /var/www/vhosts/ieslamarisma.net/httpdocs/proyectos/2026/joseangelaquino/laravel/gym-reservas/vendor/laravel/framework/src/Illuminate/Routing/Middleware/SubstituteBindings.php(51): Illuminate\\Pipeline\\Pipeline->Illuminate\\Pipeline\\{closure}()
#18 /var/www/vhosts/ieslamarisma.net/httpdocs/proyectos/2026/joseangelaquino/laravel/gym-reservas/vendor/laravel/framework/src/Illuminate/Pipeline/Pipeline.php(209): Illuminate\\Routing\\Middleware\\SubstituteBindings->handle()
#19 /var/www/vhosts/ieslamarisma.net/httpdocs/proyectos/2026/joseangelaquino/laravel/gym-reservas/vendor/laravel/framework/src/Illuminate/Foundation/Http/Middleware/VerifyCsrfToken.php(88): Illuminate\\Pipeline\\Pipeline->Illuminate\\Pipeline\\{closure}()
#20 /var/www/vhosts/ieslamarisma.net/httpdocs/proyectos/2026/joseangelaquino/laravel/gym-reservas/vendor/laravel/framework/src/Illuminate/Pipeline/Pipeline.php(209): Illuminate\\Foundation\\Http\\Middleware\\VerifyCsrfToken->handle()
#21 /var/www/vhosts/ieslamarisma.net/httpdocs/proyectos/2026/joseangelaquino/laravel/gym-reservas/vendor/laravel/framework/src/Illuminate/View/Middleware/ShareErrorsFromSession.php(49): Illuminate\\Pipeline\\Pipeline->Illuminate\\Pipeline\\{closure}()
#22 /var/www/vhosts/ieslamarisma.net/httpdocs/proyectos/2026/joseangelaquino/laravel/gym-reservas/vendor/laravel/framework/src/Illuminate/Pipeline/Pipeline.php(209): Illuminate\\View\\Middleware\\ShareErrorsFromSession->handle()
#23 /var/www/vhosts/ieslamarisma.net/httpdocs/proyectos/2026/joseangelaquino/laravel/gym-reservas/vendor/laravel/framework/src/Illuminate/Session/Middleware/StartSession.php(121): Illuminate\\Pipeline\\Pipeline->Illuminate\\Pipeline\\{closure}()
#24 /var/www/vhosts/ieslamarisma.net/httpdocs/proyectos/2026/joseangelaquino/laravel/gym-reservas/vendor/laravel/framework/src/Illuminate/Session/Middleware/StartSession.php(64): Illuminate\\Session\\Middleware\\StartSession->handleStatefulRequest()
#25 /var/www/vhosts/ieslamarisma.net/httpdocs/proyectos/2026/joseangelaquino/laravel/gym-reservas/vendor/laravel/framework/src/Illuminate/Pipeline/Pipeline.php(209): Illuminate\\Session\\Middleware\\StartSession->handle()
#26 /var/www/vhosts/ieslamarisma.net/httpdocs/proyectos/2026/joseangelaquino/laravel/gym-reservas/vendor/laravel/framework/src/Illuminate/Cookie/Middleware/AddQueuedCookiesToResponse.php(37): Illuminate\\Pipeline\\Pipeline->Illuminate\\Pipeline\\{closure}()
#27 /var/www/vhosts/ieslamarisma.net/httpdocs/proyectos/2026/joseangelaquino/laravel/gym-reservas/vendor/laravel/framework/src/Illuminate/Pipeline/Pipeline.php(209): Illuminate\\Cookie\\Middleware\\AddQueuedCookiesToResponse->handle()
#28 /var/www/vhosts/ieslamarisma.net/httpdocs/proyectos/2026/joseangelaquino/laravel/gym-reservas/vendor/laravel/framework/src/Illuminate/Cookie/Middleware/EncryptCookies.php(75): Illuminate\\Pipeline\\Pipeline->Illuminate\\Pipeline\\{closure}()
#29 /var/www/vhosts/ieslamarisma.net/httpdocs/proyectos/2026/joseangelaquino/laravel/gym-reservas/vendor/laravel/framework/src/Illuminate/Pipeline/Pipeline.php(209): Illuminate\\Cookie\\Middleware\\EncryptCookies->handle()
#30 /var/www/vhosts/ieslamarisma.net/httpdocs/proyectos/2026/joseangelaquino/laravel/gym-reservas/vendor/laravel/framework/src/Illuminate/Pipeline/Pipeline.php(127): Illuminate\\Pipeline\\Pipeline->Illuminate\\Pipeline\\{closure}()
#31 /var/www/vhosts/ieslamarisma.net/httpdocs/proyectos/2026/joseangelaquino/laravel/gym-reservas/vendor/laravel/framework/src/Illuminate/Routing/Router.php(807): Illuminate\\Pipeline\\Pipeline->then()
#32 /var/www/vhosts/ieslamarisma.net/httpdocs/proyectos/2026/joseangelaquino/laravel/gym-reservas/vendor/laravel/framework/src/Illuminate/Routing/Router.php(786): Illuminate\\Routing\\Router->runRouteWithinStack()
#33 /var/www/vhosts/ieslamarisma.net/httpdocs/proyectos/2026/joseangelaquino/laravel/gym-reservas/vendor/laravel/framework/src/Illuminate/Routing/Router.php(750): Illuminate\\Routing\\Router->runRoute()
#34 /var/www/vhosts/ieslamarisma.net/httpdocs/proyectos/2026/joseangelaquino/laravel/gym-reservas/vendor/laravel/framework/src/Illuminate/Routing/Router.php(739): Illuminate\\Routing\\Router->dispatchToRoute()
#35 /var/www/vhosts/ieslamarisma.net/httpdocs/proyectos/2026/joseangelaquino/laravel/gym-reservas/vendor/laravel/framework/src/Illuminate/Foundation/Http/Kernel.php(201): Illuminate\\Routing\\Router->dispatch()
#36 /var/www/vhosts/ieslamarisma.net/httpdocs/proyectos/2026/joseangelaquino/laravel/gym-reservas/vendor/laravel/framework/src/Illuminate/Pipeline/Pipeline.php(170): Illuminate\\Foundation\\Http\\Kernel->Illuminate\\Foundation\\Http\\{closure}()
#37 /var/www/vhosts/ieslamarisma.net/httpdocs/proyectos/2026/joseangelaquino/laravel/gym-reservas/vendor/laravel/framework/src/Illuminate/Foundation/Http/Middleware/TransformsRequest.php(21): Illuminate\\Pipeline\\Pipeline->Illuminate\\Pipeline\\{closure}()
#38 /var/www/vhosts/ieslamarisma.net/httpdocs/proyectos/2026/joseangelaquino/laravel/gym-reservas/vendor/laravel/framework/src/Illuminate/Foundation/Http/Middleware/ConvertEmptyStringsToNull.php(31): Illuminate\\Foundation\\Http\\Middleware\\TransformsRequest->handle()
#39 /var/www/vhosts/ieslamarisma.net/httpdocs/proyectos/2026/joseangelaquino/laravel/gym-reservas/vendor/laravel/framework/src/Illuminate/Pipeline/Pipeline.php(209): Illuminate\\Foundation\\Http\\Middleware\\ConvertEmptyStringsToNull->handle()
#40 /var/www/vhosts/ieslamarisma.net/httpdocs/proyectos/2026/joseangelaquino/laravel/gym-reservas/vendor/laravel/framework/src/Illuminate/Foundation/Http/Middleware/TransformsRequest.php(21): Illuminate\\Pipeline\\Pipeline->Illuminate\\Pipeline\\{closure}()
#41 /var/www/vhosts/ieslamarisma.net/httpdocs/proyectos/2026/joseangelaquino/laravel/gym-reservas/vendor/laravel/framework/src/Illuminate/Foundation/Http/Middleware/TrimStrings.php(51): Illuminate\\Foundation\\Http\\Middleware\\TransformsRequest->handle()
#42 /var/www/vhosts/ieslamarisma.net/httpdocs/proyectos/2026/joseangelaquino/laravel/gym-reservas/vendor/laravel/framework/src/Illuminate/Pipeline/Pipeline.php(209): Illuminate\\Foundation\\Http\\Middleware\\TrimStrings->handle()
#43 /var/www/vhosts/ieslamarisma.net/httpdocs/proyectos/2026/joseangelaquino/laravel/gym-reservas/vendor/laravel/framework/src/Illuminate/Http/Middleware/ValidatePostSize.php(27): Illuminate\\Pipeline\\Pipeline->Illuminate\\Pipeline\\{closure}()
#44 /var/www/vhosts/ieslamarisma.net/httpdocs/proyectos/2026/joseangelaquino/laravel/gym-reservas/vendor/laravel/framework/src/Illuminate/Pipeline/Pipeline.php(209): Illuminate\\Http\\Middleware\\ValidatePostSize->handle()
#45 /var/www/vhosts/ieslamarisma.net/httpdocs/proyectos/2026/joseangelaquino/laravel/gym-reservas/vendor/laravel/framework/src/Illuminate/Foundation/Http/Middleware/PreventRequestsDuringMaintenance.php(110): Illuminate\\Pipeline\\Pipeline->Illuminate\\Pipeline\\{closure}()
#46 /var/www/vhosts/ieslamarisma.net/httpdocs/proyectos/2026/joseangelaquino/laravel/gym-reservas/vendor/laravel/framework/src/Illuminate/Pipeline/Pipeline.php(209): Illuminate\\Foundation\\Http\\Middleware\\PreventRequestsDuringMaintenance->handle()
#47 /var/www/vhosts/ieslamarisma.net/httpdocs/proyectos/2026/joseangelaquino/laravel/gym-reservas/vendor/laravel/framework/src/Illuminate/Http/Middleware/HandleCors.php(49): Illuminate\\Pipeline\\Pipeline->Illuminate\\Pipeline\\{closure}()
#48 /var/www/vhosts/ieslamarisma.net/httpdocs/proyectos/2026/joseangelaquino/laravel/gym-reservas/vendor/laravel/framework/src/Illuminate/Pipeline/Pipeline.php(209): Illuminate\\Http\\Middleware\\HandleCors->handle()
#49 /var/www/vhosts/ieslamarisma.net/httpdocs/proyectos/2026/joseangelaquino/laravel/gym-reservas/vendor/laravel/framework/src/Illuminate/Http/Middleware/TrustProxies.php(58): Illuminate\\Pipeline\\Pipeline->Illuminate\\Pipeline\\{closure}()
#50 /var/www/vhosts/ieslamarisma.net/httpdocs/proyectos/2026/joseangelaquino/laravel/gym-reservas/vendor/laravel/framework/src/Illuminate/Pipeline/Pipeline.php(209): Illuminate\\Http\\Middleware\\TrustProxies->handle()
#51 /var/www/vhosts/ieslamarisma.net/httpdocs/proyectos/2026/joseangelaquino/laravel/gym-reservas/vendor/laravel/framework/src/Illuminate/Foundation/Http/Middleware/InvokeDeferredCallbacks.php(22): Illuminate\\Pipeline\\Pipeline->Illuminate\\Pipeline\\{closure}()
#52 /var/www/vhosts/ieslamarisma.net/httpdocs/proyectos/2026/joseangelaquino/laravel/gym-reservas/vendor/laravel/framework/src/Illuminate/Pipeline/Pipeline.php(209): Illuminate\\Foundation\\Http\\Middleware\\InvokeDeferredCallbacks->handle()
#53 /var/www/vhosts/ieslamarisma.net/httpdocs/proyectos/2026/joseangelaquino/laravel/gym-reservas/vendor/laravel/framework/src/Illuminate/Pipeline/Pipeline.php(127): Illuminate\\Pipeline\\Pipeline->Illuminate\\Pipeline\\{closure}()
#54 /var/www/vhosts/ieslamarisma.net/httpdocs/proyectos/2026/joseangelaquino/laravel/gym-reservas/vendor/laravel/framework/src/Illuminate/Foundation/Http/Kernel.php(176): Illuminate\\Pipeline\\Pipeline->then()
#55 /var/www/vhosts/ieslamarisma.net/httpdocs/proyectos/2026/joseangelaquino/laravel/gym-reservas/vendor/laravel/framework/src/Illuminate/Foundation/Http/Kernel.php(145): Illuminate\\Foundation\\Http\\Kernel->sendRequestThroughRouter()
#56 /var/www/vhosts/ieslamarisma.net/httpdocs/proyectos/2026/joseangelaquino/laravel/gym-reservas/vendor/laravel/framework/src/Illuminate/Foundation/Application.php(1220): Illuminate\\Foundation\\Http\\Kernel->handle()
#57 /var/www/vhosts/ieslamarisma.net/httpdocs/proyectos/2026/joseangelaquino/laravel/gym-reservas/public/index.php(26): Illuminate\\Foundation\\Application->handleRequest()
#58 {main}

[previous exception] [object] (ParseError(code: 0): syntax error, unexpected end of file, expecting \"elseif\" or \"else\" or \"endif\" at /var/www/vhosts/ieslamarisma.net/httpdocs/proyectos/2026/joseangelaquino/laravel/gym-reservas/storage/framework/views/08bd678c24c6ebca26eb51391224eab6.php:290)
[stacktrace]
#0 /var/www/vhosts/ieslamarisma.net/httpdocs/proyectos/2026/joseangelaquino/laravel/gym-reservas/vendor/laravel/framework/src/Illuminate/Filesystem/Filesystem.php(124): Illuminate\\Filesystem\\Filesystem::Illuminate\\Filesystem\\{closure}()
#1 /var/www/vhosts/ieslamarisma.net/httpdocs/proyectos/2026/joseangelaquino/laravel/gym-reservas/vendor/laravel/framework/src/Illuminate/View/Engines/PhpEngine.php(58): Illuminate\\Filesystem\\Filesystem->getRequire()
#2 /var/www/vhosts/ieslamarisma.net/httpdocs/proyectos/2026/joseangelaquino/laravel/gym-reservas/vendor/laravel/framework/src/Illuminate/View/Engines/CompilerEngine.php(75): Illuminate\\View\\Engines\\PhpEngine->evaluatePath()
#3 /var/www/vhosts/ieslamarisma.net/httpdocs/proyectos/2026/joseangelaquino/laravel/gym-reservas/vendor/laravel/framework/src/Illuminate/View/View.php(209): Illuminate\\View\\Engines\\CompilerEngine->get()
#4 /var/www/vhosts/ieslamarisma.net/httpdocs/proyectos/2026/joseangelaquino/laravel/gym-reservas/vendor/laravel/framework/src/Illuminate/View/View.php(192): Illuminate\\View\\View->getContents()
#5 /var/www/vhosts/ieslamarisma.net/httpdocs/proyectos/2026/joseangelaquino/laravel/gym-reservas/vendor/laravel/framework/src/Illuminate/View/View.php(161): Illuminate\\View\\View->renderContents()
#6 /var/www/vhosts/ieslamarisma.net/httpdocs/proyectos/2026/joseangelaquino/laravel/gym-reservas/vendor/laravel/framework/src/Illuminate/Http/Response.php(79): Illuminate\\View\\View->render()
#7 /var/www/vhosts/ieslamarisma.net/httpdocs/proyectos/2026/joseangelaquino/laravel/gym-reservas/vendor/laravel/framework/src/Illuminate/Http/Response.php(35): Illuminate\\Http\\Response->setContent()
#8 /var/www/vhosts/ieslamarisma.net/httpdocs/proyectos/2026/joseangelaquino/laravel/gym-reservas/vendor/laravel/framework/src/Illuminate/Routing/Router.php(920): Illuminate\\Http\\Response->__construct()
#9 /var/www/vhosts/ieslamarisma.net/httpdocs/proyectos/2026/joseangelaquino/laravel/gym-reservas/vendor/laravel/framework/src/Illuminate/Routing/Router.php(887): Illuminate\\Routing\\Router::toResponse()
#10 /var/www/vhosts/ieslamarisma.net/httpdocs/proyectos/2026/joseangelaquino/laravel/gym-reservas/vendor/laravel/framework/src/Illuminate/Routing/Router.php(807): Illuminate\\Routing\\Router->prepareResponse()
#11 /var/www/vhosts/ieslamarisma.net/httpdocs/proyectos/2026/joseangelaquino/laravel/gym-reservas/vendor/laravel/framework/src/Illuminate/Pipeline/Pipeline.php(170): Illuminate\\Routing\\Router->Illuminate\\Routing\\{closure}()
#12 /var/www/vhosts/ieslamarisma.net/httpdocs/proyectos/2026/joseangelaquino/laravel/gym-reservas/vendor/laravel/framework/src/Illuminate/Auth/Middleware/RedirectIfAuthenticated.php(35): Illuminate\\Pipeline\\Pipeline->Illuminate\\Pipeline\\{closure}()
#13 /var/www/vhosts/ieslamarisma.net/httpdocs/proyectos/2026/joseangelaquino/laravel/gym-reservas/vendor/laravel/framework/src/Illuminate/Pipeline/Pipeline.php(209): Illuminate\\Auth\\Middleware\\RedirectIfAuthenticated->handle()
#14 /var/www/vhosts/ieslamarisma.net/httpdocs/proyectos/2026/joseangelaquino/laravel/gym-reservas/vendor/laravel/framework/src/Illuminate/Http/Middleware/AddLinkHeadersForPreloadedAssets.php(20): Illuminate\\Pipeline\\Pipeline->Illuminate\\Pipeline\\{closure}()
#15 /var/www/vhosts/ieslamarisma.net/httpdocs/proyectos/2026/joseangelaquino/laravel/gym-reservas/vendor/laravel/framework/src/Illuminate/Pipeline/Pipeline.php(209): Illuminate\\Http\\Middleware\\AddLinkHeadersForPreloadedAssets->handle()
#16 /var/www/vhosts/ieslamarisma.net/httpdocs/proyectos/2026/joseangelaquino/laravel/gym-reservas/vendor/inertiajs/inertia-laravel/src/Middleware.php(122): Illuminate\\Pipeline\\Pipeline->Illuminate\\Pipeline\\{closure}()
#17 /var/www/vhosts/ieslamarisma.net/httpdocs/proyectos/2026/joseangelaquino/laravel/gym-reservas/vendor/laravel/framework/src/Illuminate/Pipeline/Pipeline.php(209): Inertia\\Middleware->handle()
#18 /var/www/vhosts/ieslamarisma.net/httpdocs/proyectos/2026/joseangelaquino/laravel/gym-reservas/vendor/laravel/framework/src/Illuminate/Routing/Middleware/SubstituteBindings.php(51): Illuminate\\Pipeline\\Pipeline->Illuminate\\Pipeline\\{closure}()
#19 /var/www/vhosts/ieslamarisma.net/httpdocs/proyectos/2026/joseangelaquino/laravel/gym-reservas/vendor/laravel/framework/src/Illuminate/Pipeline/Pipeline.php(209): Illuminate\\Routing\\Middleware\\SubstituteBindings->handle()
#20 /var/www/vhosts/ieslamarisma.net/httpdocs/proyectos/2026/joseangelaquino/laravel/gym-reservas/vendor/laravel/framework/src/Illuminate/Foundation/Http/Middleware/VerifyCsrfToken.php(88): Illuminate\\Pipeline\\Pipeline->Illuminate\\Pipeline\\{closure}()
#21 /var/www/vhosts/ieslamarisma.net/httpdocs/proyectos/2026/joseangelaquino/laravel/gym-reservas/vendor/laravel/framework/src/Illuminate/Pipeline/Pipeline.php(209): Illuminate\\Foundation\\Http\\Middleware\\VerifyCsrfToken->handle()
#22 /var/www/vhosts/ieslamarisma.net/httpdocs/proyectos/2026/joseangelaquino/laravel/gym-reservas/vendor/laravel/framework/src/Illuminate/View/Middleware/ShareErrorsFromSession.php(49): Illuminate\\Pipeline\\Pipeline->Illuminate\\Pipeline\\{closure}()
#23 /var/www/vhosts/ieslamarisma.net/httpdocs/proyectos/2026/joseangelaquino/laravel/gym-reservas/vendor/laravel/framework/src/Illuminate/Pipeline/Pipeline.php(209): Illuminate\\View\\Middleware\\ShareErrorsFromSession->handle()
#24 /var/www/vhosts/ieslamarisma.net/httpdocs/proyectos/2026/joseangelaquino/laravel/gym-reservas/vendor/laravel/framework/src/Illuminate/Session/Middleware/StartSession.php(121): Illuminate\\Pipeline\\Pipeline->Illuminate\\Pipeline\\{closure}()
#25 /var/www/vhosts/ieslamarisma.net/httpdocs/proyectos/2026/joseangelaquino/laravel/gym-reservas/vendor/laravel/framework/src/Illuminate/Session/Middleware/StartSession.php(64): Illuminate\\Session\\Middleware\\StartSession->handleStatefulRequest()
#26 /var/www/vhosts/ieslamarisma.net/httpdocs/proyectos/2026/joseangelaquino/laravel/gym-reservas/vendor/laravel/framework/src/Illuminate/Pipeline/Pipeline.php(209): Illuminate\\Session\\Middleware\\StartSession->handle()
#27 /var/www/vhosts/ieslamarisma.net/httpdocs/proyectos/2026/joseangelaquino/laravel/gym-reservas/vendor/laravel/framework/src/Illuminate/Cookie/Middleware/AddQueuedCookiesToResponse.php(37): Illuminate\\Pipeline\\Pipeline->Illuminate\\Pipeline\\{closure}()
#28 /var/www/vhosts/ieslamarisma.net/httpdocs/proyectos/2026/joseangelaquino/laravel/gym-reservas/vendor/laravel/framework/src/Illuminate/Pipeline/Pipeline.php(209): Illuminate\\Cookie\\Middleware\\AddQueuedCookiesToResponse->handle()
#29 /var/www/vhosts/ieslamarisma.net/httpdocs/proyectos/2026/joseangelaquino/laravel/gym-reservas/vendor/laravel/framework/src/Illuminate/Cookie/Middleware/EncryptCookies.php(75): Illuminate\\Pipeline\\Pipeline->Illuminate\\Pipeline\\{closure}()
#30 /var/www/vhosts/ieslamarisma.net/httpdocs/proyectos/2026/joseangelaquino/laravel/gym-reservas/vendor/laravel/framework/src/Illuminate/Pipeline/Pipeline.php(209): Illuminate\\Cookie\\Middleware\\EncryptCookies->handle()
#31 /var/www/vhosts/ieslamarisma.net/httpdocs/proyectos/2026/joseangelaquino/laravel/gym-reservas/vendor/laravel/framework/src/Illuminate/Pipeline/Pipeline.php(127): Illuminate\\Pipeline\\Pipeline->Illuminate\\Pipeline\\{closure}()
#32 /var/www/vhosts/ieslamarisma.net/httpdocs/proyectos/2026/joseangelaquino/laravel/gym-reservas/vendor/laravel/framework/src/Illuminate/Routing/Router.php(807): Illuminate\\Pipeline\\Pipeline->then()
#33 /var/www/vhosts/ieslamarisma.net/httpdocs/proyectos/2026/joseangelaquino/laravel/gym-reservas/vendor/laravel/framework/src/Illuminate/Routing/Router.php(786): Illuminate\\Routing\\Router->runRouteWithinStack()
#34 /var/www/vhosts/ieslamarisma.net/httpdocs/proyectos/2026/joseangelaquino/laravel/gym-reservas/vendor/laravel/framework/src/Illuminate/Routing/Router.php(750): Illuminate\\Routing\\Router->runRoute()
#35 /var/www/vhosts/ieslamarisma.net/httpdocs/proyectos/2026/joseangelaquino/laravel/gym-reservas/vendor/laravel/framework/src/Illuminate/Routing/Router.php(739): Illuminate\\Routing\\Router->dispatchToRoute()
#36 /var/www/vhosts/ieslamarisma.net/httpdocs/proyectos/2026/joseangelaquino/laravel/gym-reservas/vendor/laravel/framework/src/Illuminate/Foundation/Http/Kernel.php(201): Illuminate\\Routing\\Router->dispatch()
#37 /var/www/vhosts/ieslamarisma.net/httpdocs/proyectos/2026/joseangelaquino/laravel/gym-reservas/vendor/laravel/framework/src/Illuminate/Pipeline/Pipeline.php(170): Illuminate\\Foundation\\Http\\Kernel->Illuminate\\Foundation\\Http\\{closure}()
#38 /var/www/vhosts/ieslamarisma.net/httpdocs/proyectos/2026/joseangelaquino/laravel/gym-reservas/vendor/laravel/framework/src/Illuminate/Foundation/Http/Middleware/TransformsRequest.php(21): Illuminate\\Pipeline\\Pipeline->Illuminate\\Pipeline\\{closure}()
#39 /var/www/vhosts/ieslamarisma.net/httpdocs/proyectos/2026/joseangelaquino/laravel/gym-reservas/vendor/laravel/framework/src/Illuminate/Foundation/Http/Middleware/ConvertEmptyStringsToNull.php(31): Illuminate\\Foundation\\Http\\Middleware\\TransformsRequest->handle()
#40 /var/www/vhosts/ieslamarisma.net/httpdocs/proyectos/2026/joseangelaquino/laravel/gym-reservas/vendor/laravel/framework/src/Illuminate/Pipeline/Pipeline.php(209): Illuminate\\Foundation\\Http\\Middleware\\ConvertEmptyStringsToNull->handle()
#41 /var/www/vhosts/ieslamarisma.net/httpdocs/proyectos/2026/joseangelaquino/laravel/gym-reservas/vendor/laravel/framework/src/Illuminate/Foundation/Http/Middleware/TransformsRequest.php(21): Illuminate\\Pipeline\\Pipeline->Illuminate\\Pipeline\\{closure}()
#42 /var/www/vhosts/ieslamarisma.net/httpdocs/proyectos/2026/joseangelaquino/laravel/gym-reservas/vendor/laravel/framework/src/Illuminate/Foundation/Http/Middleware/TrimStrings.php(51): Illuminate\\Foundation\\Http\\Middleware\\TransformsRequest->handle()
#43 /var/www/vhosts/ieslamarisma.net/httpdocs/proyectos/2026/joseangelaquino/laravel/gym-reservas/vendor/laravel/framework/src/Illuminate/Pipeline/Pipeline.php(209): Illuminate\\Foundation\\Http\\Middleware\\TrimStrings->handle()
#44 /var/www/vhosts/ieslamarisma.net/httpdocs/proyectos/2026/joseangelaquino/laravel/gym-reservas/vendor/laravel/framework/src/Illuminate/Http/Middleware/ValidatePostSize.php(27): Illuminate\\Pipeline\\Pipeline->Illuminate\\Pipeline\\{closure}()
#45 /var/www/vhosts/ieslamarisma.net/httpdocs/proyectos/2026/joseangelaquino/laravel/gym-reservas/vendor/laravel/framework/src/Illuminate/Pipeline/Pipeline.php(209): Illuminate\\Http\\Middleware\\ValidatePostSize->handle()
#46 /var/www/vhosts/ieslamarisma.net/httpdocs/proyectos/2026/joseangelaquino/laravel/gym-reservas/vendor/laravel/framework/src/Illuminate/Foundation/Http/Middleware/PreventRequestsDuringMaintenance.php(110): Illuminate\\Pipeline\\Pipeline->Illuminate\\Pipeline\\{closure}()
#47 /var/www/vhosts/ieslamarisma.net/httpdocs/proyectos/2026/joseangelaquino/laravel/gym-reservas/vendor/laravel/framework/src/Illuminate/Pipeline/Pipeline.php(209): Illuminate\\Foundation\\Http\\Middleware\\PreventRequestsDuringMaintenance->handle()
#48 /var/www/vhosts/ieslamarisma.net/httpdocs/proyectos/2026/joseangelaquino/laravel/gym-reservas/vendor/laravel/framework/src/Illuminate/Http/Middleware/HandleCors.php(49): Illuminate\\Pipeline\\Pipeline->Illuminate\\Pipeline\\{closure}()
#49 /var/www/vhosts/ieslamarisma.net/httpdocs/proyectos/2026/joseangelaquino/laravel/gym-reservas/vendor/laravel/framework/src/Illuminate/Pipeline/Pipeline.php(209): Illuminate\\Http\\Middleware\\HandleCors->handle()
#50 /var/www/vhosts/ieslamarisma.net/httpdocs/proyectos/2026/joseangelaquino/laravel/gym-reservas/vendor/laravel/framework/src/Illuminate/Http/Middleware/TrustProxies.php(58): Illuminate\\Pipeline\\Pipeline->Illuminate\\Pipeline\\{closure}()
#51 /var/www/vhosts/ieslamarisma.net/httpdocs/proyectos/2026/joseangelaquino/laravel/gym-reservas/vendor/laravel/framework/src/Illuminate/Pipeline/Pipeline.php(209): Illuminate\\Http\\Middleware\\TrustProxies->handle()
#52 /var/www/vhosts/ieslamarisma.net/httpdocs/proyectos/2026/joseangelaquino/laravel/gym-reservas/vendor/laravel/framework/src/Illuminate/Foundation/Http/Middleware/InvokeDeferredCallbacks.php(22): Illuminate\\Pipeline\\Pipeline->Illuminate\\Pipeline\\{closure}()
#53 /var/www/vhosts/ieslamarisma.net/httpdocs/proyectos/2026/joseangelaquino/laravel/gym-reservas/vendor/laravel/framework/src/Illuminate/Pipeline/Pipeline.php(209): Illuminate\\Foundation\\Http\\Middleware\\InvokeDeferredCallbacks->handle()
#54 /var/www/vhosts/ieslamarisma.net/httpdocs/proyectos/2026/joseangelaquino/laravel/gym-reservas/vendor/laravel/framework/src/Illuminate/Pipeline/Pipeline.php(127): Illuminate\\Pipeline\\Pipeline->Illuminate\\Pipeline\\{closure}()
#55 /var/www/vhosts/ieslamarisma.net/httpdocs/proyectos/2026/joseangelaquino/laravel/gym-reservas/vendor/laravel/framework/src/Illuminate/Foundation/Http/Kernel.php(176): Illuminate\\Pipeline\\Pipeline->then()
#56 /var/www/vhosts/ieslamarisma.net/httpdocs/proyectos/2026/joseangelaquino/laravel/gym-reservas/vendor/laravel/framework/src/Illuminate/Foundation/Http/Kernel.php(145): Illuminate\\Foundation\\Http\\Kernel->sendRequestThroughRouter()
#57 /var/www/vhosts/ieslamarisma.net/httpdocs/proyectos/2026/joseangelaquino/laravel/gym-reservas/vendor/laravel/framework/src/Illuminate/Foundation/Application.php(1220): Illuminate\\Foundation\\Http\\Kernel->handle()
#58 /var/www/vhosts/ieslamarisma.net/httpdocs/proyectos/2026/joseangelaquino/laravel/gym-reservas/public/index.php(26): Illuminate\\Foundation\\Application->handleRequest()
#59 {main}
"} 
[2026-04-12 17:07:24] production.ERROR: syntax error, unexpected end of file, expecting "elseif" or "else" or "endif" (View: /var/www/vhosts/ieslamarisma.net/httpdocs/proyectos/2026/joseangelaquino/laravel/gym-reservas/resources/views/auth/register.blade.php) {"exception":"[object] (Illuminate\\View\\ViewException(code: 0): syntax error, unexpected end of file, expecting \"elseif\" or \"else\" or \"endif\" (View: /var/www/vhosts/ieslamarisma.net/httpdocs/proyectos/2026/joseangelaquino/laravel/gym-reservas/resources/views/auth/register.blade.php) at /var/www/vhosts/ieslamarisma.net/httpdocs/proyectos/2026/joseangelaquino/laravel/gym-reservas/storage/framework/views/08bd678c24c6ebca26eb51391224eab6.php:290)
[stacktrace]
#0 /var/www/vhosts/ieslamarisma.net/httpdocs/proyectos/2026/joseangelaquino/laravel/gym-reservas/vendor/laravel/framework/src/Illuminate/View/Engines/PhpEngine.php(60): Illuminate\\View\\Engines\\CompilerEngine->handleViewException()
#1 /var/www/vhosts/ieslamarisma.net/httpdocs/proyectos/2026/joseangelaquino/laravel/gym-reservas/vendor/laravel/framework/src/Illuminate/View/Engines/CompilerEngine.php(75): Illuminate\\View\\Engines\\PhpEngine->evaluatePath()
#2 /var/www/vhosts/ieslamarisma.net/httpdocs/proyectos/2026/joseangelaquino/laravel/gym-reservas/vendor/laravel/framework/src/Illuminate/View/View.php(209): Illuminate\\View\\Engines\\CompilerEngine->get()
#3 /var/www/vhosts/ieslamarisma.net/httpdocs/proyectos/2026/joseangelaquino/laravel/gym-reservas/vendor/laravel/framework/src/Illuminate/View/View.php(192): Illuminate\\View\\View->getContents()
#4 /var/www/vhosts/ieslamarisma.net/httpdocs/proyectos/2026/joseangelaquino/laravel/gym-reservas/vendor/laravel/framework/src/Illuminate/View/View.php(161): Illuminate\\View\\View->renderContents()
#5 /var/www/vhosts/ieslamarisma.net/httpdocs/proyectos/2026/joseangelaquino/laravel/gym-reservas/vendor/laravel/framework/src/Illuminate/Http/Response.php(79): Illuminate\\View\\View->render()
#6 /var/www/vhosts/ieslamarisma.net/httpdocs/proyectos/2026/joseangelaquino/laravel/gym-reservas/vendor/laravel/framework/src/Illuminate/Http/Response.php(35): Illuminate\\Http\\Response->setContent()
#7 /var/www/vhosts/ieslamarisma.net/httpdocs/proyectos/2026/joseangelaquino/laravel/gym-reservas/vendor/laravel/framework/src/Illuminate/Routing/Router.php(920): Illuminate\\Http\\Response->__construct()
#8 /var/www/vhosts/ieslamarisma.net/httpdocs/proyectos/2026/joseangelaquino/laravel/gym-reservas/vendor/laravel/framework/src/Illuminate/Routing/Router.php(887): Illuminate\\Routing\\Router::toResponse()
#9 /var/www/vhosts/ieslamarisma.net/httpdocs/proyectos/2026/joseangelaquino/laravel/gym-reservas/vendor/laravel/framework/src/Illuminate/Routing/Router.php(807): Illuminate\\Routing\\Router->prepareResponse()
#10 /var/www/vhosts/ieslamarisma.net/httpdocs/proyectos/2026/joseangelaquino/laravel/gym-reservas/vendor/laravel/framework/src/Illuminate/Pipeline/Pipeline.php(170): Illuminate\\Routing\\Router->Illuminate\\Routing\\{closure}()
#11 /var/www/vhosts/ieslamarisma.net/httpdocs/proyectos/2026/joseangelaquino/laravel/gym-reservas/vendor/laravel/framework/src/Illuminate/Auth/Middleware/RedirectIfAuthenticated.php(35): Illuminate\\Pipeline\\Pipeline->Illuminate\\Pipeline\\{closure}()
#12 /var/www/vhosts/ieslamarisma.net/httpdocs/proyectos/2026/joseangelaquino/laravel/gym-reservas/vendor/laravel/framework/src/Illuminate/Pipeline/Pipeline.php(209): Illuminate\\Auth\\Middleware\\RedirectIfAuthenticated->handle()
#13 /var/www/vhosts/ieslamarisma.net/httpdocs/proyectos/2026/joseangelaquino/laravel/gym-reservas/vendor/laravel/framework/src/Illuminate/Http/Middleware/AddLinkHeadersForPreloadedAssets.php(20): Illuminate\\Pipeline\\Pipeline->Illuminate\\Pipeline\\{closure}()
#14 /var/www/vhosts/ieslamarisma.net/httpdocs/proyectos/2026/joseangelaquino/laravel/gym-reservas/vendor/laravel/framework/src/Illuminate/Pipeline/Pipeline.php(209): Illuminate\\Http\\Middleware\\AddLinkHeadersForPreloadedAssets->handle()
#15 /var/www/vhosts/ieslamarisma.net/httpdocs/proyectos/2026/joseangelaquino/laravel/gym-reservas/vendor/inertiajs/inertia-laravel/src/Middleware.php(122): Illuminate\\Pipeline\\Pipeline->Illuminate\\Pipeline\\{closure}()
#16 /var/www/vhosts/ieslamarisma.net/httpdocs/proyectos/2026/joseangelaquino/laravel/gym-reservas/vendor/laravel/framework/src/Illuminate/Pipeline/Pipeline.php(209): Inertia\\Middleware->handle()
#17 /var/www/vhosts/ieslamarisma.net/httpdocs/proyectos/2026/joseangelaquino/laravel/gym-reservas/vendor/laravel/framework/src/Illuminate/Routing/Middleware/SubstituteBindings.php(51): Illuminate\\Pipeline\\Pipeline->Illuminate\\Pipeline\\{closure}()
#18 /var/www/vhosts/ieslamarisma.net/httpdocs/proyectos/2026/joseangelaquino/laravel/gym-reservas/vendor/laravel/framework/src/Illuminate/Pipeline/Pipeline.php(209): Illuminate\\Routing\\Middleware\\SubstituteBindings->handle()
#19 /var/www/vhosts/ieslamarisma.net/httpdocs/proyectos/2026/joseangelaquino/laravel/gym-reservas/vendor/laravel/framework/src/Illuminate/Foundation/Http/Middleware/VerifyCsrfToken.php(88): Illuminate\\Pipeline\\Pipeline->Illuminate\\Pipeline\\{closure}()
#20 /var/www/vhosts/ieslamarisma.net/httpdocs/proyectos/2026/joseangelaquino/laravel/gym-reservas/vendor/laravel/framework/src/Illuminate/Pipeline/Pipeline.php(209): Illuminate\\Foundation\\Http\\Middleware\\VerifyCsrfToken->handle()
#21 /var/www/vhosts/ieslamarisma.net/httpdocs/proyectos/2026/joseangelaquino/laravel/gym-reservas/vendor/laravel/framework/src/Illuminate/View/Middleware/ShareErrorsFromSession.php(49): Illuminate\\Pipeline\\Pipeline->Illuminate\\Pipeline\\{closure}()
#22 /var/www/vhosts/ieslamarisma.net/httpdocs/proyectos/2026/joseangelaquino/laravel/gym-reservas/vendor/laravel/framework/src/Illuminate/Pipeline/Pipeline.php(209): Illuminate\\View\\Middleware\\ShareErrorsFromSession->handle()
#23 /var/www/vhosts/ieslamarisma.net/httpdocs/proyectos/2026/joseangelaquino/laravel/gym-reservas/vendor/laravel/framework/src/Illuminate/Session/Middleware/StartSession.php(121): Illuminate\\Pipeline\\Pipeline->Illuminate\\Pipeline\\{closure}()
#24 /var/www/vhosts/ieslamarisma.net/httpdocs/proyectos/2026/joseangelaquino/laravel/gym-reservas/vendor/laravel/framework/src/Illuminate/Session/Middleware/StartSession.php(64): Illuminate\\Session\\Middleware\\StartSession->handleStatefulRequest()
#25 /var/www/vhosts/ieslamarisma.net/httpdocs/proyectos/2026/joseangelaquino/laravel/gym-reservas/vendor/laravel/framework/src/Illuminate/Pipeline/Pipeline.php(209): Illuminate\\Session\\Middleware\\StartSession->handle()
#26 /var/www/vhosts/ieslamarisma.net/httpdocs/proyectos/2026/joseangelaquino/laravel/gym-reservas/vendor/laravel/framework/src/Illuminate/Cookie/Middleware/AddQueuedCookiesToResponse.php(37): Illuminate\\Pipeline\\Pipeline->Illuminate\\Pipeline\\{closure}()
#27 /var/www/vhosts/ieslamarisma.net/httpdocs/proyectos/2026/joseangelaquino/laravel/gym-reservas/vendor/laravel/framework/src/Illuminate/Pipeline/Pipeline.php(209): Illuminate\\Cookie\\Middleware\\AddQueuedCookiesToResponse->handle()
#28 /var/www/vhosts/ieslamarisma.net/httpdocs/proyectos/2026/joseangelaquino/laravel/gym-reservas/vendor/laravel/framework/src/Illuminate/Cookie/Middleware/EncryptCookies.php(75): Illuminate\\Pipeline\\Pipeline->Illuminate\\Pipeline\\{closure}()
#29 /var/www/vhosts/ieslamarisma.net/httpdocs/proyectos/2026/joseangelaquino/laravel/gym-reservas/vendor/laravel/framework/src/Illuminate/Pipeline/Pipeline.php(209): Illuminate\\Cookie\\Middleware\\EncryptCookies->handle()
#30 /var/www/vhosts/ieslamarisma.net/httpdocs/proyectos/2026/joseangelaquino/laravel/gym-reservas/vendor/laravel/framework/src/Illuminate/Pipeline/Pipeline.php(127): Illuminate\\Pipeline\\Pipeline->Illuminate\\Pipeline\\{closure}()
#31 /var/www/vhosts/ieslamarisma.net/httpdocs/proyectos/2026/joseangelaquino/laravel/gym-reservas/vendor/laravel/framework/src/Illuminate/Routing/Router.php(807): Illuminate\\Pipeline\\Pipeline->then()
#32 /var/www/vhosts/ieslamarisma.net/httpdocs/proyectos/2026/joseangelaquino/laravel/gym-reservas/vendor/laravel/framework/src/Illuminate/Routing/Router.php(786): Illuminate\\Routing\\Router->runRouteWithinStack()
#33 /var/www/vhosts/ieslamarisma.net/httpdocs/proyectos/2026/joseangelaquino/laravel/gym-reservas/vendor/laravel/framework/src/Illuminate/Routing/Router.php(750): Illuminate\\Routing\\Router->runRoute()
#34 /var/www/vhosts/ieslamarisma.net/httpdocs/proyectos/2026/joseangelaquino/laravel/gym-reservas/vendor/laravel/framework/src/Illuminate/Routing/Router.php(739): Illuminate\\Routing\\Router->dispatchToRoute()
#35 /var/www/vhosts/ieslamarisma.net/httpdocs/proyectos/2026/joseangelaquino/laravel/gym-reservas/vendor/laravel/framework/src/Illuminate/Foundation/Http/Kernel.php(201): Illuminate\\Routing\\Router->dispatch()
#36 /var/www/vhosts/ieslamarisma.net/httpdocs/proyectos/2026/joseangelaquino/laravel/gym-reservas/vendor/laravel/framework/src/Illuminate/Pipeline/Pipeline.php(170): Illuminate\\Foundation\\Http\\Kernel->Illuminate\\Foundation\\Http\\{closure}()
#37 /var/www/vhosts/ieslamarisma.net/httpdocs/proyectos/2026/joseangelaquino/laravel/gym-reservas/vendor/laravel/framework/src/Illuminate/Foundation/Http/Middleware/TransformsRequest.php(21): Illuminate\\Pipeline\\Pipeline->Illuminate\\Pipeline\\{closure}()
#38 /var/www/vhosts/ieslamarisma.net/httpdocs/proyectos/2026/joseangelaquino/laravel/gym-reservas/vendor/laravel/framework/src/Illuminate/Foundation/Http/Middleware/ConvertEmptyStringsToNull.php(31): Illuminate\\Foundation\\Http\\Middleware\\TransformsRequest->handle()
#39 /var/www/vhosts/ieslamarisma.net/httpdocs/proyectos/2026/joseangelaquino/laravel/gym-reservas/vendor/laravel/framework/src/Illuminate/Pipeline/Pipeline.php(209): Illuminate\\Foundation\\Http\\Middleware\\ConvertEmptyStringsToNull->handle()
#40 /var/www/vhosts/ieslamarisma.net/httpdocs/proyectos/2026/joseangelaquino/laravel/gym-reservas/vendor/laravel/framework/src/Illuminate/Foundation/Http/Middleware/TransformsRequest.php(21): Illuminate\\Pipeline\\Pipeline->Illuminate\\Pipeline\\{closure}()
#41 /var/www/vhosts/ieslamarisma.net/httpdocs/proyectos/2026/joseangelaquino/laravel/gym-reservas/vendor/laravel/framework/src/Illuminate/Foundation/Http/Middleware/TrimStrings.php(51): Illuminate\\Foundation\\Http\\Middleware\\TransformsRequest->handle()
#42 /var/www/vhosts/ieslamarisma.net/httpdocs/proyectos/2026/joseangelaquino/laravel/gym-reservas/vendor/laravel/framework/src/Illuminate/Pipeline/Pipeline.php(209): Illuminate\\Foundation\\Http\\Middleware\\TrimStrings->handle()
#43 /var/www/vhosts/ieslamarisma.net/httpdocs/proyectos/2026/joseangelaquino/laravel/gym-reservas/vendor/laravel/framework/src/Illuminate/Http/Middleware/ValidatePostSize.php(27): Illuminate\\Pipeline\\Pipeline->Illuminate\\Pipeline\\{closure}()
#44 /var/www/vhosts/ieslamarisma.net/httpdocs/proyectos/2026/joseangelaquino/laravel/gym-reservas/vendor/laravel/framework/src/Illuminate/Pipeline/Pipeline.php(209): Illuminate\\Http\\Middleware\\ValidatePostSize->handle()
#45 /var/www/vhosts/ieslamarisma.net/httpdocs/proyectos/2026/joseangelaquino/laravel/gym-reservas/vendor/laravel/framework/src/Illuminate/Foundation/Http/Middleware/PreventRequestsDuringMaintenance.php(110): Illuminate\\Pipeline\\Pipeline->Illuminate\\Pipeline\\{closure}()
#46 /var/www/vhosts/ieslamarisma.net/httpdocs/proyectos/2026/joseangelaquino/laravel/gym-reservas/vendor/laravel/framework/src/Illuminate/Pipeline/Pipeline.php(209): Illuminate\\Foundation\\Http\\Middleware\\PreventRequestsDuringMaintenance->handle()
#47 /var/www/vhosts/ieslamarisma.net/httpdocs/proyectos/2026/joseangelaquino/laravel/gym-reservas/vendor/laravel/framework/src/Illuminate/Http/Middleware/HandleCors.php(49): Illuminate\\Pipeline\\Pipeline->Illuminate\\Pipeline\\{closure}()
#48 /var/www/vhosts/ieslamarisma.net/httpdocs/proyectos/2026/joseangelaquino/laravel/gym-reservas/vendor/laravel/framework/src/Illuminate/Pipeline/Pipeline.php(209): Illuminate\\Http\\Middleware\\HandleCors->handle()
#49 /var/www/vhosts/ieslamarisma.net/httpdocs/proyectos/2026/joseangelaquino/laravel/gym-reservas/vendor/laravel/framework/src/Illuminate/Http/Middleware/TrustProxies.php(58): Illuminate\\Pipeline\\Pipeline->Illuminate\\Pipeline\\{closure}()
#50 /var/www/vhosts/ieslamarisma.net/httpdocs/proyectos/2026/joseangelaquino/laravel/gym-reservas/vendor/laravel/framework/src/Illuminate/Pipeline/Pipeline.php(209): Illuminate\\Http\\Middleware\\TrustProxies->handle()
#51 /var/www/vhosts/ieslamarisma.net/httpdocs/proyectos/2026/joseangelaquino/laravel/gym-reservas/vendor/laravel/framework/src/Illuminate/Foundation/Http/Middleware/InvokeDeferredCallbacks.php(22): Illuminate\\Pipeline\\Pipeline->Illuminate\\Pipeline\\{closure}()
#52 /var/www/vhosts/ieslamarisma.net/httpdocs/proyectos/2026/joseangelaquino/laravel/gym-reservas/vendor/laravel/framework/src/Illuminate/Pipeline/Pipeline.php(209): Illuminate\\Foundation\\Http\\Middleware\\InvokeDeferredCallbacks->handle()
#53 /var/www/vhosts/ieslamarisma.net/httpdocs/proyectos/2026/joseangelaquino/laravel/gym-reservas/vendor/laravel/framework/src/Illuminate/Pipeline/Pipeline.php(127): Illuminate\\Pipeline\\Pipeline->Illuminate\\Pipeline\\{closure}()
#54 /var/www/vhosts/ieslamarisma.net/httpdocs/proyectos/2026/joseangelaquino/laravel/gym-reservas/vendor/laravel/framework/src/Illuminate/Foundation/Http/Kernel.php(176): Illuminate\\Pipeline\\Pipeline->then()
#55 /var/www/vhosts/ieslamarisma.net/httpdocs/proyectos/2026/joseangelaquino/laravel/gym-reservas/vendor/laravel/framework/src/Illuminate/Foundation/Http/Kernel.php(145): Illuminate\\Foundation\\Http\\Kernel->sendRequestThroughRouter()
#56 /var/www/vhosts/ieslamarisma.net/httpdocs/proyectos/2026/joseangelaquino/laravel/gym-reservas/vendor/laravel/framework/src/Illuminate/Foundation/Application.php(1220): Illuminate\\Foundation\\Http\\Kernel->handle()
#57 /var/www/vhosts/ieslamarisma.net/httpdocs/proyectos/2026/joseangelaquino/laravel/gym-reservas/public/index.php(26): Illuminate\\Foundation\\Application->handleRequest()
#58 {main}

[previous exception] [object] (ParseError(code: 0): syntax error, unexpected end of file, expecting \"elseif\" or \"else\" or \"endif\" at /var/www/vhosts/ieslamarisma.net/httpdocs/proyectos/2026/joseangelaquino/laravel/gym-reservas/storage/framework/views/08bd678c24c6ebca26eb51391224eab6.php:290)
[stacktrace]
#0 /var/www/vhosts/ieslamarisma.net/httpdocs/proyectos/2026/joseangelaquino/laravel/gym-reservas/vendor/laravel/framework/src/Illuminate/Filesystem/Filesystem.php(124): Illuminate\\Filesystem\\Filesystem::Illuminate\\Filesystem\\{closure}()
#1 /var/www/vhosts/ieslamarisma.net/httpdocs/proyectos/2026/joseangelaquino/laravel/gym-reservas/vendor/laravel/framework/src/Illuminate/View/Engines/PhpEngine.php(58): Illuminate\\Filesystem\\Filesystem->getRequire()
#2 /var/www/vhosts/ieslamarisma.net/httpdocs/proyectos/2026/joseangelaquino/laravel/gym-reservas/vendor/laravel/framework/src/Illuminate/View/Engines/CompilerEngine.php(75): Illuminate\\View\\Engines\\PhpEngine->evaluatePath()
#3 /var/www/vhosts/ieslamarisma.net/httpdocs/proyectos/2026/joseangelaquino/laravel/gym-reservas/vendor/laravel/framework/src/Illuminate/View/View.php(209): Illuminate\\View\\Engines\\CompilerEngine->get()
#4 /var/www/vhosts/ieslamarisma.net/httpdocs/proyectos/2026/joseangelaquino/laravel/gym-reservas/vendor/laravel/framework/src/Illuminate/View/View.php(192): Illuminate\\View\\View->getContents()
#5 /var/www/vhosts/ieslamarisma.net/httpdocs/proyectos/2026/joseangelaquino/laravel/gym-reservas/vendor/laravel/framework/src/Illuminate/View/View.php(161): Illuminate\\View\\View->renderContents()
#6 /var/www/vhosts/ieslamarisma.net/httpdocs/proyectos/2026/joseangelaquino/laravel/gym-reservas/vendor/laravel/framework/src/Illuminate/Http/Response.php(79): Illuminate\\View\\View->render()
#7 /var/www/vhosts/ieslamarisma.net/httpdocs/proyectos/2026/joseangelaquino/laravel/gym-reservas/vendor/laravel/framework/src/Illuminate/Http/Response.php(35): Illuminate\\Http\\Response->setContent()
#8 /var/www/vhosts/ieslamarisma.net/httpdocs/proyectos/2026/joseangelaquino/laravel/gym-reservas/vendor/laravel/framework/src/Illuminate/Routing/Router.php(920): Illuminate\\Http\\Response->__construct()
#9 /var/www/vhosts/ieslamarisma.net/httpdocs/proyectos/2026/joseangelaquino/laravel/gym-reservas/vendor/laravel/framework/src/Illuminate/Routing/Router.php(887): Illuminate\\Routing\\Router::toResponse()
#10 /var/www/vhosts/ieslamarisma.net/httpdocs/proyectos/2026/joseangelaquino/laravel/gym-reservas/vendor/laravel/framework/src/Illuminate/Routing/Router.php(807): Illuminate\\Routing\\Router->prepareResponse()
#11 /var/www/vhosts/ieslamarisma.net/httpdocs/proyectos/2026/joseangelaquino/laravel/gym-reservas/vendor/laravel/framework/src/Illuminate/Pipeline/Pipeline.php(170): Illuminate\\Routing\\Router->Illuminate\\Routing\\{closure}()
#12 /var/www/vhosts/ieslamarisma.net/httpdocs/proyectos/2026/joseangelaquino/laravel/gym-reservas/vendor/laravel/framework/src/Illuminate/Auth/Middleware/RedirectIfAuthenticated.php(35): Illuminate\\Pipeline\\Pipeline->Illuminate\\Pipeline\\{closure}()
#13 /var/www/vhosts/ieslamarisma.net/httpdocs/proyectos/2026/joseangelaquino/laravel/gym-reservas/vendor/laravel/framework/src/Illuminate/Pipeline/Pipeline.php(209): Illuminate\\Auth\\Middleware\\RedirectIfAuthenticated->handle()
#14 /var/www/vhosts/ieslamarisma.net/httpdocs/proyectos/2026/joseangelaquino/laravel/gym-reservas/vendor/laravel/framework/src/Illuminate/Http/Middleware/AddLinkHeadersForPreloadedAssets.php(20): Illuminate\\Pipeline\\Pipeline->Illuminate\\Pipeline\\{closure}()
#15 /var/www/vhosts/ieslamarisma.net/httpdocs/proyectos/2026/joseangelaquino/laravel/gym-reservas/vendor/laravel/framework/src/Illuminate/Pipeline/Pipeline.php(209): Illuminate\\Http\\Middleware\\AddLinkHeadersForPreloadedAssets->handle()
#16 /var/www/vhosts/ieslamarisma.net/httpdocs/proyectos/2026/joseangelaquino/laravel/gym-reservas/vendor/inertiajs/inertia-laravel/src/Middleware.php(122): Illuminate\\Pipeline\\Pipeline->Illuminate\\Pipeline\\{closure}()
#17 /var/www/vhosts/ieslamarisma.net/httpdocs/proyectos/2026/joseangelaquino/laravel/gym-reservas/vendor/laravel/framework/src/Illuminate/Pipeline/Pipeline.php(209): Inertia\\Middleware->handle()
#18 /var/www/vhosts/ieslamarisma.net/httpdocs/proyectos/2026/joseangelaquino/laravel/gym-reservas/vendor/laravel/framework/src/Illuminate/Routing/Middleware/SubstituteBindings.php(51): Illuminate\\Pipeline\\Pipeline->Illuminate\\Pipeline\\{closure}()
#19 /var/www/vhosts/ieslamarisma.net/httpdocs/proyectos/2026/joseangelaquino/laravel/gym-reservas/vendor/laravel/framework/src/Illuminate/Pipeline/Pipeline.php(209): Illuminate\\Routing\\Middleware\\SubstituteBindings->handle()
#20 /var/www/vhosts/ieslamarisma.net/httpdocs/proyectos/2026/joseangelaquino/laravel/gym-reservas/vendor/laravel/framework/src/Illuminate/Foundation/Http/Middleware/VerifyCsrfToken.php(88): Illuminate\\Pipeline\\Pipeline->Illuminate\\Pipeline\\{closure}()
#21 /var/www/vhosts/ieslamarisma.net/httpdocs/proyectos/2026/joseangelaquino/laravel/gym-reservas/vendor/laravel/framework/src/Illuminate/Pipeline/Pipeline.php(209): Illuminate\\Foundation\\Http\\Middleware\\VerifyCsrfToken->handle()
#22 /var/www/vhosts/ieslamarisma.net/httpdocs/proyectos/2026/joseangelaquino/laravel/gym-reservas/vendor/laravel/framework/src/Illuminate/View/Middleware/ShareErrorsFromSession.php(49): Illuminate\\Pipeline\\Pipeline->Illuminate\\Pipeline\\{closure}()
#23 /var/www/vhosts/ieslamarisma.net/httpdocs/proyectos/2026/joseangelaquino/laravel/gym-reservas/vendor/laravel/framework/src/Illuminate/Pipeline/Pipeline.php(209): Illuminate\\View\\Middleware\\ShareErrorsFromSession->handle()
#24 /var/www/vhosts/ieslamarisma.net/httpdocs/proyectos/2026/joseangelaquino/laravel/gym-reservas/vendor/laravel/framework/src/Illuminate/Session/Middleware/StartSession.php(121): Illuminate\\Pipeline\\Pipeline->Illuminate\\Pipeline\\{closure}()
#25 /var/www/vhosts/ieslamarisma.net/httpdocs/proyectos/2026/joseangelaquino/laravel/gym-reservas/vendor/laravel/framework/src/Illuminate/Session/Middleware/StartSession.php(64): Illuminate\\Session\\Middleware\\StartSession->handleStatefulRequest()
#26 /var/www/vhosts/ieslamarisma.net/httpdocs/proyectos/2026/joseangelaquino/laravel/gym-reservas/vendor/laravel/framework/src/Illuminate/Pipeline/Pipeline.php(209): Illuminate\\Session\\Middleware\\StartSession->handle()
#27 /var/www/vhosts/ieslamarisma.net/httpdocs/proyectos/2026/joseangelaquino/laravel/gym-reservas/vendor/laravel/framework/src/Illuminate/Cookie/Middleware/AddQueuedCookiesToResponse.php(37): Illuminate\\Pipeline\\Pipeline->Illuminate\\Pipeline\\{closure}()
#28 /var/www/vhosts/ieslamarisma.net/httpdocs/proyectos/2026/joseangelaquino/laravel/gym-reservas/vendor/laravel/framework/src/Illuminate/Pipeline/Pipeline.php(209): Illuminate\\Cookie\\Middleware\\AddQueuedCookiesToResponse->handle()
#29 /var/www/vhosts/ieslamarisma.net/httpdocs/proyectos/2026/joseangelaquino/laravel/gym-reservas/vendor/laravel/framework/src/Illuminate/Cookie/Middleware/EncryptCookies.php(75): Illuminate\\Pipeline\\Pipeline->Illuminate\\Pipeline\\{closure}()
#30 /var/www/vhosts/ieslamarisma.net/httpdocs/proyectos/2026/joseangelaquino/laravel/gym-reservas/vendor/laravel/framework/src/Illuminate/Pipeline/Pipeline.php(209): Illuminate\\Cookie\\Middleware\\EncryptCookies->handle()
#31 /var/www/vhosts/ieslamarisma.net/httpdocs/proyectos/2026/joseangelaquino/laravel/gym-reservas/vendor/laravel/framework/src/Illuminate/Pipeline/Pipeline.php(127): Illuminate\\Pipeline\\Pipeline->Illuminate\\Pipeline\\{closure}()
#32 /var/www/vhosts/ieslamarisma.net/httpdocs/proyectos/2026/joseangelaquino/laravel/gym-reservas/vendor/laravel/framework/src/Illuminate/Routing/Router.php(807): Illuminate\\Pipeline\\Pipeline->then()
#33 /var/www/vhosts/ieslamarisma.net/httpdocs/proyectos/2026/joseangelaquino/laravel/gym-reservas/vendor/laravel/framework/src/Illuminate/Routing/Router.php(786): Illuminate\\Routing\\Router->runRouteWithinStack()
#34 /var/www/vhosts/ieslamarisma.net/httpdocs/proyectos/2026/joseangelaquino/laravel/gym-reservas/vendor/laravel/framework/src/Illuminate/Routing/Router.php(750): Illuminate\\Routing\\Router->runRoute()
#35 /var/www/vhosts/ieslamarisma.net/httpdocs/proyectos/2026/joseangelaquino/laravel/gym-reservas/vendor/laravel/framework/src/Illuminate/Routing/Router.php(739): Illuminate\\Routing\\Router->dispatchToRoute()
#36 /var/www/vhosts/ieslamarisma.net/httpdocs/proyectos/2026/joseangelaquino/laravel/gym-reservas/vendor/laravel/framework/src/Illuminate/Foundation/Http/Kernel.php(201): Illuminate\\Routing\\Router->dispatch()
#37 /var/www/vhosts/ieslamarisma.net/httpdocs/proyectos/2026/joseangelaquino/laravel/gym-reservas/vendor/laravel/framework/src/Illuminate/Pipeline/Pipeline.php(170): Illuminate\\Foundation\\Http\\Kernel->Illuminate\\Foundation\\Http\\{closure}()
#38 /var/www/vhosts/ieslamarisma.net/httpdocs/proyectos/2026/joseangelaquino/laravel/gym-reservas/vendor/laravel/framework/src/Illuminate/Foundation/Http/Middleware/TransformsRequest.php(21): Illuminate\\Pipeline\\Pipeline->Illuminate\\Pipeline\\{closure}()
#39 /var/www/vhosts/ieslamarisma.net/httpdocs/proyectos/2026/joseangelaquino/laravel/gym-reservas/vendor/laravel/framework/src/Illuminate/Foundation/Http/Middleware/ConvertEmptyStringsToNull.php(31): Illuminate\\Foundation\\Http\\Middleware\\TransformsRequest->handle()
#40 /var/www/vhosts/ieslamarisma.net/httpdocs/proyectos/2026/joseangelaquino/laravel/gym-reservas/vendor/laravel/framework/src/Illuminate/Pipeline/Pipeline.php(209): Illuminate\\Foundation\\Http\\Middleware\\ConvertEmptyStringsToNull->handle()
#41 /var/www/vhosts/ieslamarisma.net/httpdocs/proyectos/2026/joseangelaquino/laravel/gym-reservas/vendor/laravel/framework/src/Illuminate/Foundation/Http/Middleware/TransformsRequest.php(21): Illuminate\\Pipeline\\Pipeline->Illuminate\\Pipeline\\{closure}()
#42 /var/www/vhosts/ieslamarisma.net/httpdocs/proyectos/2026/joseangelaquino/laravel/gym-reservas/vendor/laravel/framework/src/Illuminate/Foundation/Http/Middleware/TrimStrings.php(51): Illuminate\\Foundation\\Http\\Middleware\\TransformsRequest->handle()
#43 /var/www/vhosts/ieslamarisma.net/httpdocs/proyectos/2026/joseangelaquino/laravel/gym-reservas/vendor/laravel/framework/src/Illuminate/Pipeline/Pipeline.php(209): Illuminate\\Foundation\\Http\\Middleware\\TrimStrings->handle()
#44 /var/www/vhosts/ieslamarisma.net/httpdocs/proyectos/2026/joseangelaquino/laravel/gym-reservas/vendor/laravel/framework/src/Illuminate/Http/Middleware/ValidatePostSize.php(27): Illuminate\\Pipeline\\Pipeline->Illuminate\\Pipeline\\{closure}()
#45 /var/www/vhosts/ieslamarisma.net/httpdocs/proyectos/2026/joseangelaquino/laravel/gym-reservas/vendor/laravel/framework/src/Illuminate/Pipeline/Pipeline.php(209): Illuminate\\Http\\Middleware\\ValidatePostSize->handle()
#46 /var/www/vhosts/ieslamarisma.net/httpdocs/proyectos/2026/joseangelaquino/laravel/gym-reservas/vendor/laravel/framework/src/Illuminate/Foundation/Http/Middleware/PreventRequestsDuringMaintenance.php(110): Illuminate\\Pipeline\\Pipeline->Illuminate\\Pipeline\\{closure}()
#47 /var/www/vhosts/ieslamarisma.net/httpdocs/proyectos/2026/joseangelaquino/laravel/gym-reservas/vendor/laravel/framework/src/Illuminate/Pipeline/Pipeline.php(209): Illuminate\\Foundation\\Http\\Middleware\\PreventRequestsDuringMaintenance->handle()
#48 /var/www/vhosts/ieslamarisma.net/httpdocs/proyectos/2026/joseangelaquino/laravel/gym-reservas/vendor/laravel/framework/src/Illuminate/Http/Middleware/HandleCors.php(49): Illuminate\\Pipeline\\Pipeline->Illuminate\\Pipeline\\{closure}()
#49 /var/www/vhosts/ieslamarisma.net/httpdocs/proyectos/2026/joseangelaquino/laravel/gym-reservas/vendor/laravel/framework/src/Illuminate/Pipeline/Pipeline.php(209): Illuminate\\Http\\Middleware\\HandleCors->handle()
#50 /var/www/vhosts/ieslamarisma.net/httpdocs/proyectos/2026/joseangelaquino/laravel/gym-reservas/vendor/laravel/framework/src/Illuminate/Http/Middleware/TrustProxies.php(58): Illuminate\\Pipeline\\Pipeline->Illuminate\\Pipeline\\{closure}()
#51 /var/www/vhosts/ieslamarisma.net/httpdocs/proyectos/2026/joseangelaquino/laravel/gym-reservas/vendor/laravel/framework/src/Illuminate/Pipeline/Pipeline.php(209): Illuminate\\Http\\Middleware\\TrustProxies->handle()
#52 /var/www/vhosts/ieslamarisma.net/httpdocs/proyectos/2026/joseangelaquino/laravel/gym-reservas/vendor/laravel/framework/src/Illuminate/Foundation/Http/Middleware/InvokeDeferredCallbacks.php(22): Illuminate\\Pipeline\\Pipeline->Illuminate\\Pipeline\\{closure}()
#53 /var/www/vhosts/ieslamarisma.net/httpdocs/proyectos/2026/joseangelaquino/laravel/gym-reservas/vendor/laravel/framework/src/Illuminate/Pipeline/Pipeline.php(209): Illuminate\\Foundation\\Http\\Middleware\\InvokeDeferredCallbacks->handle()
#54 /var/www/vhosts/ieslamarisma.net/httpdocs/proyectos/2026/joseangelaquino/laravel/gym-reservas/vendor/laravel/framework/src/Illuminate/Pipeline/Pipeline.php(127): Illuminate\\Pipeline\\Pipeline->Illuminate\\Pipeline\\{closure}()
#55 /var/www/vhosts/ieslamarisma.net/httpdocs/proyectos/2026/joseangelaquino/laravel/gym-reservas/vendor/laravel/framework/src/Illuminate/Foundation/Http/Kernel.php(176): Illuminate\\Pipeline\\Pipeline->then()
#56 /var/www/vhosts/ieslamarisma.net/httpdocs/proyectos/2026/joseangelaquino/laravel/gym-reservas/vendor/laravel/framework/src/Illuminate/Foundation/Http/Kernel.php(145): Illuminate\\Foundation\\Http\\Kernel->sendRequestThroughRouter()
#57 /var/www/vhosts/ieslamarisma.net/httpdocs/proyectos/2026/joseangelaquino/laravel/gym-reservas/vendor/laravel/framework/src/Illuminate/Foundation/Application.php(1220): Illuminate\\Foundation\\Http\\Kernel->handle()
#58 /var/www/vhosts/ieslamarisma.net/httpdocs/proyectos/2026/joseangelaquino/laravel/gym-reservas/public/index.php(26): Illuminate\\Foundation\\Application->handleRequest()
#59 {main}
"} 
[2026-04-12 17:32:43] production.ERROR: Login fallido: These credentials do not match our records.  
[2026-04-12 17:35:13] production.ERROR: Route [user.plan.update] not defined. (View: /var/www/vhosts/ieslamarisma.net/httpdocs/proyectos/2026/joseangelaquino/laravel/gym-reservas/resources/views/dashboard.blade.php) {"userId":18,"exception":"[object] (Illuminate\\View\\ViewException(code: 0): Route [user.plan.update] not defined. (View: /var/www/vhosts/ieslamarisma.net/httpdocs/proyectos/2026/joseangelaquino/laravel/gym-reservas/resources/views/dashboard.blade.php) at /var/www/vhosts/ieslamarisma.net/httpdocs/proyectos/2026/joseangelaquino/laravel/gym-reservas/vendor/laravel/framework/src/Illuminate/Routing/UrlGenerator.php:517)
[stacktrace]
#0 /var/www/vhosts/ieslamarisma.net/httpdocs/proyectos/2026/joseangelaquino/laravel/gym-reservas/vendor/laravel/framework/src/Illuminate/View/Engines/PhpEngine.php(60): Illuminate\\View\\Engines\\CompilerEngine->handleViewException()
#1 /var/www/vhosts/ieslamarisma.net/httpdocs/proyectos/2026/joseangelaquino/laravel/gym-reservas/vendor/laravel/framework/src/Illuminate/View/Engines/CompilerEngine.php(75): Illuminate\\View\\Engines\\PhpEngine->evaluatePath()
#2 /var/www/vhosts/ieslamarisma.net/httpdocs/proyectos/2026/joseangelaquino/laravel/gym-reservas/vendor/laravel/framework/src/Illuminate/View/View.php(209): Illuminate\\View\\Engines\\CompilerEngine->get()
#3 /var/www/vhosts/ieslamarisma.net/httpdocs/proyectos/2026/joseangelaquino/laravel/gym-reservas/vendor/laravel/framework/src/Illuminate/View/View.php(192): Illuminate\\View\\View->getContents()
#4 /var/www/vhosts/ieslamarisma.net/httpdocs/proyectos/2026/joseangelaquino/laravel/gym-reservas/vendor/laravel/framework/src/Illuminate/View/View.php(161): Illuminate\\View\\View->renderContents()
#5 /var/www/vhosts/ieslamarisma.net/httpdocs/proyectos/2026/joseangelaquino/laravel/gym-reservas/vendor/laravel/framework/src/Illuminate/Http/Response.php(79): Illuminate\\View\\View->render()
#6 /var/www/vhosts/ieslamarisma.net/httpdocs/proyectos/2026/joseangelaquino/laravel/gym-reservas/vendor/laravel/framework/src/Illuminate/Http/Response.php(35): Illuminate\\Http\\Response->setContent()
#7 /var/www/vhosts/ieslamarisma.net/httpdocs/proyectos/2026/joseangelaquino/laravel/gym-reservas/vendor/laravel/framework/src/Illuminate/Routing/Router.php(920): Illuminate\\Http\\Response->__construct()
#8 /var/www/vhosts/ieslamarisma.net/httpdocs/proyectos/2026/joseangelaquino/laravel/gym-reservas/vendor/laravel/framework/src/Illuminate/Routing/Router.php(887): Illuminate\\Routing\\Router::toResponse()
#9 /var/www/vhosts/ieslamarisma.net/httpdocs/proyectos/2026/joseangelaquino/laravel/gym-reservas/vendor/laravel/framework/src/Illuminate/Routing/Router.php(807): Illuminate\\Routing\\Router->prepareResponse()
#10 /var/www/vhosts/ieslamarisma.net/httpdocs/proyectos/2026/joseangelaquino/laravel/gym-reservas/vendor/laravel/framework/src/Illuminate/Pipeline/Pipeline.php(170): Illuminate\\Routing\\Router->Illuminate\\Routing\\{closure}()
#11 /var/www/vhosts/ieslamarisma.net/httpdocs/proyectos/2026/joseangelaquino/laravel/gym-reservas/vendor/laravel/framework/src/Illuminate/Http/Middleware/AddLinkHeadersForPreloadedAssets.php(20): Illuminate\\Pipeline\\Pipeline->Illuminate\\Pipeline\\{closure}()
#12 /var/www/vhosts/ieslamarisma.net/httpdocs/proyectos/2026/joseangelaquino/laravel/gym-reservas/vendor/laravel/framework/src/Illuminate/Pipeline/Pipeline.php(209): Illuminate\\Http\\Middleware\\AddLinkHeadersForPreloadedAssets->handle()
#13 /var/www/vhosts/ieslamarisma.net/httpdocs/proyectos/2026/joseangelaquino/laravel/gym-reservas/vendor/inertiajs/inertia-laravel/src/Middleware.php(122): Illuminate\\Pipeline\\Pipeline->Illuminate\\Pipeline\\{closure}()
#14 /var/www/vhosts/ieslamarisma.net/httpdocs/proyectos/2026/joseangelaquino/laravel/gym-reservas/vendor/laravel/framework/src/Illuminate/Pipeline/Pipeline.php(209): Inertia\\Middleware->handle()
#15 /var/www/vhosts/ieslamarisma.net/httpdocs/proyectos/2026/joseangelaquino/laravel/gym-reservas/vendor/laravel/framework/src/Illuminate/Routing/Middleware/SubstituteBindings.php(51): Illuminate\\Pipeline\\Pipeline->Illuminate\\Pipeline\\{closure}()
#16 /var/www/vhosts/ieslamarisma.net/httpdocs/proyectos/2026/joseangelaquino/laravel/gym-reservas/vendor/laravel/framework/src/Illuminate/Pipeline/Pipeline.php(209): Illuminate\\Routing\\Middleware\\SubstituteBindings->handle()
#17 /var/www/vhosts/ieslamarisma.net/httpdocs/proyectos/2026/joseangelaquino/laravel/gym-reservas/vendor/laravel/framework/src/Illuminate/Auth/Middleware/Authenticate.php(64): Illuminate\\Pipeline\\Pipeline->Illuminate\\Pipeline\\{closure}()
#18 /var/www/vhosts/ieslamarisma.net/httpdocs/proyectos/2026/joseangelaquino/laravel/gym-reservas/vendor/laravel/framework/src/Illuminate/Pipeline/Pipeline.php(209): Illuminate\\Auth\\Middleware\\Authenticate->handle()
#19 /var/www/vhosts/ieslamarisma.net/httpdocs/proyectos/2026/joseangelaquino/laravel/gym-reservas/vendor/laravel/framework/src/Illuminate/Foundation/Http/Middleware/VerifyCsrfToken.php(88): Illuminate\\Pipeline\\Pipeline->Illuminate\\Pipeline\\{closure}()
#20 /var/www/vhosts/ieslamarisma.net/httpdocs/proyectos/2026/joseangelaquino/laravel/gym-reservas/vendor/laravel/framework/src/Illuminate/Pipeline/Pipeline.php(209): Illuminate\\Foundation\\Http\\Middleware\\VerifyCsrfToken->handle()
#21 /var/www/vhosts/ieslamarisma.net/httpdocs/proyectos/2026/joseangelaquino/laravel/gym-reservas/vendor/laravel/framework/src/Illuminate/View/Middleware/ShareErrorsFromSession.php(49): Illuminate\\Pipeline\\Pipeline->Illuminate\\Pipeline\\{closure}()
#22 /var/www/vhosts/ieslamarisma.net/httpdocs/proyectos/2026/joseangelaquino/laravel/gym-reservas/vendor/laravel/framework/src/Illuminate/Pipeline/Pipeline.php(209): Illuminate\\View\\Middleware\\ShareErrorsFromSession->handle()
#23 /var/www/vhosts/ieslamarisma.net/httpdocs/proyectos/2026/joseangelaquino/laravel/gym-reservas/vendor/laravel/framework/src/Illuminate/Session/Middleware/StartSession.php(121): Illuminate\\Pipeline\\Pipeline->Illuminate\\Pipeline\\{closure}()
#24 /var/www/vhosts/ieslamarisma.net/httpdocs/proyectos/2026/joseangelaquino/laravel/gym-reservas/vendor/laravel/framework/src/Illuminate/Session/Middleware/StartSession.php(64): Illuminate\\Session\\Middleware\\StartSession->handleStatefulRequest()
#25 /var/www/vhosts/ieslamarisma.net/httpdocs/proyectos/2026/joseangelaquino/laravel/gym-reservas/vendor/laravel/framework/src/Illuminate/Pipeline/Pipeline.php(209): Illuminate\\Session\\Middleware\\StartSession->handle()
#26 /var/www/vhosts/ieslamarisma.net/httpdocs/proyectos/2026/joseangelaquino/laravel/gym-reservas/vendor/laravel/framework/src/Illuminate/Cookie/Middleware/AddQueuedCookiesToResponse.php(37): Illuminate\\Pipeline\\Pipeline->Illuminate\\Pipeline\\{closure}()
#27 /var/www/vhosts/ieslamarisma.net/httpdocs/proyectos/2026/joseangelaquino/laravel/gym-reservas/vendor/laravel/framework/src/Illuminate/Pipeline/Pipeline.php(209): Illuminate\\Cookie\\Middleware\\AddQueuedCookiesToResponse->handle()
#28 /var/www/vhosts/ieslamarisma.net/httpdocs/proyectos/2026/joseangelaquino/laravel/gym-reservas/vendor/laravel/framework/src/Illuminate/Cookie/Middleware/EncryptCookies.php(75): Illuminate\\Pipeline\\Pipeline->Illuminate\\Pipeline\\{closure}()
#29 /var/www/vhosts/ieslamarisma.net/httpdocs/proyectos/2026/joseangelaquino/laravel/gym-reservas/vendor/laravel/framework/src/Illuminate/Pipeline/Pipeline.php(209): Illuminate\\Cookie\\Middleware\\EncryptCookies->handle()
#30 /var/www/vhosts/ieslamarisma.net/httpdocs/proyectos/2026/joseangelaquino/laravel/gym-reservas/vendor/laravel/framework/src/Illuminate/Pipeline/Pipeline.php(127): Illuminate\\Pipeline\\Pipeline->Illuminate\\Pipeline\\{closure}()
#31 /var/www/vhosts/ieslamarisma.net/httpdocs/proyectos/2026/joseangelaquino/laravel/gym-reservas/vendor/laravel/framework/src/Illuminate/Routing/Router.php(807): Illuminate\\Pipeline\\Pipeline->then()
#32 /var/www/vhosts/ieslamarisma.net/httpdocs/proyectos/2026/joseangelaquino/laravel/gym-reservas/vendor/laravel/framework/src/Illuminate/Routing/Router.php(786): Illuminate\\Routing\\Router->runRouteWithinStack()
#33 /var/www/vhosts/ieslamarisma.net/httpdocs/proyectos/2026/joseangelaquino/laravel/gym-reservas/vendor/laravel/framework/src/Illuminate/Routing/Router.php(750): Illuminate\\Routing\\Router->runRoute()
#34 /var/www/vhosts/ieslamarisma.net/httpdocs/proyectos/2026/joseangelaquino/laravel/gym-reservas/vendor/laravel/framework/src/Illuminate/Routing/Router.php(739): Illuminate\\Routing\\Router->dispatchToRoute()
#35 /var/www/vhosts/ieslamarisma.net/httpdocs/proyectos/2026/joseangelaquino/laravel/gym-reservas/vendor/laravel/framework/src/Illuminate/Foundation/Http/Kernel.php(201): Illuminate\\Routing\\Router->dispatch()
#36 /var/www/vhosts/ieslamarisma.net/httpdocs/proyectos/2026/joseangelaquino/laravel/gym-reservas/vendor/laravel/framework/src/Illuminate/Pipeline/Pipeline.php(170): Illuminate\\Foundation\\Http\\Kernel->Illuminate\\Foundation\\Http\\{closure}()
#37 /var/www/vhosts/ieslamarisma.net/httpdocs/proyectos/2026/joseangelaquino/laravel/gym-reservas/vendor/laravel/framework/src/Illuminate/Foundation/Http/Middleware/TransformsRequest.php(21): Illuminate\\Pipeline\\Pipeline->Illuminate\\Pipeline\\{closure}()
#38 /var/www/vhosts/ieslamarisma.net/httpdocs/proyectos/2026/joseangelaquino/laravel/gym-reservas/vendor/laravel/framework/src/Illuminate/Foundation/Http/Middleware/ConvertEmptyStringsToNull.php(31): Illuminate\\Foundation\\Http\\Middleware\\TransformsRequest->handle()
#39 /var/www/vhosts/ieslamarisma.net/httpdocs/proyectos/2026/joseangelaquino/laravel/gym-reservas/vendor/laravel/framework/src/Illuminate/Pipeline/Pipeline.php(209): Illuminate\\Foundation\\Http\\Middleware\\ConvertEmptyStringsToNull->handle()
#40 /var/www/vhosts/ieslamarisma.net/httpdocs/proyectos/2026/joseangelaquino/laravel/gym-reservas/vendor/laravel/framework/src/Illuminate/Foundation/Http/Middleware/TransformsRequest.php(21): Illuminate\\Pipeline\\Pipeline->Illuminate\\Pipeline\\{closure}()
#41 /var/www/vhosts/ieslamarisma.net/httpdocs/proyectos/2026/joseangelaquino/laravel/gym-reservas/vendor/laravel/framework/src/Illuminate/Foundation/Http/Middleware/TrimStrings.php(51): Illuminate\\Foundation\\Http\\Middleware\\TransformsRequest->handle()
#42 /var/www/vhosts/ieslamarisma.net/httpdocs/proyectos/2026/joseangelaquino/laravel/gym-reservas/vendor/laravel/framework/src/Illuminate/Pipeline/Pipeline.php(209): Illuminate\\Foundation\\Http\\Middleware\\TrimStrings->handle()
#43 /var/www/vhosts/ieslamarisma.net/httpdocs/proyectos/2026/joseangelaquino/laravel/gym-reservas/vendor/laravel/framework/src/Illuminate/Http/Middleware/ValidatePostSize.php(27): Illuminate\\Pipeline\\Pipeline->Illuminate\\Pipeline\\{closure}()
#44 /var/www/vhosts/ieslamarisma.net/httpdocs/proyectos/2026/joseangelaquino/laravel/gym-reservas/vendor/laravel/framework/src/Illuminate/Pipeline/Pipeline.php(209): Illuminate\\Http\\Middleware\\ValidatePostSize->handle()
#45 /var/www/vhosts/ieslamarisma.net/httpdocs/proyectos/2026/joseangelaquino/laravel/gym-reservas/vendor/laravel/framework/src/Illuminate/Foundation/Http/Middleware/PreventRequestsDuringMaintenance.php(110): Illuminate\\Pipeline\\Pipeline->Illuminate\\Pipeline\\{closure}()
#46 /var/www/vhosts/ieslamarisma.net/httpdocs/proyectos/2026/joseangelaquino/laravel/gym-reservas/vendor/laravel/framework/src/Illuminate/Pipeline/Pipeline.php(209): Illuminate\\Foundation\\Http\\Middleware\\PreventRequestsDuringMaintenance->handle()
#47 /var/www/vhosts/ieslamarisma.net/httpdocs/proyectos/2026/joseangelaquino/laravel/gym-reservas/vendor/laravel/framework/src/Illuminate/Http/Middleware/HandleCors.php(49): Illuminate\\Pipeline\\Pipeline->Illuminate\\Pipeline\\{closure}()
#48 /var/www/vhosts/ieslamarisma.net/httpdocs/proyectos/2026/joseangelaquino/laravel/gym-reservas/vendor/laravel/framework/src/Illuminate/Pipeline/Pipeline.php(209): Illuminate\\Http\\Middleware\\HandleCors->handle()
#49 /var/www/vhosts/ieslamarisma.net/httpdocs/proyectos/2026/joseangelaquino/laravel/gym-reservas/vendor/laravel/framework/src/Illuminate/Http/Middleware/TrustProxies.php(58): Illuminate\\Pipeline\\Pipeline->Illuminate\\Pipeline\\{closure}()
#50 /var/www/vhosts/ieslamarisma.net/httpdocs/proyectos/2026/joseangelaquino/laravel/gym-reservas/vendor/laravel/framework/src/Illuminate/Pipeline/Pipeline.php(209): Illuminate\\Http\\Middleware\\TrustProxies->handle()
#51 /var/www/vhosts/ieslamarisma.net/httpdocs/proyectos/2026/joseangelaquino/laravel/gym-reservas/vendor/laravel/framework/src/Illuminate/Foundation/Http/Middleware/InvokeDeferredCallbacks.php(22): Illuminate\\Pipeline\\Pipeline->Illuminate\\Pipeline\\{closure}()
#52 /var/www/vhosts/ieslamarisma.net/httpdocs/proyectos/2026/joseangelaquino/laravel/gym-reservas/vendor/laravel/framework/src/Illuminate/Pipeline/Pipeline.php(209): Illuminate\\Foundation\\Http\\Middleware\\InvokeDeferredCallbacks->handle()
#53 /var/www/vhosts/ieslamarisma.net/httpdocs/proyectos/2026/joseangelaquino/laravel/gym-reservas/vendor/laravel/framework/src/Illuminate/Pipeline/Pipeline.php(127): Illuminate\\Pipeline\\Pipeline->Illuminate\\Pipeline\\{closure}()
#54 /var/www/vhosts/ieslamarisma.net/httpdocs/proyectos/2026/joseangelaquino/laravel/gym-reservas/vendor/laravel/framework/src/Illuminate/Foundation/Http/Kernel.php(176): Illuminate\\Pipeline\\Pipeline->then()
#55 /var/www/vhosts/ieslamarisma.net/httpdocs/proyectos/2026/joseangelaquino/laravel/gym-reservas/vendor/laravel/framework/src/Illuminate/Foundation/Http/Kernel.php(145): Illuminate\\Foundation\\Http\\Kernel->sendRequestThroughRouter()
#56 /var/www/vhosts/ieslamarisma.net/httpdocs/proyectos/2026/joseangelaquino/laravel/gym-reservas/vendor/laravel/framework/src/Illuminate/Foundation/Application.php(1220): Illuminate\\Foundation\\Http\\Kernel->handle()
#57 /var/www/vhosts/ieslamarisma.net/httpdocs/proyectos/2026/joseangelaquino/laravel/gym-reservas/public/index.php(26): Illuminate\\Foundation\\Application->handleRequest()
#58 {main}

[previous exception] [object] (Symfony\\Component\\Routing\\Exception\\RouteNotFoundException(code: 0): Route [user.plan.update] not defined. at /var/www/vhosts/ieslamarisma.net/httpdocs/proyectos/2026/joseangelaquino/laravel/gym-reservas/vendor/laravel/framework/src/Illuminate/Routing/UrlGenerator.php:517)
[stacktrace]
#0 /var/www/vhosts/ieslamarisma.net/httpdocs/proyectos/2026/joseangelaquino/laravel/gym-reservas/vendor/laravel/framework/src/Illuminate/Foundation/helpers.php(853): Illuminate\\Routing\\UrlGenerator->route()
#1 /var/www/vhosts/ieslamarisma.net/httpdocs/proyectos/2026/joseangelaquino/laravel/gym-reservas/storage/framework/views/506ccdf95de7f49155cd5ee43982dba9.php(543): route()
#2 /var/www/vhosts/ieslamarisma.net/httpdocs/proyectos/2026/joseangelaquino/laravel/gym-reservas/vendor/laravel/framework/src/Illuminate/Filesystem/Filesystem.php(123): require('...')
#3 /var/www/vhosts/ieslamarisma.net/httpdocs/proyectos/2026/joseangelaquino/laravel/gym-reservas/vendor/laravel/framework/src/Illuminate/Filesystem/Filesystem.php(124): Illuminate\\Filesystem\\Filesystem::Illuminate\\Filesystem\\{closure}()
#4 /var/www/vhosts/ieslamarisma.net/httpdocs/proyectos/2026/joseangelaquino/laravel/gym-reservas/vendor/laravel/framework/src/Illuminate/View/Engines/PhpEngine.php(58): Illuminate\\Filesystem\\Filesystem->getRequire()
#5 /var/www/vhosts/ieslamarisma.net/httpdocs/proyectos/2026/joseangelaquino/laravel/gym-reservas/vendor/laravel/framework/src/Illuminate/View/Engines/CompilerEngine.php(75): Illuminate\\View\\Engines\\PhpEngine->evaluatePath()
#6 /var/www/vhosts/ieslamarisma.net/httpdocs/proyectos/2026/joseangelaquino/laravel/gym-reservas/vendor/laravel/framework/src/Illuminate/View/View.php(209): Illuminate\\View\\Engines\\CompilerEngine->get()
#7 /var/www/vhosts/ieslamarisma.net/httpdocs/proyectos/2026/joseangelaquino/laravel/gym-reservas/vendor/laravel/framework/src/Illuminate/View/View.php(192): Illuminate\\View\\View->getContents()
#8 /var/www/vhosts/ieslamarisma.net/httpdocs/proyectos/2026/joseangelaquino/laravel/gym-reservas/vendor/laravel/framework/src/Illuminate/View/View.php(161): Illuminate\\View\\View->renderContents()
#9 /var/www/vhosts/ieslamarisma.net/httpdocs/proyectos/2026/joseangelaquino/laravel/gym-reservas/vendor/laravel/framework/src/Illuminate/Http/Response.php(79): Illuminate\\View\\View->render()
#10 /var/www/vhosts/ieslamarisma.net/httpdocs/proyectos/2026/joseangelaquino/laravel/gym-reservas/vendor/laravel/framework/src/Illuminate/Http/Response.php(35): Illuminate\\Http\\Response->setContent()
#11 /var/www/vhosts/ieslamarisma.net/httpdocs/proyectos/2026/joseangelaquino/laravel/gym-reservas/vendor/laravel/framework/src/Illuminate/Routing/Router.php(920): Illuminate\\Http\\Response->__construct()
#12 /var/www/vhosts/ieslamarisma.net/httpdocs/proyectos/2026/joseangelaquino/laravel/gym-reservas/vendor/laravel/framework/src/Illuminate/Routing/Router.php(887): Illuminate\\Routing\\Router::toResponse()
#13 /var/www/vhosts/ieslamarisma.net/httpdocs/proyectos/2026/joseangelaquino/laravel/gym-reservas/vendor/laravel/framework/src/Illuminate/Routing/Router.php(807): Illuminate\\Routing\\Router->prepareResponse()
#14 /var/www/vhosts/ieslamarisma.net/httpdocs/proyectos/2026/joseangelaquino/laravel/gym-reservas/vendor/laravel/framework/src/Illuminate/Pipeline/Pipeline.php(170): Illuminate\\Routing\\Router->Illuminate\\Routing\\{closure}()
#15 /var/www/vhosts/ieslamarisma.net/httpdocs/proyectos/2026/joseangelaquino/laravel/gym-reservas/vendor/laravel/framework/src/Illuminate/Http/Middleware/AddLinkHeadersForPreloadedAssets.php(20): Illuminate\\Pipeline\\Pipeline->Illuminate\\Pipeline\\{closure}()
#16 /var/www/vhosts/ieslamarisma.net/httpdocs/proyectos/2026/joseangelaquino/laravel/gym-reservas/vendor/laravel/framework/src/Illuminate/Pipeline/Pipeline.php(209): Illuminate\\Http\\Middleware\\AddLinkHeadersForPreloadedAssets->handle()
#17 /var/www/vhosts/ieslamarisma.net/httpdocs/proyectos/2026/joseangelaquino/laravel/gym-reservas/vendor/inertiajs/inertia-laravel/src/Middleware.php(122): Illuminate\\Pipeline\\Pipeline->Illuminate\\Pipeline\\{closure}()
#18 /var/www/vhosts/ieslamarisma.net/httpdocs/proyectos/2026/joseangelaquino/laravel/gym-reservas/vendor/laravel/framework/src/Illuminate/Pipeline/Pipeline.php(209): Inertia\\Middleware->handle()
#19 /var/www/vhosts/ieslamarisma.net/httpdocs/proyectos/2026/joseangelaquino/laravel/gym-reservas/vendor/laravel/framework/src/Illuminate/Routing/Middleware/SubstituteBindings.php(51): Illuminate\\Pipeline\\Pipeline->Illuminate\\Pipeline\\{closure}()
#20 /var/www/vhosts/ieslamarisma.net/httpdocs/proyectos/2026/joseangelaquino/laravel/gym-reservas/vendor/laravel/framework/src/Illuminate/Pipeline/Pipeline.php(209): Illuminate\\Routing\\Middleware\\SubstituteBindings->handle()
#21 /var/www/vhosts/ieslamarisma.net/httpdocs/proyectos/2026/joseangelaquino/laravel/gym-reservas/vendor/laravel/framework/src/Illuminate/Auth/Middleware/Authenticate.php(64): Illuminate\\Pipeline\\Pipeline->Illuminate\\Pipeline\\{closure}()
#22 /var/www/vhosts/ieslamarisma.net/httpdocs/proyectos/2026/joseangelaquino/laravel/gym-reservas/vendor/laravel/framework/src/Illuminate/Pipeline/Pipeline.php(209): Illuminate\\Auth\\Middleware\\Authenticate->handle()
#23 /var/www/vhosts/ieslamarisma.net/httpdocs/proyectos/2026/joseangelaquino/laravel/gym-reservas/vendor/laravel/framework/src/Illuminate/Foundation/Http/Middleware/VerifyCsrfToken.php(88): Illuminate\\Pipeline\\Pipeline->Illuminate\\Pipeline\\{closure}()
#24 /var/www/vhosts/ieslamarisma.net/httpdocs/proyectos/2026/joseangelaquino/laravel/gym-reservas/vendor/laravel/framework/src/Illuminate/Pipeline/Pipeline.php(209): Illuminate\\Foundation\\Http\\Middleware\\VerifyCsrfToken->handle()
#25 /var/www/vhosts/ieslamarisma.net/httpdocs/proyectos/2026/joseangelaquino/laravel/gym-reservas/vendor/laravel/framework/src/Illuminate/View/Middleware/ShareErrorsFromSession.php(49): Illuminate\\Pipeline\\Pipeline->Illuminate\\Pipeline\\{closure}()
#26 /var/www/vhosts/ieslamarisma.net/httpdocs/proyectos/2026/joseangelaquino/laravel/gym-reservas/vendor/laravel/framework/src/Illuminate/Pipeline/Pipeline.php(209): Illuminate\\View\\Middleware\\ShareErrorsFromSession->handle()
#27 /var/www/vhosts/ieslamarisma.net/httpdocs/proyectos/2026/joseangelaquino/laravel/gym-reservas/vendor/laravel/framework/src/Illuminate/Session/Middleware/StartSession.php(121): Illuminate\\Pipeline\\Pipeline->Illuminate\\Pipeline\\{closure}()
#28 /var/www/vhosts/ieslamarisma.net/httpdocs/proyectos/2026/joseangelaquino/laravel/gym-reservas/vendor/laravel/framework/src/Illuminate/Session/Middleware/StartSession.php(64): Illuminate\\Session\\Middleware\\StartSession->handleStatefulRequest()
#29 /var/www/vhosts/ieslamarisma.net/httpdocs/proyectos/2026/joseangelaquino/laravel/gym-reservas/vendor/laravel/framework/src/Illuminate/Pipeline/Pipeline.php(209): Illuminate\\Session\\Middleware\\StartSession->handle()
#30 /var/www/vhosts/ieslamarisma.net/httpdocs/proyectos/2026/joseangelaquino/laravel/gym-reservas/vendor/laravel/framework/src/Illuminate/Cookie/Middleware/AddQueuedCookiesToResponse.php(37): Illuminate\\Pipeline\\Pipeline->Illuminate\\Pipeline\\{closure}()
#31 /var/www/vhosts/ieslamarisma.net/httpdocs/proyectos/2026/joseangelaquino/laravel/gym-reservas/vendor/laravel/framework/src/Illuminate/Pipeline/Pipeline.php(209): Illuminate\\Cookie\\Middleware\\AddQueuedCookiesToResponse->handle()
#32 /var/www/vhosts/ieslamarisma.net/httpdocs/proyectos/2026/joseangelaquino/laravel/gym-reservas/vendor/laravel/framework/src/Illuminate/Cookie/Middleware/EncryptCookies.php(75): Illuminate\\Pipeline\\Pipeline->Illuminate\\Pipeline\\{closure}()
#33 /var/www/vhosts/ieslamarisma.net/httpdocs/proyectos/2026/joseangelaquino/laravel/gym-reservas/vendor/laravel/framework/src/Illuminate/Pipeline/Pipeline.php(209): Illuminate\\Cookie\\Middleware\\EncryptCookies->handle()
#34 /var/www/vhosts/ieslamarisma.net/httpdocs/proyectos/2026/joseangelaquino/laravel/gym-reservas/vendor/laravel/framework/src/Illuminate/Pipeline/Pipeline.php(127): Illuminate\\Pipeline\\Pipeline->Illuminate\\Pipeline\\{closure}()
#35 /var/www/vhosts/ieslamarisma.net/httpdocs/proyectos/2026/joseangelaquino/laravel/gym-reservas/vendor/laravel/framework/src/Illuminate/Routing/Router.php(807): Illuminate\\Pipeline\\Pipeline->then()
#36 /var/www/vhosts/ieslamarisma.net/httpdocs/proyectos/2026/joseangelaquino/laravel/gym-reservas/vendor/laravel/framework/src/Illuminate/Routing/Router.php(786): Illuminate\\Routing\\Router->runRouteWithinStack()
#37 /var/www/vhosts/ieslamarisma.net/httpdocs/proyectos/2026/joseangelaquino/laravel/gym-reservas/vendor/laravel/framework/src/Illuminate/Routing/Router.php(750): Illuminate\\Routing\\Router->runRoute()
#38 /var/www/vhosts/ieslamarisma.net/httpdocs/proyectos/2026/joseangelaquino/laravel/gym-reservas/vendor/laravel/framework/src/Illuminate/Routing/Router.php(739): Illuminate\\Routing\\Router->dispatchToRoute()
#39 /var/www/vhosts/ieslamarisma.net/httpdocs/proyectos/2026/joseangelaquino/laravel/gym-reservas/vendor/laravel/framework/src/Illuminate/Foundation/Http/Kernel.php(201): Illuminate\\Routing\\Router->dispatch()
#40 /var/www/vhosts/ieslamarisma.net/httpdocs/proyectos/2026/joseangelaquino/laravel/gym-reservas/vendor/laravel/framework/src/Illuminate/Pipeline/Pipeline.php(170): Illuminate\\Foundation\\Http\\Kernel->Illuminate\\Foundation\\Http\\{closure}()
#41 /var/www/vhosts/ieslamarisma.net/httpdocs/proyectos/2026/joseangelaquino/laravel/gym-reservas/vendor/laravel/framework/src/Illuminate/Foundation/Http/Middleware/TransformsRequest.php(21): Illuminate\\Pipeline\\Pipeline->Illuminate\\Pipeline\\{closure}()
#42 /var/www/vhosts/ieslamarisma.net/httpdocs/proyectos/2026/joseangelaquino/laravel/gym-reservas/vendor/laravel/framework/src/Illuminate/Foundation/Http/Middleware/ConvertEmptyStringsToNull.php(31): Illuminate\\Foundation\\Http\\Middleware\\TransformsRequest->handle()
#43 /var/www/vhosts/ieslamarisma.net/httpdocs/proyectos/2026/joseangelaquino/laravel/gym-reservas/vendor/laravel/framework/src/Illuminate/Pipeline/Pipeline.php(209): Illuminate\\Foundation\\Http\\Middleware\\ConvertEmptyStringsToNull->handle()
#44 /var/www/vhosts/ieslamarisma.net/httpdocs/proyectos/2026/joseangelaquino/laravel/gym-reservas/vendor/laravel/framework/src/Illuminate/Foundation/Http/Middleware/TransformsRequest.php(21): Illuminate\\Pipeline\\Pipeline->Illuminate\\Pipeline\\{closure}()
#45 /var/www/vhosts/ieslamarisma.net/httpdocs/proyectos/2026/joseangelaquino/laravel/gym-reservas/vendor/laravel/framework/src/Illuminate/Foundation/Http/Middleware/TrimStrings.php(51): Illuminate\\Foundation\\Http\\Middleware\\TransformsRequest->handle()
#46 /var/www/vhosts/ieslamarisma.net/httpdocs/proyectos/2026/joseangelaquino/laravel/gym-reservas/vendor/laravel/framework/src/Illuminate/Pipeline/Pipeline.php(209): Illuminate\\Foundation\\Http\\Middleware\\TrimStrings->handle()
#47 /var/www/vhosts/ieslamarisma.net/httpdocs/proyectos/2026/joseangelaquino/laravel/gym-reservas/vendor/laravel/framework/src/Illuminate/Http/Middleware/ValidatePostSize.php(27): Illuminate\\Pipeline\\Pipeline->Illuminate\\Pipeline\\{closure}()
#48 /var/www/vhosts/ieslamarisma.net/httpdocs/proyectos/2026/joseangelaquino/laravel/gym-reservas/vendor/laravel/framework/src/Illuminate/Pipeline/Pipeline.php(209): Illuminate\\Http\\Middleware\\ValidatePostSize->handle()
#49 /var/www/vhosts/ieslamarisma.net/httpdocs/proyectos/2026/joseangelaquino/laravel/gym-reservas/vendor/laravel/framework/src/Illuminate/Foundation/Http/Middleware/PreventRequestsDuringMaintenance.php(110): Illuminate\\Pipeline\\Pipeline->Illuminate\\Pipeline\\{closure}()
#50 /var/www/vhosts/ieslamarisma.net/httpdocs/proyectos/2026/joseangelaquino/laravel/gym-reservas/vendor/laravel/framework/src/Illuminate/Pipeline/Pipeline.php(209): Illuminate\\Foundation\\Http\\Middleware\\PreventRequestsDuringMaintenance->handle()
#51 /var/www/vhosts/ieslamarisma.net/httpdocs/proyectos/2026/joseangelaquino/laravel/gym-reservas/vendor/laravel/framework/src/Illuminate/Http/Middleware/HandleCors.php(49): Illuminate\\Pipeline\\Pipeline->Illuminate\\Pipeline\\{closure}()
#52 /var/www/vhosts/ieslamarisma.net/httpdocs/proyectos/2026/joseangelaquino/laravel/gym-reservas/vendor/laravel/framework/src/Illuminate/Pipeline/Pipeline.php(209): Illuminate\\Http\\Middleware\\HandleCors->handle()
#53 /var/www/vhosts/ieslamarisma.net/httpdocs/proyectos/2026/joseangelaquino/laravel/gym-reservas/vendor/laravel/framework/src/Illuminate/Http/Middleware/TrustProxies.php(58): Illuminate\\Pipeline\\Pipeline->Illuminate\\Pipeline\\{closure}()
#54 /var/www/vhosts/ieslamarisma.net/httpdocs/proyectos/2026/joseangelaquino/laravel/gym-reservas/vendor/laravel/framework/src/Illuminate/Pipeline/Pipeline.php(209): Illuminate\\Http\\Middleware\\TrustProxies->handle()
#55 /var/www/vhosts/ieslamarisma.net/httpdocs/proyectos/2026/joseangelaquino/laravel/gym-reservas/vendor/laravel/framework/src/Illuminate/Foundation/Http/Middleware/InvokeDeferredCallbacks.php(22): Illuminate\\Pipeline\\Pipeline->Illuminate\\Pipeline\\{closure}()
#56 /var/www/vhosts/ieslamarisma.net/httpdocs/proyectos/2026/joseangelaquino/laravel/gym-reservas/vendor/laravel/framework/src/Illuminate/Pipeline/Pipeline.php(209): Illuminate\\Foundation\\Http\\Middleware\\InvokeDeferredCallbacks->handle()
#57 /var/www/vhosts/ieslamarisma.net/httpdocs/proyectos/2026/joseangelaquino/laravel/gym-reservas/vendor/laravel/framework/src/Illuminate/Pipeline/Pipeline.php(127): Illuminate\\Pipeline\\Pipeline->Illuminate\\Pipeline\\{closure}()
#58 /var/www/vhosts/ieslamarisma.net/httpdocs/proyectos/2026/joseangelaquino/laravel/gym-reservas/vendor/laravel/framework/src/Illuminate/Foundation/Http/Kernel.php(176): Illuminate\\Pipeline\\Pipeline->then()
#59 /var/www/vhosts/ieslamarisma.net/httpdocs/proyectos/2026/joseangelaquino/laravel/gym-reservas/vendor/laravel/framework/src/Illuminate/Foundation/Http/Kernel.php(145): Illuminate\\Foundation\\Http\\Kernel->sendRequestThroughRouter()
#60 /var/www/vhosts/ieslamarisma.net/httpdocs/proyectos/2026/joseangelaquino/laravel/gym-reservas/vendor/laravel/framework/src/Illuminate/Foundation/Application.php(1220): Illuminate\\Foundation\\Http\\Kernel->handle()
#61 /var/www/vhosts/ieslamarisma.net/httpdocs/proyectos/2026/joseangelaquino/laravel/gym-reservas/public/index.php(26): Illuminate\\Foundation\\Application->handleRequest()
#62 {main}
"} 
[2026-04-12 17:35:15] production.ERROR: Route [user.plan.update] not defined. (View: /var/www/vhosts/ieslamarisma.net/httpdocs/proyectos/2026/joseangelaquino/laravel/gym-reservas/resources/views/dashboard.blade.php) {"userId":18,"exception":"[object] (Illuminate\\View\\ViewException(code: 0): Route [user.plan.update] not defined. (View: /var/www/vhosts/ieslamarisma.net/httpdocs/proyectos/2026/joseangelaquino/laravel/gym-reservas/resources/views/dashboard.blade.php) at /var/www/vhosts/ieslamarisma.net/httpdocs/proyectos/2026/joseangelaquino/laravel/gym-reservas/vendor/laravel/framework/src/Illuminate/Routing/UrlGenerator.php:517)
[stacktrace]
#0 /var/www/vhosts/ieslamarisma.net/httpdocs/proyectos/2026/joseangelaquino/laravel/gym-reservas/vendor/laravel/framework/src/Illuminate/View/Engines/PhpEngine.php(60): Illuminate\\View\\Engines\\CompilerEngine->handleViewException()
#1 /var/www/vhosts/ieslamarisma.net/httpdocs/proyectos/2026/joseangelaquino/laravel/gym-reservas/vendor/laravel/framework/src/Illuminate/View/Engines/CompilerEngine.php(75): Illuminate\\View\\Engines\\PhpEngine->evaluatePath()
#2 /var/www/vhosts/ieslamarisma.net/httpdocs/proyectos/2026/joseangelaquino/laravel/gym-reservas/vendor/laravel/framework/src/Illuminate/View/View.php(209): Illuminate\\View\\Engines\\CompilerEngine->get()
#3 /var/www/vhosts/ieslamarisma.net/httpdocs/proyectos/2026/joseangelaquino/laravel/gym-reservas/vendor/laravel/framework/src/Illuminate/View/View.php(192): Illuminate\\View\\View->getContents()
#4 /var/www/vhosts/ieslamarisma.net/httpdocs/proyectos/2026/joseangelaquino/laravel/gym-reservas/vendor/laravel/framework/src/Illuminate/View/View.php(161): Illuminate\\View\\View->renderContents()
#5 /var/www/vhosts/ieslamarisma.net/httpdocs/proyectos/2026/joseangelaquino/laravel/gym-reservas/vendor/laravel/framework/src/Illuminate/Http/Response.php(79): Illuminate\\View\\View->render()
#6 /var/www/vhosts/ieslamarisma.net/httpdocs/proyectos/2026/joseangelaquino/laravel/gym-reservas/vendor/laravel/framework/src/Illuminate/Http/Response.php(35): Illuminate\\Http\\Response->setContent()
#7 /var/www/vhosts/ieslamarisma.net/httpdocs/proyectos/2026/joseangelaquino/laravel/gym-reservas/vendor/laravel/framework/src/Illuminate/Routing/Router.php(920): Illuminate\\Http\\Response->__construct()
#8 /var/www/vhosts/ieslamarisma.net/httpdocs/proyectos/2026/joseangelaquino/laravel/gym-reservas/vendor/laravel/framework/src/Illuminate/Routing/Router.php(887): Illuminate\\Routing\\Router::toResponse()
#9 /var/www/vhosts/ieslamarisma.net/httpdocs/proyectos/2026/joseangelaquino/laravel/gym-reservas/vendor/laravel/framework/src/Illuminate/Routing/Router.php(807): Illuminate\\Routing\\Router->prepareResponse()
#10 /var/www/vhosts/ieslamarisma.net/httpdocs/proyectos/2026/joseangelaquino/laravel/gym-reservas/vendor/laravel/framework/src/Illuminate/Pipeline/Pipeline.php(170): Illuminate\\Routing\\Router->Illuminate\\Routing\\{closure}()
#11 /var/www/vhosts/ieslamarisma.net/httpdocs/proyectos/2026/joseangelaquino/laravel/gym-reservas/vendor/laravel/framework/src/Illuminate/Http/Middleware/AddLinkHeadersForPreloadedAssets.php(20): Illuminate\\Pipeline\\Pipeline->Illuminate\\Pipeline\\{closure}()
#12 /var/www/vhosts/ieslamarisma.net/httpdocs/proyectos/2026/joseangelaquino/laravel/gym-reservas/vendor/laravel/framework/src/Illuminate/Pipeline/Pipeline.php(209): Illuminate\\Http\\Middleware\\AddLinkHeadersForPreloadedAssets->handle()
#13 /var/www/vhosts/ieslamarisma.net/httpdocs/proyectos/2026/joseangelaquino/laravel/gym-reservas/vendor/inertiajs/inertia-laravel/src/Middleware.php(122): Illuminate\\Pipeline\\Pipeline->Illuminate\\Pipeline\\{closure}()
#14 /var/www/vhosts/ieslamarisma.net/httpdocs/proyectos/2026/joseangelaquino/laravel/gym-reservas/vendor/laravel/framework/src/Illuminate/Pipeline/Pipeline.php(209): Inertia\\Middleware->handle()
#15 /var/www/vhosts/ieslamarisma.net/httpdocs/proyectos/2026/joseangelaquino/laravel/gym-reservas/vendor/laravel/framework/src/Illuminate/Routing/Middleware/SubstituteBindings.php(51): Illuminate\\Pipeline\\Pipeline->Illuminate\\Pipeline\\{closure}()
#16 /var/www/vhosts/ieslamarisma.net/httpdocs/proyectos/2026/joseangelaquino/laravel/gym-reservas/vendor/laravel/framework/src/Illuminate/Pipeline/Pipeline.php(209): Illuminate\\Routing\\Middleware\\SubstituteBindings->handle()
#17 /var/www/vhosts/ieslamarisma.net/httpdocs/proyectos/2026/joseangelaquino/laravel/gym-reservas/vendor/laravel/framework/src/Illuminate/Auth/Middleware/Authenticate.php(64): Illuminate\\Pipeline\\Pipeline->Illuminate\\Pipeline\\{closure}()
#18 /var/www/vhosts/ieslamarisma.net/httpdocs/proyectos/2026/joseangelaquino/laravel/gym-reservas/vendor/laravel/framework/src/Illuminate/Pipeline/Pipeline.php(209): Illuminate\\Auth\\Middleware\\Authenticate->handle()
#19 /var/www/vhosts/ieslamarisma.net/httpdocs/proyectos/2026/joseangelaquino/laravel/gym-reservas/vendor/laravel/framework/src/Illuminate/Foundation/Http/Middleware/VerifyCsrfToken.php(88): Illuminate\\Pipeline\\Pipeline->Illuminate\\Pipeline\\{closure}()
#20 /var/www/vhosts/ieslamarisma.net/httpdocs/proyectos/2026/joseangelaquino/laravel/gym-reservas/vendor/laravel/framework/src/Illuminate/Pipeline/Pipeline.php(209): Illuminate\\Foundation\\Http\\Middleware\\VerifyCsrfToken->handle()
#21 /var/www/vhosts/ieslamarisma.net/httpdocs/proyectos/2026/joseangelaquino/laravel/gym-reservas/vendor/laravel/framework/src/Illuminate/View/Middleware/ShareErrorsFromSession.php(49): Illuminate\\Pipeline\\Pipeline->Illuminate\\Pipeline\\{closure}()
#22 /var/www/vhosts/ieslamarisma.net/httpdocs/proyectos/2026/joseangelaquino/laravel/gym-reservas/vendor/laravel/framework/src/Illuminate/Pipeline/Pipeline.php(209): Illuminate\\View\\Middleware\\ShareErrorsFromSession->handle()
#23 /var/www/vhosts/ieslamarisma.net/httpdocs/proyectos/2026/joseangelaquino/laravel/gym-reservas/vendor/laravel/framework/src/Illuminate/Session/Middleware/StartSession.php(121): Illuminate\\Pipeline\\Pipeline->Illuminate\\Pipeline\\{closure}()
#24 /var/www/vhosts/ieslamarisma.net/httpdocs/proyectos/2026/joseangelaquino/laravel/gym-reservas/vendor/laravel/framework/src/Illuminate/Session/Middleware/StartSession.php(64): Illuminate\\Session\\Middleware\\StartSession->handleStatefulRequest()
#25 /var/www/vhosts/ieslamarisma.net/httpdocs/proyectos/2026/joseangelaquino/laravel/gym-reservas/vendor/laravel/framework/src/Illuminate/Pipeline/Pipeline.php(209): Illuminate\\Session\\Middleware\\StartSession->handle()
#26 /var/www/vhosts/ieslamarisma.net/httpdocs/proyectos/2026/joseangelaquino/laravel/gym-reservas/vendor/laravel/framework/src/Illuminate/Cookie/Middleware/AddQueuedCookiesToResponse.php(37): Illuminate\\Pipeline\\Pipeline->Illuminate\\Pipeline\\{closure}()
#27 /var/www/vhosts/ieslamarisma.net/httpdocs/proyectos/2026/joseangelaquino/laravel/gym-reservas/vendor/laravel/framework/src/Illuminate/Pipeline/Pipeline.php(209): Illuminate\\Cookie\\Middleware\\AddQueuedCookiesToResponse->handle()
#28 /var/www/vhosts/ieslamarisma.net/httpdocs/proyectos/2026/joseangelaquino/laravel/gym-reservas/vendor/laravel/framework/src/Illuminate/Cookie/Middleware/EncryptCookies.php(75): Illuminate\\Pipeline\\Pipeline->Illuminate\\Pipeline\\{closure}()
#29 /var/www/vhosts/ieslamarisma.net/httpdocs/proyectos/2026/joseangelaquino/laravel/gym-reservas/vendor/laravel/framework/src/Illuminate/Pipeline/Pipeline.php(209): Illuminate\\Cookie\\Middleware\\EncryptCookies->handle()
#30 /var/www/vhosts/ieslamarisma.net/httpdocs/proyectos/2026/joseangelaquino/laravel/gym-reservas/vendor/laravel/framework/src/Illuminate/Pipeline/Pipeline.php(127): Illuminate\\Pipeline\\Pipeline->Illuminate\\Pipeline\\{closure}()
#31 /var/www/vhosts/ieslamarisma.net/httpdocs/proyectos/2026/joseangelaquino/laravel/gym-reservas/vendor/laravel/framework/src/Illuminate/Routing/Router.php(807): Illuminate\\Pipeline\\Pipeline->then()
#32 /var/www/vhosts/ieslamarisma.net/httpdocs/proyectos/2026/joseangelaquino/laravel/gym-reservas/vendor/laravel/framework/src/Illuminate/Routing/Router.php(786): Illuminate\\Routing\\Router->runRouteWithinStack()
#33 /var/www/vhosts/ieslamarisma.net/httpdocs/proyectos/2026/joseangelaquino/laravel/gym-reservas/vendor/laravel/framework/src/Illuminate/Routing/Router.php(750): Illuminate\\Routing\\Router->runRoute()
#34 /var/www/vhosts/ieslamarisma.net/httpdocs/proyectos/2026/joseangelaquino/laravel/gym-reservas/vendor/laravel/framework/src/Illuminate/Routing/Router.php(739): Illuminate\\Routing\\Router->dispatchToRoute()
#35 /var/www/vhosts/ieslamarisma.net/httpdocs/proyectos/2026/joseangelaquino/laravel/gym-reservas/vendor/laravel/framework/src/Illuminate/Foundation/Http/Kernel.php(201): Illuminate\\Routing\\Router->dispatch()
#36 /var/www/vhosts/ieslamarisma.net/httpdocs/proyectos/2026/joseangelaquino/laravel/gym-reservas/vendor/laravel/framework/src/Illuminate/Pipeline/Pipeline.php(170): Illuminate\\Foundation\\Http\\Kernel->Illuminate\\Foundation\\Http\\{closure}()
#37 /var/www/vhosts/ieslamarisma.net/httpdocs/proyectos/2026/joseangelaquino/laravel/gym-reservas/vendor/laravel/framework/src/Illuminate/Foundation/Http/Middleware/TransformsRequest.php(21): Illuminate\\Pipeline\\Pipeline->Illuminate\\Pipeline\\{closure}()
#38 /var/www/vhosts/ieslamarisma.net/httpdocs/proyectos/2026/joseangelaquino/laravel/gym-reservas/vendor/laravel/framework/src/Illuminate/Foundation/Http/Middleware/ConvertEmptyStringsToNull.php(31): Illuminate\\Foundation\\Http\\Middleware\\TransformsRequest->handle()
#39 /var/www/vhosts/ieslamarisma.net/httpdocs/proyectos/2026/joseangelaquino/laravel/gym-reservas/vendor/laravel/framework/src/Illuminate/Pipeline/Pipeline.php(209): Illuminate\\Foundation\\Http\\Middleware\\ConvertEmptyStringsToNull->handle()
#40 /var/www/vhosts/ieslamarisma.net/httpdocs/proyectos/2026/joseangelaquino/laravel/gym-reservas/vendor/laravel/framework/src/Illuminate/Foundation/Http/Middleware/TransformsRequest.php(21): Illuminate\\Pipeline\\Pipeline->Illuminate\\Pipeline\\{closure}()
#41 /var/www/vhosts/ieslamarisma.net/httpdocs/proyectos/2026/joseangelaquino/laravel/gym-reservas/vendor/laravel/framework/src/Illuminate/Foundation/Http/Middleware/TrimStrings.php(51): Illuminate\\Foundation\\Http\\Middleware\\TransformsRequest->handle()
#42 /var/www/vhosts/ieslamarisma.net/httpdocs/proyectos/2026/joseangelaquino/laravel/gym-reservas/vendor/laravel/framework/src/Illuminate/Pipeline/Pipeline.php(209): Illuminate\\Foundation\\Http\\Middleware\\TrimStrings->handle()
#43 /var/www/vhosts/ieslamarisma.net/httpdocs/proyectos/2026/joseangelaquino/laravel/gym-reservas/vendor/laravel/framework/src/Illuminate/Http/Middleware/ValidatePostSize.php(27): Illuminate\\Pipeline\\Pipeline->Illuminate\\Pipeline\\{closure}()
#44 /var/www/vhosts/ieslamarisma.net/httpdocs/proyectos/2026/joseangelaquino/laravel/gym-reservas/vendor/laravel/framework/src/Illuminate/Pipeline/Pipeline.php(209): Illuminate\\Http\\Middleware\\ValidatePostSize->handle()
#45 /var/www/vhosts/ieslamarisma.net/httpdocs/proyectos/2026/joseangelaquino/laravel/gym-reservas/vendor/laravel/framework/src/Illuminate/Foundation/Http/Middleware/PreventRequestsDuringMaintenance.php(110): Illuminate\\Pipeline\\Pipeline->Illuminate\\Pipeline\\{closure}()
#46 /var/www/vhosts/ieslamarisma.net/httpdocs/proyectos/2026/joseangelaquino/laravel/gym-reservas/vendor/laravel/framework/src/Illuminate/Pipeline/Pipeline.php(209): Illuminate\\Foundation\\Http\\Middleware\\PreventRequestsDuringMaintenance->handle()
#47 /var/www/vhosts/ieslamarisma.net/httpdocs/proyectos/2026/joseangelaquino/laravel/gym-reservas/vendor/laravel/framework/src/Illuminate/Http/Middleware/HandleCors.php(49): Illuminate\\Pipeline\\Pipeline->Illuminate\\Pipeline\\{closure}()
#48 /var/www/vhosts/ieslamarisma.net/httpdocs/proyectos/2026/joseangelaquino/laravel/gym-reservas/vendor/laravel/framework/src/Illuminate/Pipeline/Pipeline.php(209): Illuminate\\Http\\Middleware\\HandleCors->handle()
#49 /var/www/vhosts/ieslamarisma.net/httpdocs/proyectos/2026/joseangelaquino/laravel/gym-reservas/vendor/laravel/framework/src/Illuminate/Http/Middleware/TrustProxies.php(58): Illuminate\\Pipeline\\Pipeline->Illuminate\\Pipeline\\{closure}()
#50 /var/www/vhosts/ieslamarisma.net/httpdocs/proyectos/2026/joseangelaquino/laravel/gym-reservas/vendor/laravel/framework/src/Illuminate/Pipeline/Pipeline.php(209): Illuminate\\Http\\Middleware\\TrustProxies->handle()
#51 /var/www/vhosts/ieslamarisma.net/httpdocs/proyectos/2026/joseangelaquino/laravel/gym-reservas/vendor/laravel/framework/src/Illuminate/Foundation/Http/Middleware/InvokeDeferredCallbacks.php(22): Illuminate\\Pipeline\\Pipeline->Illuminate\\Pipeline\\{closure}()
#52 /var/www/vhosts/ieslamarisma.net/httpdocs/proyectos/2026/joseangelaquino/laravel/gym-reservas/vendor/laravel/framework/src/Illuminate/Pipeline/Pipeline.php(209): Illuminate\\Foundation\\Http\\Middleware\\InvokeDeferredCallbacks->handle()
#53 /var/www/vhosts/ieslamarisma.net/httpdocs/proyectos/2026/joseangelaquino/laravel/gym-reservas/vendor/laravel/framework/src/Illuminate/Pipeline/Pipeline.php(127): Illuminate\\Pipeline\\Pipeline->Illuminate\\Pipeline\\{closure}()
#54 /var/www/vhosts/ieslamarisma.net/httpdocs/proyectos/2026/joseangelaquino/laravel/gym-reservas/vendor/laravel/framework/src/Illuminate/Foundation/Http/Kernel.php(176): Illuminate\\Pipeline\\Pipeline->then()
#55 /var/www/vhosts/ieslamarisma.net/httpdocs/proyectos/2026/joseangelaquino/laravel/gym-reservas/vendor/laravel/framework/src/Illuminate/Foundation/Http/Kernel.php(145): Illuminate\\Foundation\\Http\\Kernel->sendRequestThroughRouter()
#56 /var/www/vhosts/ieslamarisma.net/httpdocs/proyectos/2026/joseangelaquino/laravel/gym-reservas/vendor/laravel/framework/src/Illuminate/Foundation/Application.php(1220): Illuminate\\Foundation\\Http\\Kernel->handle()
#57 /var/www/vhosts/ieslamarisma.net/httpdocs/proyectos/2026/joseangelaquino/laravel/gym-reservas/public/index.php(26): Illuminate\\Foundation\\Application->handleRequest()
#58 {main}

[previous exception] [object] (Symfony\\Component\\Routing\\Exception\\RouteNotFoundException(code: 0): Route [user.plan.update] not defined. at /var/www/vhosts/ieslamarisma.net/httpdocs/proyectos/2026/joseangelaquino/laravel/gym-reservas/vendor/laravel/framework/src/Illuminate/Routing/UrlGenerator.php:517)
[stacktrace]
#0 /var/www/vhosts/ieslamarisma.net/httpdocs/proyectos/2026/joseangelaquino/laravel/gym-reservas/vendor/laravel/framework/src/Illuminate/Foundation/helpers.php(853): Illuminate\\Routing\\UrlGenerator->route()
#1 /var/www/vhosts/ieslamarisma.net/httpdocs/proyectos/2026/joseangelaquino/laravel/gym-reservas/storage/framework/views/506ccdf95de7f49155cd5ee43982dba9.php(543): route()
#2 /var/www/vhosts/ieslamarisma.net/httpdocs/proyectos/2026/joseangelaquino/laravel/gym-reservas/vendor/laravel/framework/src/Illuminate/Filesystem/Filesystem.php(123): require('...')
#3 /var/www/vhosts/ieslamarisma.net/httpdocs/proyectos/2026/joseangelaquino/laravel/gym-reservas/vendor/laravel/framework/src/Illuminate/Filesystem/Filesystem.php(124): Illuminate\\Filesystem\\Filesystem::Illuminate\\Filesystem\\{closure}()
#4 /var/www/vhosts/ieslamarisma.net/httpdocs/proyectos/2026/joseangelaquino/laravel/gym-reservas/vendor/laravel/framework/src/Illuminate/View/Engines/PhpEngine.php(58): Illuminate\\Filesystem\\Filesystem->getRequire()
#5 /var/www/vhosts/ieslamarisma.net/httpdocs/proyectos/2026/joseangelaquino/laravel/gym-reservas/vendor/laravel/framework/src/Illuminate/View/Engines/CompilerEngine.php(75): Illuminate\\View\\Engines\\PhpEngine->evaluatePath()
#6 /var/www/vhosts/ieslamarisma.net/httpdocs/proyectos/2026/joseangelaquino/laravel/gym-reservas/vendor/laravel/framework/src/Illuminate/View/View.php(209): Illuminate\\View\\Engines\\CompilerEngine->get()
#7 /var/www/vhosts/ieslamarisma.net/httpdocs/proyectos/2026/joseangelaquino/laravel/gym-reservas/vendor/laravel/framework/src/Illuminate/View/View.php(192): Illuminate\\View\\View->getContents()
#8 /var/www/vhosts/ieslamarisma.net/httpdocs/proyectos/2026/joseangelaquino/laravel/gym-reservas/vendor/laravel/framework/src/Illuminate/View/View.php(161): Illuminate\\View\\View->renderContents()
#9 /var/www/vhosts/ieslamarisma.net/httpdocs/proyectos/2026/joseangelaquino/laravel/gym-reservas/vendor/laravel/framework/src/Illuminate/Http/Response.php(79): Illuminate\\View\\View->render()
#10 /var/www/vhosts/ieslamarisma.net/httpdocs/proyectos/2026/joseangelaquino/laravel/gym-reservas/vendor/laravel/framework/src/Illuminate/Http/Response.php(35): Illuminate\\Http\\Response->setContent()
#11 /var/www/vhosts/ieslamarisma.net/httpdocs/proyectos/2026/joseangelaquino/laravel/gym-reservas/vendor/laravel/framework/src/Illuminate/Routing/Router.php(920): Illuminate\\Http\\Response->__construct()
#12 /var/www/vhosts/ieslamarisma.net/httpdocs/proyectos/2026/joseangelaquino/laravel/gym-reservas/vendor/laravel/framework/src/Illuminate/Routing/Router.php(887): Illuminate\\Routing\\Router::toResponse()
#13 /var/www/vhosts/ieslamarisma.net/httpdocs/proyectos/2026/joseangelaquino/laravel/gym-reservas/vendor/laravel/framework/src/Illuminate/Routing/Router.php(807): Illuminate\\Routing\\Router->prepareResponse()
#14 /var/www/vhosts/ieslamarisma.net/httpdocs/proyectos/2026/joseangelaquino/laravel/gym-reservas/vendor/laravel/framework/src/Illuminate/Pipeline/Pipeline.php(170): Illuminate\\Routing\\Router->Illuminate\\Routing\\{closure}()
#15 /var/www/vhosts/ieslamarisma.net/httpdocs/proyectos/2026/joseangelaquino/laravel/gym-reservas/vendor/laravel/framework/src/Illuminate/Http/Middleware/AddLinkHeadersForPreloadedAssets.php(20): Illuminate\\Pipeline\\Pipeline->Illuminate\\Pipeline\\{closure}()
#16 /var/www/vhosts/ieslamarisma.net/httpdocs/proyectos/2026/joseangelaquino/laravel/gym-reservas/vendor/laravel/framework/src/Illuminate/Pipeline/Pipeline.php(209): Illuminate\\Http\\Middleware\\AddLinkHeadersForPreloadedAssets->handle()
#17 /var/www/vhosts/ieslamarisma.net/httpdocs/proyectos/2026/joseangelaquino/laravel/gym-reservas/vendor/inertiajs/inertia-laravel/src/Middleware.php(122): Illuminate\\Pipeline\\Pipeline->Illuminate\\Pipeline\\{closure}()
#18 /var/www/vhosts/ieslamarisma.net/httpdocs/proyectos/2026/joseangelaquino/laravel/gym-reservas/vendor/laravel/framework/src/Illuminate/Pipeline/Pipeline.php(209): Inertia\\Middleware->handle()
#19 /var/www/vhosts/ieslamarisma.net/httpdocs/proyectos/2026/joseangelaquino/laravel/gym-reservas/vendor/laravel/framework/src/Illuminate/Routing/Middleware/SubstituteBindings.php(51): Illuminate\\Pipeline\\Pipeline->Illuminate\\Pipeline\\{closure}()
#20 /var/www/vhosts/ieslamarisma.net/httpdocs/proyectos/2026/joseangelaquino/laravel/gym-reservas/vendor/laravel/framework/src/Illuminate/Pipeline/Pipeline.php(209): Illuminate\\Routing\\Middleware\\SubstituteBindings->handle()
#21 /var/www/vhosts/ieslamarisma.net/httpdocs/proyectos/2026/joseangelaquino/laravel/gym-reservas/vendor/laravel/framework/src/Illuminate/Auth/Middleware/Authenticate.php(64): Illuminate\\Pipeline\\Pipeline->Illuminate\\Pipeline\\{closure}()
#22 /var/www/vhosts/ieslamarisma.net/httpdocs/proyectos/2026/joseangelaquino/laravel/gym-reservas/vendor/laravel/framework/src/Illuminate/Pipeline/Pipeline.php(209): Illuminate\\Auth\\Middleware\\Authenticate->handle()
#23 /var/www/vhosts/ieslamarisma.net/httpdocs/proyectos/2026/joseangelaquino/laravel/gym-reservas/vendor/laravel/framework/src/Illuminate/Foundation/Http/Middleware/VerifyCsrfToken.php(88): Illuminate\\Pipeline\\Pipeline->Illuminate\\Pipeline\\{closure}()
#24 /var/www/vhosts/ieslamarisma.net/httpdocs/proyectos/2026/joseangelaquino/laravel/gym-reservas/vendor/laravel/framework/src/Illuminate/Pipeline/Pipeline.php(209): Illuminate\\Foundation\\Http\\Middleware\\VerifyCsrfToken->handle()
#25 /var/www/vhosts/ieslamarisma.net/httpdocs/proyectos/2026/joseangelaquino/laravel/gym-reservas/vendor/laravel/framework/src/Illuminate/View/Middleware/ShareErrorsFromSession.php(49): Illuminate\\Pipeline\\Pipeline->Illuminate\\Pipeline\\{closure}()
#26 /var/www/vhosts/ieslamarisma.net/httpdocs/proyectos/2026/joseangelaquino/laravel/gym-reservas/vendor/laravel/framework/src/Illuminate/Pipeline/Pipeline.php(209): Illuminate\\View\\Middleware\\ShareErrorsFromSession->handle()
#27 /var/www/vhosts/ieslamarisma.net/httpdocs/proyectos/2026/joseangelaquino/laravel/gym-reservas/vendor/laravel/framework/src/Illuminate/Session/Middleware/StartSession.php(121): Illuminate\\Pipeline\\Pipeline->Illuminate\\Pipeline\\{closure}()
#28 /var/www/vhosts/ieslamarisma.net/httpdocs/proyectos/2026/joseangelaquino/laravel/gym-reservas/vendor/laravel/framework/src/Illuminate/Session/Middleware/StartSession.php(64): Illuminate\\Session\\Middleware\\StartSession->handleStatefulRequest()
#29 /var/www/vhosts/ieslamarisma.net/httpdocs/proyectos/2026/joseangelaquino/laravel/gym-reservas/vendor/laravel/framework/src/Illuminate/Pipeline/Pipeline.php(209): Illuminate\\Session\\Middleware\\StartSession->handle()
#30 /var/www/vhosts/ieslamarisma.net/httpdocs/proyectos/2026/joseangelaquino/laravel/gym-reservas/vendor/laravel/framework/src/Illuminate/Cookie/Middleware/AddQueuedCookiesToResponse.php(37): Illuminate\\Pipeline\\Pipeline->Illuminate\\Pipeline\\{closure}()
#31 /var/www/vhosts/ieslamarisma.net/httpdocs/proyectos/2026/joseangelaquino/laravel/gym-reservas/vendor/laravel/framework/src/Illuminate/Pipeline/Pipeline.php(209): Illuminate\\Cookie\\Middleware\\AddQueuedCookiesToResponse->handle()
#32 /var/www/vhosts/ieslamarisma.net/httpdocs/proyectos/2026/joseangelaquino/laravel/gym-reservas/vendor/laravel/framework/src/Illuminate/Cookie/Middleware/EncryptCookies.php(75): Illuminate\\Pipeline\\Pipeline->Illuminate\\Pipeline\\{closure}()
#33 /var/www/vhosts/ieslamarisma.net/httpdocs/proyectos/2026/joseangelaquino/laravel/gym-reservas/vendor/laravel/framework/src/Illuminate/Pipeline/Pipeline.php(209): Illuminate\\Cookie\\Middleware\\EncryptCookies->handle()
#34 /var/www/vhosts/ieslamarisma.net/httpdocs/proyectos/2026/joseangelaquino/laravel/gym-reservas/vendor/laravel/framework/src/Illuminate/Pipeline/Pipeline.php(127): Illuminate\\Pipeline\\Pipeline->Illuminate\\Pipeline\\{closure}()
#35 /var/www/vhosts/ieslamarisma.net/httpdocs/proyectos/2026/joseangelaquino/laravel/gym-reservas/vendor/laravel/framework/src/Illuminate/Routing/Router.php(807): Illuminate\\Pipeline\\Pipeline->then()
#36 /var/www/vhosts/ieslamarisma.net/httpdocs/proyectos/2026/joseangelaquino/laravel/gym-reservas/vendor/laravel/framework/src/Illuminate/Routing/Router.php(786): Illuminate\\Routing\\Router->runRouteWithinStack()
#37 /var/www/vhosts/ieslamarisma.net/httpdocs/proyectos/2026/joseangelaquino/laravel/gym-reservas/vendor/laravel/framework/src/Illuminate/Routing/Router.php(750): Illuminate\\Routing\\Router->runRoute()
#38 /var/www/vhosts/ieslamarisma.net/httpdocs/proyectos/2026/joseangelaquino/laravel/gym-reservas/vendor/laravel/framework/src/Illuminate/Routing/Router.php(739): Illuminate\\Routing\\Router->dispatchToRoute()
#39 /var/www/vhosts/ieslamarisma.net/httpdocs/proyectos/2026/joseangelaquino/laravel/gym-reservas/vendor/laravel/framework/src/Illuminate/Foundation/Http/Kernel.php(201): Illuminate\\Routing\\Router->dispatch()
#40 /var/www/vhosts/ieslamarisma.net/httpdocs/proyectos/2026/joseangelaquino/laravel/gym-reservas/vendor/laravel/framework/src/Illuminate/Pipeline/Pipeline.php(170): Illuminate\\Foundation\\Http\\Kernel->Illuminate\\Foundation\\Http\\{closure}()
#41 /var/www/vhosts/ieslamarisma.net/httpdocs/proyectos/2026/joseangelaquino/laravel/gym-reservas/vendor/laravel/framework/src/Illuminate/Foundation/Http/Middleware/TransformsRequest.php(21): Illuminate\\Pipeline\\Pipeline->Illuminate\\Pipeline\\{closure}()
#42 /var/www/vhosts/ieslamarisma.net/httpdocs/proyectos/2026/joseangelaquino/laravel/gym-reservas/vendor/laravel/framework/src/Illuminate/Foundation/Http/Middleware/ConvertEmptyStringsToNull.php(31): Illuminate\\Foundation\\Http\\Middleware\\TransformsRequest->handle()
#43 /var/www/vhosts/ieslamarisma.net/httpdocs/proyectos/2026/joseangelaquino/laravel/gym-reservas/vendor/laravel/framework/src/Illuminate/Pipeline/Pipeline.php(209): Illuminate\\Foundation\\Http\\Middleware\\ConvertEmptyStringsToNull->handle()
#44 /var/www/vhosts/ieslamarisma.net/httpdocs/proyectos/2026/joseangelaquino/laravel/gym-reservas/vendor/laravel/framework/src/Illuminate/Foundation/Http/Middleware/TransformsRequest.php(21): Illuminate\\Pipeline\\Pipeline->Illuminate\\Pipeline\\{closure}()
#45 /var/www/vhosts/ieslamarisma.net/httpdocs/proyectos/2026/joseangelaquino/laravel/gym-reservas/vendor/laravel/framework/src/Illuminate/Foundation/Http/Middleware/TrimStrings.php(51): Illuminate\\Foundation\\Http\\Middleware\\TransformsRequest->handle()
#46 /var/www/vhosts/ieslamarisma.net/httpdocs/proyectos/2026/joseangelaquino/laravel/gym-reservas/vendor/laravel/framework/src/Illuminate/Pipeline/Pipeline.php(209): Illuminate\\Foundation\\Http\\Middleware\\TrimStrings->handle()
#47 /var/www/vhosts/ieslamarisma.net/httpdocs/proyectos/2026/joseangelaquino/laravel/gym-reservas/vendor/laravel/framework/src/Illuminate/Http/Middleware/ValidatePostSize.php(27): Illuminate\\Pipeline\\Pipeline->Illuminate\\Pipeline\\{closure}()
#48 /var/www/vhosts/ieslamarisma.net/httpdocs/proyectos/2026/joseangelaquino/laravel/gym-reservas/vendor/laravel/framework/src/Illuminate/Pipeline/Pipeline.php(209): Illuminate\\Http\\Middleware\\ValidatePostSize->handle()
#49 /var/www/vhosts/ieslamarisma.net/httpdocs/proyectos/2026/joseangelaquino/laravel/gym-reservas/vendor/laravel/framework/src/Illuminate/Foundation/Http/Middleware/PreventRequestsDuringMaintenance.php(110): Illuminate\\Pipeline\\Pipeline->Illuminate\\Pipeline\\{closure}()
#50 /var/www/vhosts/ieslamarisma.net/httpdocs/proyectos/2026/joseangelaquino/laravel/gym-reservas/vendor/laravel/framework/src/Illuminate/Pipeline/Pipeline.php(209): Illuminate\\Foundation\\Http\\Middleware\\PreventRequestsDuringMaintenance->handle()
#51 /var/www/vhosts/ieslamarisma.net/httpdocs/proyectos/2026/joseangelaquino/laravel/gym-reservas/vendor/laravel/framework/src/Illuminate/Http/Middleware/HandleCors.php(49): Illuminate\\Pipeline\\Pipeline->Illuminate\\Pipeline\\{closure}()
#52 /var/www/vhosts/ieslamarisma.net/httpdocs/proyectos/2026/joseangelaquino/laravel/gym-reservas/vendor/laravel/framework/src/Illuminate/Pipeline/Pipeline.php(209): Illuminate\\Http\\Middleware\\HandleCors->handle()
#53 /var/www/vhosts/ieslamarisma.net/httpdocs/proyectos/2026/joseangelaquino/laravel/gym-reservas/vendor/laravel/framework/src/Illuminate/Http/Middleware/TrustProxies.php(58): Illuminate\\Pipeline\\Pipeline->Illuminate\\Pipeline\\{closure}()
#54 /var/www/vhosts/ieslamarisma.net/httpdocs/proyectos/2026/joseangelaquino/laravel/gym-reservas/vendor/laravel/framework/src/Illuminate/Pipeline/Pipeline.php(209): Illuminate\\Http\\Middleware\\TrustProxies->handle()
#55 /var/www/vhosts/ieslamarisma.net/httpdocs/proyectos/2026/joseangelaquino/laravel/gym-reservas/vendor/laravel/framework/src/Illuminate/Foundation/Http/Middleware/InvokeDeferredCallbacks.php(22): Illuminate\\Pipeline\\Pipeline->Illuminate\\Pipeline\\{closure}()
#56 /var/www/vhosts/ieslamarisma.net/httpdocs/proyectos/2026/joseangelaquino/laravel/gym-reservas/vendor/laravel/framework/src/Illuminate/Pipeline/Pipeline.php(209): Illuminate\\Foundation\\Http\\Middleware\\InvokeDeferredCallbacks->handle()
#57 /var/www/vhosts/ieslamarisma.net/httpdocs/proyectos/2026/joseangelaquino/laravel/gym-reservas/vendor/laravel/framework/src/Illuminate/Pipeline/Pipeline.php(127): Illuminate\\Pipeline\\Pipeline->Illuminate\\Pipeline\\{closure}()
#58 /var/www/vhosts/ieslamarisma.net/httpdocs/proyectos/2026/joseangelaquino/laravel/gym-reservas/vendor/laravel/framework/src/Illuminate/Foundation/Http/Kernel.php(176): Illuminate\\Pipeline\\Pipeline->then()
#59 /var/www/vhosts/ieslamarisma.net/httpdocs/proyectos/2026/joseangelaquino/laravel/gym-reservas/vendor/laravel/framework/src/Illuminate/Foundation/Http/Kernel.php(145): Illuminate\\Foundation\\Http\\Kernel->sendRequestThroughRouter()
#60 /var/www/vhosts/ieslamarisma.net/httpdocs/proyectos/2026/joseangelaquino/laravel/gym-reservas/vendor/laravel/framework/src/Illuminate/Foundation/Application.php(1220): Illuminate\\Foundation\\Http\\Kernel->handle()
#61 /var/www/vhosts/ieslamarisma.net/httpdocs/proyectos/2026/joseangelaquino/laravel/gym-reservas/public/index.php(26): Illuminate\\Foundation\\Application->handleRequest()
#62 {main}
"} 
[2026-04-12 18:31:04] production.ERROR: Login fallido: These credentials do not match our records.  
[2026-04-12 18:31:17] production.ERROR: Login fallido: These credentials do not match our records.  
[2026-04-12 18:31:35] production.ERROR: Login fallido: These credentials do not match our records.  
[2026-04-12 18:42:29] production.ERROR: Login fallido: These credentials do not match our records.  
[2026-04-12 18:42:46] production.ERROR: Login fallido: These credentials do not match our records.  
[2026-04-12 19:18:59] production.ERROR: Undefined variable $weeklyLimit (View: /var/www/vhosts/ieslamarisma.net/httpdocs/proyectos/2026/joseangelaquino/laravel/gym-reservas/resources/views/dashboard.blade.php) {"userId":19,"exception":"[object] (Illuminate\\View\\ViewException(code: 0): Undefined variable $weeklyLimit (View: /var/www/vhosts/ieslamarisma.net/httpdocs/proyectos/2026/joseangelaquino/laravel/gym-reservas/resources/views/dashboard.blade.php) at /var/www/vhosts/ieslamarisma.net/httpdocs/proyectos/2026/joseangelaquino/laravel/gym-reservas/storage/framework/views/506ccdf95de7f49155cd5ee43982dba9.php:509)
[stacktrace]
#0 /var/www/vhosts/ieslamarisma.net/httpdocs/proyectos/2026/joseangelaquino/laravel/gym-reservas/vendor/laravel/framework/src/Illuminate/View/Engines/PhpEngine.php(60): Illuminate\\View\\Engines\\CompilerEngine->handleViewException()
#1 /var/www/vhosts/ieslamarisma.net/httpdocs/proyectos/2026/joseangelaquino/laravel/gym-reservas/vendor/laravel/framework/src/Illuminate/View/Engines/CompilerEngine.php(75): Illuminate\\View\\Engines\\PhpEngine->evaluatePath()
#2 /var/www/vhosts/ieslamarisma.net/httpdocs/proyectos/2026/joseangelaquino/laravel/gym-reservas/vendor/laravel/framework/src/Illuminate/View/View.php(209): Illuminate\\View\\Engines\\CompilerEngine->get()
#3 /var/www/vhosts/ieslamarisma.net/httpdocs/proyectos/2026/joseangelaquino/laravel/gym-reservas/vendor/laravel/framework/src/Illuminate/View/View.php(192): Illuminate\\View\\View->getContents()
#4 /var/www/vhosts/ieslamarisma.net/httpdocs/proyectos/2026/joseangelaquino/laravel/gym-reservas/vendor/laravel/framework/src/Illuminate/View/View.php(161): Illuminate\\View\\View->renderContents()
#5 /var/www/vhosts/ieslamarisma.net/httpdocs/proyectos/2026/joseangelaquino/laravel/gym-reservas/vendor/laravel/framework/src/Illuminate/Http/Response.php(79): Illuminate\\View\\View->render()
#6 /var/www/vhosts/ieslamarisma.net/httpdocs/proyectos/2026/joseangelaquino/laravel/gym-reservas/vendor/laravel/framework/src/Illuminate/Http/Response.php(35): Illuminate\\Http\\Response->setContent()
#7 /var/www/vhosts/ieslamarisma.net/httpdocs/proyectos/2026/joseangelaquino/laravel/gym-reservas/vendor/laravel/framework/src/Illuminate/Routing/Router.php(920): Illuminate\\Http\\Response->__construct()
#8 /var/www/vhosts/ieslamarisma.net/httpdocs/proyectos/2026/joseangelaquino/laravel/gym-reservas/vendor/laravel/framework/src/Illuminate/Routing/Router.php(887): Illuminate\\Routing\\Router::toResponse()
#9 /var/www/vhosts/ieslamarisma.net/httpdocs/proyectos/2026/joseangelaquino/laravel/gym-reservas/vendor/laravel/framework/src/Illuminate/Routing/Router.php(807): Illuminate\\Routing\\Router->prepareResponse()
#10 /var/www/vhosts/ieslamarisma.net/httpdocs/proyectos/2026/joseangelaquino/laravel/gym-reservas/vendor/laravel/framework/src/Illuminate/Pipeline/Pipeline.php(170): Illuminate\\Routing\\Router->Illuminate\\Routing\\{closure}()
#11 /var/www/vhosts/ieslamarisma.net/httpdocs/proyectos/2026/joseangelaquino/laravel/gym-reservas/vendor/laravel/framework/src/Illuminate/Http/Middleware/AddLinkHeadersForPreloadedAssets.php(20): Illuminate\\Pipeline\\Pipeline->Illuminate\\Pipeline\\{closure}()
#12 /var/www/vhosts/ieslamarisma.net/httpdocs/proyectos/2026/joseangelaquino/laravel/gym-reservas/vendor/laravel/framework/src/Illuminate/Pipeline/Pipeline.php(209): Illuminate\\Http\\Middleware\\AddLinkHeadersForPreloadedAssets->handle()
#13 /var/www/vhosts/ieslamarisma.net/httpdocs/proyectos/2026/joseangelaquino/laravel/gym-reservas/vendor/inertiajs/inertia-laravel/src/Middleware.php(122): Illuminate\\Pipeline\\Pipeline->Illuminate\\Pipeline\\{closure}()
#14 /var/www/vhosts/ieslamarisma.net/httpdocs/proyectos/2026/joseangelaquino/laravel/gym-reservas/vendor/laravel/framework/src/Illuminate/Pipeline/Pipeline.php(209): Inertia\\Middleware->handle()
#15 /var/www/vhosts/ieslamarisma.net/httpdocs/proyectos/2026/joseangelaquino/laravel/gym-reservas/vendor/laravel/framework/src/Illuminate/Routing/Middleware/SubstituteBindings.php(51): Illuminate\\Pipeline\\Pipeline->Illuminate\\Pipeline\\{closure}()
#16 /var/www/vhosts/ieslamarisma.net/httpdocs/proyectos/2026/joseangelaquino/laravel/gym-reservas/vendor/laravel/framework/src/Illuminate/Pipeline/Pipeline.php(209): Illuminate\\Routing\\Middleware\\SubstituteBindings->handle()
#17 /var/www/vhosts/ieslamarisma.net/httpdocs/proyectos/2026/joseangelaquino/laravel/gym-reservas/vendor/laravel/framework/src/Illuminate/Auth/Middleware/Authenticate.php(64): Illuminate\\Pipeline\\Pipeline->Illuminate\\Pipeline\\{closure}()
#18 /var/www/vhosts/ieslamarisma.net/httpdocs/proyectos/2026/joseangelaquino/laravel/gym-reservas/vendor/laravel/framework/src/Illuminate/Pipeline/Pipeline.php(209): Illuminate\\Auth\\Middleware\\Authenticate->handle()
#19 /var/www/vhosts/ieslamarisma.net/httpdocs/proyectos/2026/joseangelaquino/laravel/gym-reservas/vendor/laravel/framework/src/Illuminate/Foundation/Http/Middleware/VerifyCsrfToken.php(88): Illuminate\\Pipeline\\Pipeline->Illuminate\\Pipeline\\{closure}()
#20 /var/www/vhosts/ieslamarisma.net/httpdocs/proyectos/2026/joseangelaquino/laravel/gym-reservas/vendor/laravel/framework/src/Illuminate/Pipeline/Pipeline.php(209): Illuminate\\Foundation\\Http\\Middleware\\VerifyCsrfToken->handle()
#21 /var/www/vhosts/ieslamarisma.net/httpdocs/proyectos/2026/joseangelaquino/laravel/gym-reservas/vendor/laravel/framework/src/Illuminate/View/Middleware/ShareErrorsFromSession.php(49): Illuminate\\Pipeline\\Pipeline->Illuminate\\Pipeline\\{closure}()
#22 /var/www/vhosts/ieslamarisma.net/httpdocs/proyectos/2026/joseangelaquino/laravel/gym-reservas/vendor/laravel/framework/src/Illuminate/Pipeline/Pipeline.php(209): Illuminate\\View\\Middleware\\ShareErrorsFromSession->handle()
#23 /var/www/vhosts/ieslamarisma.net/httpdocs/proyectos/2026/joseangelaquino/laravel/gym-reservas/vendor/laravel/framework/src/Illuminate/Session/Middleware/StartSession.php(121): Illuminate\\Pipeline\\Pipeline->Illuminate\\Pipeline\\{closure}()
#24 /var/www/vhosts/ieslamarisma.net/httpdocs/proyectos/2026/joseangelaquino/laravel/gym-reservas/vendor/laravel/framework/src/Illuminate/Session/Middleware/StartSession.php(64): Illuminate\\Session\\Middleware\\StartSession->handleStatefulRequest()
#25 /var/www/vhosts/ieslamarisma.net/httpdocs/proyectos/2026/joseangelaquino/laravel/gym-reservas/vendor/laravel/framework/src/Illuminate/Pipeline/Pipeline.php(209): Illuminate\\Session\\Middleware\\StartSession->handle()
#26 /var/www/vhosts/ieslamarisma.net/httpdocs/proyectos/2026/joseangelaquino/laravel/gym-reservas/vendor/laravel/framework/src/Illuminate/Cookie/Middleware/AddQueuedCookiesToResponse.php(37): Illuminate\\Pipeline\\Pipeline->Illuminate\\Pipeline\\{closure}()
#27 /var/www/vhosts/ieslamarisma.net/httpdocs/proyectos/2026/joseangelaquino/laravel/gym-reservas/vendor/laravel/framework/src/Illuminate/Pipeline/Pipeline.php(209): Illuminate\\Cookie\\Middleware\\AddQueuedCookiesToResponse->handle()
#28 /var/www/vhosts/ieslamarisma.net/httpdocs/proyectos/2026/joseangelaquino/laravel/gym-reservas/vendor/laravel/framework/src/Illuminate/Cookie/Middleware/EncryptCookies.php(75): Illuminate\\Pipeline\\Pipeline->Illuminate\\Pipeline\\{closure}()
#29 /var/www/vhosts/ieslamarisma.net/httpdocs/proyectos/2026/joseangelaquino/laravel/gym-reservas/vendor/laravel/framework/src/Illuminate/Pipeline/Pipeline.php(209): Illuminate\\Cookie\\Middleware\\EncryptCookies->handle()
#30 /var/www/vhosts/ieslamarisma.net/httpdocs/proyectos/2026/joseangelaquino/laravel/gym-reservas/vendor/laravel/framework/src/Illuminate/Pipeline/Pipeline.php(127): Illuminate\\Pipeline\\Pipeline->Illuminate\\Pipeline\\{closure}()
#31 /var/www/vhosts/ieslamarisma.net/httpdocs/proyectos/2026/joseangelaquino/laravel/gym-reservas/vendor/laravel/framework/src/Illuminate/Routing/Router.php(807): Illuminate\\Pipeline\\Pipeline->then()
#32 /var/www/vhosts/ieslamarisma.net/httpdocs/proyectos/2026/joseangelaquino/laravel/gym-reservas/vendor/laravel/framework/src/Illuminate/Routing/Router.php(786): Illuminate\\Routing\\Router->runRouteWithinStack()
#33 /var/www/vhosts/ieslamarisma.net/httpdocs/proyectos/2026/joseangelaquino/laravel/gym-reservas/vendor/laravel/framework/src/Illuminate/Routing/Router.php(750): Illuminate\\Routing\\Router->runRoute()
#34 /var/www/vhosts/ieslamarisma.net/httpdocs/proyectos/2026/joseangelaquino/laravel/gym-reservas/vendor/laravel/framework/src/Illuminate/Routing/Router.php(739): Illuminate\\Routing\\Router->dispatchToRoute()
#35 /var/www/vhosts/ieslamarisma.net/httpdocs/proyectos/2026/joseangelaquino/laravel/gym-reservas/vendor/laravel/framework/src/Illuminate/Foundation/Http/Kernel.php(201): Illuminate\\Routing\\Router->dispatch()
#36 /var/www/vhosts/ieslamarisma.net/httpdocs/proyectos/2026/joseangelaquino/laravel/gym-reservas/vendor/laravel/framework/src/Illuminate/Pipeline/Pipeline.php(170): Illuminate\\Foundation\\Http\\Kernel->Illuminate\\Foundation\\Http\\{closure}()
#37 /var/www/vhosts/ieslamarisma.net/httpdocs/proyectos/2026/joseangelaquino/laravel/gym-reservas/vendor/laravel/framework/src/Illuminate/Foundation/Http/Middleware/TransformsRequest.php(21): Illuminate\\Pipeline\\Pipeline->Illuminate\\Pipeline\\{closure}()
#38 /var/www/vhosts/ieslamarisma.net/httpdocs/proyectos/2026/joseangelaquino/laravel/gym-reservas/vendor/laravel/framework/src/Illuminate/Foundation/Http/Middleware/ConvertEmptyStringsToNull.php(31): Illuminate\\Foundation\\Http\\Middleware\\TransformsRequest->handle()
#39 /var/www/vhosts/ieslamarisma.net/httpdocs/proyectos/2026/joseangelaquino/laravel/gym-reservas/vendor/laravel/framework/src/Illuminate/Pipeline/Pipeline.php(209): Illuminate\\Foundation\\Http\\Middleware\\ConvertEmptyStringsToNull->handle()
#40 /var/www/vhosts/ieslamarisma.net/httpdocs/proyectos/2026/joseangelaquino/laravel/gym-reservas/vendor/laravel/framework/src/Illuminate/Foundation/Http/Middleware/TransformsRequest.php(21): Illuminate\\Pipeline\\Pipeline->Illuminate\\Pipeline\\{closure}()
#41 /var/www/vhosts/ieslamarisma.net/httpdocs/proyectos/2026/joseangelaquino/laravel/gym-reservas/vendor/laravel/framework/src/Illuminate/Foundation/Http/Middleware/TrimStrings.php(51): Illuminate\\Foundation\\Http\\Middleware\\TransformsRequest->handle()
#42 /var/www/vhosts/ieslamarisma.net/httpdocs/proyectos/2026/joseangelaquino/laravel/gym-reservas/vendor/laravel/framework/src/Illuminate/Pipeline/Pipeline.php(209): Illuminate\\Foundation\\Http\\Middleware\\TrimStrings->handle()
#43 /var/www/vhosts/ieslamarisma.net/httpdocs/proyectos/2026/joseangelaquino/laravel/gym-reservas/vendor/laravel/framework/src/Illuminate/Http/Middleware/ValidatePostSize.php(27): Illuminate\\Pipeline\\Pipeline->Illuminate\\Pipeline\\{closure}()
#44 /var/www/vhosts/ieslamarisma.net/httpdocs/proyectos/2026/joseangelaquino/laravel/gym-reservas/vendor/laravel/framework/src/Illuminate/Pipeline/Pipeline.php(209): Illuminate\\Http\\Middleware\\ValidatePostSize->handle()
#45 /var/www/vhosts/ieslamarisma.net/httpdocs/proyectos/2026/joseangelaquino/laravel/gym-reservas/vendor/laravel/framework/src/Illuminate/Foundation/Http/Middleware/PreventRequestsDuringMaintenance.php(110): Illuminate\\Pipeline\\Pipeline->Illuminate\\Pipeline\\{closure}()
#46 /var/www/vhosts/ieslamarisma.net/httpdocs/proyectos/2026/joseangelaquino/laravel/gym-reservas/vendor/laravel/framework/src/Illuminate/Pipeline/Pipeline.php(209): Illuminate\\Foundation\\Http\\Middleware\\PreventRequestsDuringMaintenance->handle()
#47 /var/www/vhosts/ieslamarisma.net/httpdocs/proyectos/2026/joseangelaquino/laravel/gym-reservas/vendor/laravel/framework/src/Illuminate/Http/Middleware/HandleCors.php(49): Illuminate\\Pipeline\\Pipeline->Illuminate\\Pipeline\\{closure}()
#48 /var/www/vhosts/ieslamarisma.net/httpdocs/proyectos/2026/joseangelaquino/laravel/gym-reservas/vendor/laravel/framework/src/Illuminate/Pipeline/Pipeline.php(209): Illuminate\\Http\\Middleware\\HandleCors->handle()
#49 /var/www/vhosts/ieslamarisma.net/httpdocs/proyectos/2026/joseangelaquino/laravel/gym-reservas/vendor/laravel/framework/src/Illuminate/Http/Middleware/TrustProxies.php(58): Illuminate\\Pipeline\\Pipeline->Illuminate\\Pipeline\\{closure}()
#50 /var/www/vhosts/ieslamarisma.net/httpdocs/proyectos/2026/joseangelaquino/laravel/gym-reservas/vendor/laravel/framework/src/Illuminate/Pipeline/Pipeline.php(209): Illuminate\\Http\\Middleware\\TrustProxies->handle()
#51 /var/www/vhosts/ieslamarisma.net/httpdocs/proyectos/2026/joseangelaquino/laravel/gym-reservas/vendor/laravel/framework/src/Illuminate/Foundation/Http/Middleware/InvokeDeferredCallbacks.php(22): Illuminate\\Pipeline\\Pipeline->Illuminate\\Pipeline\\{closure}()
#52 /var/www/vhosts/ieslamarisma.net/httpdocs/proyectos/2026/joseangelaquino/laravel/gym-reservas/vendor/laravel/framework/src/Illuminate/Pipeline/Pipeline.php(209): Illuminate\\Foundation\\Http\\Middleware\\InvokeDeferredCallbacks->handle()
#53 /var/www/vhosts/ieslamarisma.net/httpdocs/proyectos/2026/joseangelaquino/laravel/gym-reservas/vendor/laravel/framework/src/Illuminate/Pipeline/Pipeline.php(127): Illuminate\\Pipeline\\Pipeline->Illuminate\\Pipeline\\{closure}()
#54 /var/www/vhosts/ieslamarisma.net/httpdocs/proyectos/2026/joseangelaquino/laravel/gym-reservas/vendor/laravel/framework/src/Illuminate/Foundation/Http/Kernel.php(176): Illuminate\\Pipeline\\Pipeline->then()
#55 /var/www/vhosts/ieslamarisma.net/httpdocs/proyectos/2026/joseangelaquino/laravel/gym-reservas/vendor/laravel/framework/src/Illuminate/Foundation/Http/Kernel.php(145): Illuminate\\Foundation\\Http\\Kernel->sendRequestThroughRouter()
#56 /var/www/vhosts/ieslamarisma.net/httpdocs/proyectos/2026/joseangelaquino/laravel/gym-reservas/vendor/laravel/framework/src/Illuminate/Foundation/Application.php(1220): Illuminate\\Foundation\\Http\\Kernel->handle()
#57 /var/www/vhosts/ieslamarisma.net/httpdocs/proyectos/2026/joseangelaquino/laravel/gym-reservas/public/index.php(26): Illuminate\\Foundation\\Application->handleRequest()
#58 {main}

[previous exception] [object] (ErrorException(code: 0): Undefined variable $weeklyLimit at /var/www/vhosts/ieslamarisma.net/httpdocs/proyectos/2026/joseangelaquino/laravel/gym-reservas/storage/framework/views/506ccdf95de7f49155cd5ee43982dba9.php:509)
[stacktrace]
#0 /var/www/vhosts/ieslamarisma.net/httpdocs/proyectos/2026/joseangelaquino/laravel/gym-reservas/vendor/laravel/framework/src/Illuminate/Foundation/Bootstrap/HandleExceptions.php(258): Illuminate\\Foundation\\Bootstrap\\HandleExceptions->handleError()
#1 /var/www/vhosts/ieslamarisma.net/httpdocs/proyectos/2026/joseangelaquino/laravel/gym-reservas/storage/framework/views/506ccdf95de7f49155cd5ee43982dba9.php(509): Illuminate\\Foundation\\Bootstrap\\HandleExceptions->Illuminate\\Foundation\\Bootstrap\\{closure}()
#2 /var/www/vhosts/ieslamarisma.net/httpdocs/proyectos/2026/joseangelaquino/laravel/gym-reservas/vendor/laravel/framework/src/Illuminate/Filesystem/Filesystem.php(123): require('...')
#3 /var/www/vhosts/ieslamarisma.net/httpdocs/proyectos/2026/joseangelaquino/laravel/gym-reservas/vendor/laravel/framework/src/Illuminate/Filesystem/Filesystem.php(124): Illuminate\\Filesystem\\Filesystem::Illuminate\\Filesystem\\{closure}()
#4 /var/www/vhosts/ieslamarisma.net/httpdocs/proyectos/2026/joseangelaquino/laravel/gym-reservas/vendor/laravel/framework/src/Illuminate/View/Engines/PhpEngine.php(58): Illuminate\\Filesystem\\Filesystem->getRequire()
#5 /var/www/vhosts/ieslamarisma.net/httpdocs/proyectos/2026/joseangelaquino/laravel/gym-reservas/vendor/laravel/framework/src/Illuminate/View/Engines/CompilerEngine.php(75): Illuminate\\View\\Engines\\PhpEngine->evaluatePath()
#6 /var/www/vhosts/ieslamarisma.net/httpdocs/proyectos/2026/joseangelaquino/laravel/gym-reservas/vendor/laravel/framework/src/Illuminate/View/View.php(209): Illuminate\\View\\Engines\\CompilerEngine->get()
#7 /var/www/vhosts/ieslamarisma.net/httpdocs/proyectos/2026/joseangelaquino/laravel/gym-reservas/vendor/laravel/framework/src/Illuminate/View/View.php(192): Illuminate\\View\\View->getContents()
#8 /var/www/vhosts/ieslamarisma.net/httpdocs/proyectos/2026/joseangelaquino/laravel/gym-reservas/vendor/laravel/framework/src/Illuminate/View/View.php(161): Illuminate\\View\\View->renderContents()
#9 /var/www/vhosts/ieslamarisma.net/httpdocs/proyectos/2026/joseangelaquino/laravel/gym-reservas/vendor/laravel/framework/src/Illuminate/Http/Response.php(79): Illuminate\\View\\View->render()
#10 /var/www/vhosts/ieslamarisma.net/httpdocs/proyectos/2026/joseangelaquino/laravel/gym-reservas/vendor/laravel/framework/src/Illuminate/Http/Response.php(35): Illuminate\\Http\\Response->setContent()
#11 /var/www/vhosts/ieslamarisma.net/httpdocs/proyectos/2026/joseangelaquino/laravel/gym-reservas/vendor/laravel/framework/src/Illuminate/Routing/Router.php(920): Illuminate\\Http\\Response->__construct()
#12 /var/www/vhosts/ieslamarisma.net/httpdocs/proyectos/2026/joseangelaquino/laravel/gym-reservas/vendor/laravel/framework/src/Illuminate/Routing/Router.php(887): Illuminate\\Routing\\Router::toResponse()
#13 /var/www/vhosts/ieslamarisma.net/httpdocs/proyectos/2026/joseangelaquino/laravel/gym-reservas/vendor/laravel/framework/src/Illuminate/Routing/Router.php(807): Illuminate\\Routing\\Router->prepareResponse()
#14 /var/www/vhosts/ieslamarisma.net/httpdocs/proyectos/2026/joseangelaquino/laravel/gym-reservas/vendor/laravel/framework/src/Illuminate/Pipeline/Pipeline.php(170): Illuminate\\Routing\\Router->Illuminate\\Routing\\{closure}()
#15 /var/www/vhosts/ieslamarisma.net/httpdocs/proyectos/2026/joseangelaquino/laravel/gym-reservas/vendor/laravel/framework/src/Illuminate/Http/Middleware/AddLinkHeadersForPreloadedAssets.php(20): Illuminate\\Pipeline\\Pipeline->Illuminate\\Pipeline\\{closure}()
#16 /var/www/vhosts/ieslamarisma.net/httpdocs/proyectos/2026/joseangelaquino/laravel/gym-reservas/vendor/laravel/framework/src/Illuminate/Pipeline/Pipeline.php(209): Illuminate\\Http\\Middleware\\AddLinkHeadersForPreloadedAssets->handle()
#17 /var/www/vhosts/ieslamarisma.net/httpdocs/proyectos/2026/joseangelaquino/laravel/gym-reservas/vendor/inertiajs/inertia-laravel/src/Middleware.php(122): Illuminate\\Pipeline\\Pipeline->Illuminate\\Pipeline\\{closure}()
#18 /var/www/vhosts/ieslamarisma.net/httpdocs/proyectos/2026/joseangelaquino/laravel/gym-reservas/vendor/laravel/framework/src/Illuminate/Pipeline/Pipeline.php(209): Inertia\\Middleware->handle()
#19 /var/www/vhosts/ieslamarisma.net/httpdocs/proyectos/2026/joseangelaquino/laravel/gym-reservas/vendor/laravel/framework/src/Illuminate/Routing/Middleware/SubstituteBindings.php(51): Illuminate\\Pipeline\\Pipeline->Illuminate\\Pipeline\\{closure}()
#20 /var/www/vhosts/ieslamarisma.net/httpdocs/proyectos/2026/joseangelaquino/laravel/gym-reservas/vendor/laravel/framework/src/Illuminate/Pipeline/Pipeline.php(209): Illuminate\\Routing\\Middleware\\SubstituteBindings->handle()
#21 /var/www/vhosts/ieslamarisma.net/httpdocs/proyectos/2026/joseangelaquino/laravel/gym-reservas/vendor/laravel/framework/src/Illuminate/Auth/Middleware/Authenticate.php(64): Illuminate\\Pipeline\\Pipeline->Illuminate\\Pipeline\\{closure}()
#22 /var/www/vhosts/ieslamarisma.net/httpdocs/proyectos/2026/joseangelaquino/laravel/gym-reservas/vendor/laravel/framework/src/Illuminate/Pipeline/Pipeline.php(209): Illuminate\\Auth\\Middleware\\Authenticate->handle()
#23 /var/www/vhosts/ieslamarisma.net/httpdocs/proyectos/2026/joseangelaquino/laravel/gym-reservas/vendor/laravel/framework/src/Illuminate/Foundation/Http/Middleware/VerifyCsrfToken.php(88): Illuminate\\Pipeline\\Pipeline->Illuminate\\Pipeline\\{closure}()
#24 /var/www/vhosts/ieslamarisma.net/httpdocs/proyectos/2026/joseangelaquino/laravel/gym-reservas/vendor/laravel/framework/src/Illuminate/Pipeline/Pipeline.php(209): Illuminate\\Foundation\\Http\\Middleware\\VerifyCsrfToken->handle()
#25 /var/www/vhosts/ieslamarisma.net/httpdocs/proyectos/2026/joseangelaquino/laravel/gym-reservas/vendor/laravel/framework/src/Illuminate/View/Middleware/ShareErrorsFromSession.php(49): Illuminate\\Pipeline\\Pipeline->Illuminate\\Pipeline\\{closure}()
#26 /var/www/vhosts/ieslamarisma.net/httpdocs/proyectos/2026/joseangelaquino/laravel/gym-reservas/vendor/laravel/framework/src/Illuminate/Pipeline/Pipeline.php(209): Illuminate\\View\\Middleware\\ShareErrorsFromSession->handle()
#27 /var/www/vhosts/ieslamarisma.net/httpdocs/proyectos/2026/joseangelaquino/laravel/gym-reservas/vendor/laravel/framework/src/Illuminate/Session/Middleware/StartSession.php(121): Illuminate\\Pipeline\\Pipeline->Illuminate\\Pipeline\\{closure}()
#28 /var/www/vhosts/ieslamarisma.net/httpdocs/proyectos/2026/joseangelaquino/laravel/gym-reservas/vendor/laravel/framework/src/Illuminate/Session/Middleware/StartSession.php(64): Illuminate\\Session\\Middleware\\StartSession->handleStatefulRequest()
#29 /var/www/vhosts/ieslamarisma.net/httpdocs/proyectos/2026/joseangelaquino/laravel/gym-reservas/vendor/laravel/framework/src/Illuminate/Pipeline/Pipeline.php(209): Illuminate\\Session\\Middleware\\StartSession->handle()
#30 /var/www/vhosts/ieslamarisma.net/httpdocs/proyectos/2026/joseangelaquino/laravel/gym-reservas/vendor/laravel/framework/src/Illuminate/Cookie/Middleware/AddQueuedCookiesToResponse.php(37): Illuminate\\Pipeline\\Pipeline->Illuminate\\Pipeline\\{closure}()
#31 /var/www/vhosts/ieslamarisma.net/httpdocs/proyectos/2026/joseangelaquino/laravel/gym-reservas/vendor/laravel/framework/src/Illuminate/Pipeline/Pipeline.php(209): Illuminate\\Cookie\\Middleware\\AddQueuedCookiesToResponse->handle()
#32 /var/www/vhosts/ieslamarisma.net/httpdocs/proyectos/2026/joseangelaquino/laravel/gym-reservas/vendor/laravel/framework/src/Illuminate/Cookie/Middleware/EncryptCookies.php(75): Illuminate\\Pipeline\\Pipeline->Illuminate\\Pipeline\\{closure}()
#33 /var/www/vhosts/ieslamarisma.net/httpdocs/proyectos/2026/joseangelaquino/laravel/gym-reservas/vendor/laravel/framework/src/Illuminate/Pipeline/Pipeline.php(209): Illuminate\\Cookie\\Middleware\\EncryptCookies->handle()
#34 /var/www/vhosts/ieslamarisma.net/httpdocs/proyectos/2026/joseangelaquino/laravel/gym-reservas/vendor/laravel/framework/src/Illuminate/Pipeline/Pipeline.php(127): Illuminate\\Pipeline\\Pipeline->Illuminate\\Pipeline\\{closure}()
#35 /var/www/vhosts/ieslamarisma.net/httpdocs/proyectos/2026/joseangelaquino/laravel/gym-reservas/vendor/laravel/framework/src/Illuminate/Routing/Router.php(807): Illuminate\\Pipeline\\Pipeline->then()
#36 /var/www/vhosts/ieslamarisma.net/httpdocs/proyectos/2026/joseangelaquino/laravel/gym-reservas/vendor/laravel/framework/src/Illuminate/Routing/Router.php(786): Illuminate\\Routing\\Router->runRouteWithinStack()
#37 /var/www/vhosts/ieslamarisma.net/httpdocs/proyectos/2026/joseangelaquino/laravel/gym-reservas/vendor/laravel/framework/src/Illuminate/Routing/Router.php(750): Illuminate\\Routing\\Router->runRoute()
#38 /var/www/vhosts/ieslamarisma.net/httpdocs/proyectos/2026/joseangelaquino/laravel/gym-reservas/vendor/laravel/framework/src/Illuminate/Routing/Router.php(739): Illuminate\\Routing\\Router->dispatchToRoute()
#39 /var/www/vhosts/ieslamarisma.net/httpdocs/proyectos/2026/joseangelaquino/laravel/gym-reservas/vendor/laravel/framework/src/Illuminate/Foundation/Http/Kernel.php(201): Illuminate\\Routing\\Router->dispatch()
#40 /var/www/vhosts/ieslamarisma.net/httpdocs/proyectos/2026/joseangelaquino/laravel/gym-reservas/vendor/laravel/framework/src/Illuminate/Pipeline/Pipeline.php(170): Illuminate\\Foundation\\Http\\Kernel->Illuminate\\Foundation\\Http\\{closure}()
#41 /var/www/vhosts/ieslamarisma.net/httpdocs/proyectos/2026/joseangelaquino/laravel/gym-reservas/vendor/laravel/framework/src/Illuminate/Foundation/Http/Middleware/TransformsRequest.php(21): Illuminate\\Pipeline\\Pipeline->Illuminate\\Pipeline\\{closure}()
#42 /var/www/vhosts/ieslamarisma.net/httpdocs/proyectos/2026/joseangelaquino/laravel/gym-reservas/vendor/laravel/framework/src/Illuminate/Foundation/Http/Middleware/ConvertEmptyStringsToNull.php(31): Illuminate\\Foundation\\Http\\Middleware\\TransformsRequest->handle()
#43 /var/www/vhosts/ieslamarisma.net/httpdocs/proyectos/2026/joseangelaquino/laravel/gym-reservas/vendor/laravel/framework/src/Illuminate/Pipeline/Pipeline.php(209): Illuminate\\Foundation\\Http\\Middleware\\ConvertEmptyStringsToNull->handle()
#44 /var/www/vhosts/ieslamarisma.net/httpdocs/proyectos/2026/joseangelaquino/laravel/gym-reservas/vendor/laravel/framework/src/Illuminate/Foundation/Http/Middleware/TransformsRequest.php(21): Illuminate\\Pipeline\\Pipeline->Illuminate\\Pipeline\\{closure}()
#45 /var/www/vhosts/ieslamarisma.net/httpdocs/proyectos/2026/joseangelaquino/laravel/gym-reservas/vendor/laravel/framework/src/Illuminate/Foundation/Http/Middleware/TrimStrings.php(51): Illuminate\\Foundation\\Http\\Middleware\\TransformsRequest->handle()
#46 /var/www/vhosts/ieslamarisma.net/httpdocs/proyectos/2026/joseangelaquino/laravel/gym-reservas/vendor/laravel/framework/src/Illuminate/Pipeline/Pipeline.php(209): Illuminate\\Foundation\\Http\\Middleware\\TrimStrings->handle()
#47 /var/www/vhosts/ieslamarisma.net/httpdocs/proyectos/2026/joseangelaquino/laravel/gym-reservas/vendor/laravel/framework/src/Illuminate/Http/Middleware/ValidatePostSize.php(27): Illuminate\\Pipeline\\Pipeline->Illuminate\\Pipeline\\{closure}()
#48 /var/www/vhosts/ieslamarisma.net/httpdocs/proyectos/2026/joseangelaquino/laravel/gym-reservas/vendor/laravel/framework/src/Illuminate/Pipeline/Pipeline.php(209): Illuminate\\Http\\Middleware\\ValidatePostSize->handle()
#49 /var/www/vhosts/ieslamarisma.net/httpdocs/proyectos/2026/joseangelaquino/laravel/gym-reservas/vendor/laravel/framework/src/Illuminate/Foundation/Http/Middleware/PreventRequestsDuringMaintenance.php(110): Illuminate\\Pipeline\\Pipeline->Illuminate\\Pipeline\\{closure}()
#50 /var/www/vhosts/ieslamarisma.net/httpdocs/proyectos/2026/joseangelaquino/laravel/gym-reservas/vendor/laravel/framework/src/Illuminate/Pipeline/Pipeline.php(209): Illuminate\\Foundation\\Http\\Middleware\\PreventRequestsDuringMaintenance->handle()
#51 /var/www/vhosts/ieslamarisma.net/httpdocs/proyectos/2026/joseangelaquino/laravel/gym-reservas/vendor/laravel/framework/src/Illuminate/Http/Middleware/HandleCors.php(49): Illuminate\\Pipeline\\Pipeline->Illuminate\\Pipeline\\{closure}()
#52 /var/www/vhosts/ieslamarisma.net/httpdocs/proyectos/2026/joseangelaquino/laravel/gym-reservas/vendor/laravel/framework/src/Illuminate/Pipeline/Pipeline.php(209): Illuminate\\Http\\Middleware\\HandleCors->handle()
#53 /var/www/vhosts/ieslamarisma.net/httpdocs/proyectos/2026/joseangelaquino/laravel/gym-reservas/vendor/laravel/framework/src/Illuminate/Http/Middleware/TrustProxies.php(58): Illuminate\\Pipeline\\Pipeline->Illuminate\\Pipeline\\{closure}()
#54 /var/www/vhosts/ieslamarisma.net/httpdocs/proyectos/2026/joseangelaquino/laravel/gym-reservas/vendor/laravel/framework/src/Illuminate/Pipeline/Pipeline.php(209): Illuminate\\Http\\Middleware\\TrustProxies->handle()
#55 /var/www/vhosts/ieslamarisma.net/httpdocs/proyectos/2026/joseangelaquino/laravel/gym-reservas/vendor/laravel/framework/src/Illuminate/Foundation/Http/Middleware/InvokeDeferredCallbacks.php(22): Illuminate\\Pipeline\\Pipeline->Illuminate\\Pipeline\\{closure}()
#56 /var/www/vhosts/ieslamarisma.net/httpdocs/proyectos/2026/joseangelaquino/laravel/gym-reservas/vendor/laravel/framework/src/Illuminate/Pipeline/Pipeline.php(209): Illuminate\\Foundation\\Http\\Middleware\\InvokeDeferredCallbacks->handle()
#57 /var/www/vhosts/ieslamarisma.net/httpdocs/proyectos/2026/joseangelaquino/laravel/gym-reservas/vendor/laravel/framework/src/Illuminate/Pipeline/Pipeline.php(127): Illuminate\\Pipeline\\Pipeline->Illuminate\\Pipeline\\{closure}()
#58 /var/www/vhosts/ieslamarisma.net/httpdocs/proyectos/2026/joseangelaquino/laravel/gym-reservas/vendor/laravel/framework/src/Illuminate/Foundation/Http/Kernel.php(176): Illuminate\\Pipeline\\Pipeline->then()
#59 /var/www/vhosts/ieslamarisma.net/httpdocs/proyectos/2026/joseangelaquino/laravel/gym-reservas/vendor/laravel/framework/src/Illuminate/Foundation/Http/Kernel.php(145): Illuminate\\Foundation\\Http\\Kernel->sendRequestThroughRouter()
#60 /var/www/vhosts/ieslamarisma.net/httpdocs/proyectos/2026/joseangelaquino/laravel/gym-reservas/vendor/laravel/framework/src/Illuminate/Foundation/Application.php(1220): Illuminate\\Foundation\\Http\\Kernel->handle()
#61 /var/www/vhosts/ieslamarisma.net/httpdocs/proyectos/2026/joseangelaquino/laravel/gym-reservas/public/index.php(26): Illuminate\\Foundation\\Application->handleRequest()
#62 {main}
"} 
[2026-04-12 19:19:13] production.ERROR: Undefined variable $weeklyLimit (View: /var/www/vhosts/ieslamarisma.net/httpdocs/proyectos/2026/joseangelaquino/laravel/gym-reservas/resources/views/dashboard.blade.php) {"userId":19,"exception":"[object] (Illuminate\\View\\ViewException(code: 0): Undefined variable $weeklyLimit (View: /var/www/vhosts/ieslamarisma.net/httpdocs/proyectos/2026/joseangelaquino/laravel/gym-reservas/resources/views/dashboard.blade.php) at /var/www/vhosts/ieslamarisma.net/httpdocs/proyectos/2026/joseangelaquino/laravel/gym-reservas/storage/framework/views/506ccdf95de7f49155cd5ee43982dba9.php:509)
[stacktrace]
#0 /var/www/vhosts/ieslamarisma.net/httpdocs/proyectos/2026/joseangelaquino/laravel/gym-reservas/vendor/laravel/framework/src/Illuminate/View/Engines/PhpEngine.php(60): Illuminate\\View\\Engines\\CompilerEngine->handleViewException()
#1 /var/www/vhosts/ieslamarisma.net/httpdocs/proyectos/2026/joseangelaquino/laravel/gym-reservas/vendor/laravel/framework/src/Illuminate/View/Engines/CompilerEngine.php(75): Illuminate\\View\\Engines\\PhpEngine->evaluatePath()
#2 /var/www/vhosts/ieslamarisma.net/httpdocs/proyectos/2026/joseangelaquino/laravel/gym-reservas/vendor/laravel/framework/src/Illuminate/View/View.php(209): Illuminate\\View\\Engines\\CompilerEngine->get()
#3 /var/www/vhosts/ieslamarisma.net/httpdocs/proyectos/2026/joseangelaquino/laravel/gym-reservas/vendor/laravel/framework/src/Illuminate/View/View.php(192): Illuminate\\View\\View->getContents()
#4 /var/www/vhosts/ieslamarisma.net/httpdocs/proyectos/2026/joseangelaquino/laravel/gym-reservas/vendor/laravel/framework/src/Illuminate/View/View.php(161): Illuminate\\View\\View->renderContents()
#5 /var/www/vhosts/ieslamarisma.net/httpdocs/proyectos/2026/joseangelaquino/laravel/gym-reservas/vendor/laravel/framework/src/Illuminate/Http/Response.php(79): Illuminate\\View\\View->render()
#6 /var/www/vhosts/ieslamarisma.net/httpdocs/proyectos/2026/joseangelaquino/laravel/gym-reservas/vendor/laravel/framework/src/Illuminate/Http/Response.php(35): Illuminate\\Http\\Response->setContent()
#7 /var/www/vhosts/ieslamarisma.net/httpdocs/proyectos/2026/joseangelaquino/laravel/gym-reservas/vendor/laravel/framework/src/Illuminate/Routing/Router.php(920): Illuminate\\Http\\Response->__construct()
#8 /var/www/vhosts/ieslamarisma.net/httpdocs/proyectos/2026/joseangelaquino/laravel/gym-reservas/vendor/laravel/framework/src/Illuminate/Routing/Router.php(887): Illuminate\\Routing\\Router::toResponse()
#9 /var/www/vhosts/ieslamarisma.net/httpdocs/proyectos/2026/joseangelaquino/laravel/gym-reservas/vendor/laravel/framework/src/Illuminate/Routing/Router.php(807): Illuminate\\Routing\\Router->prepareResponse()
#10 /var/www/vhosts/ieslamarisma.net/httpdocs/proyectos/2026/joseangelaquino/laravel/gym-reservas/vendor/laravel/framework/src/Illuminate/Pipeline/Pipeline.php(170): Illuminate\\Routing\\Router->Illuminate\\Routing\\{closure}()
#11 /var/www/vhosts/ieslamarisma.net/httpdocs/proyectos/2026/joseangelaquino/laravel/gym-reservas/vendor/laravel/framework/src/Illuminate/Http/Middleware/AddLinkHeadersForPreloadedAssets.php(20): Illuminate\\Pipeline\\Pipeline->Illuminate\\Pipeline\\{closure}()
#12 /var/www/vhosts/ieslamarisma.net/httpdocs/proyectos/2026/joseangelaquino/laravel/gym-reservas/vendor/laravel/framework/src/Illuminate/Pipeline/Pipeline.php(209): Illuminate\\Http\\Middleware\\AddLinkHeadersForPreloadedAssets->handle()
#13 /var/www/vhosts/ieslamarisma.net/httpdocs/proyectos/2026/joseangelaquino/laravel/gym-reservas/vendor/inertiajs/inertia-laravel/src/Middleware.php(122): Illuminate\\Pipeline\\Pipeline->Illuminate\\Pipeline\\{closure}()
#14 /var/www/vhosts/ieslamarisma.net/httpdocs/proyectos/2026/joseangelaquino/laravel/gym-reservas/vendor/laravel/framework/src/Illuminate/Pipeline/Pipeline.php(209): Inertia\\Middleware->handle()
#15 /var/www/vhosts/ieslamarisma.net/httpdocs/proyectos/2026/joseangelaquino/laravel/gym-reservas/vendor/laravel/framework/src/Illuminate/Routing/Middleware/SubstituteBindings.php(51): Illuminate\\Pipeline\\Pipeline->Illuminate\\Pipeline\\{closure}()
#16 /var/www/vhosts/ieslamarisma.net/httpdocs/proyectos/2026/joseangelaquino/laravel/gym-reservas/vendor/laravel/framework/src/Illuminate/Pipeline/Pipeline.php(209): Illuminate\\Routing\\Middleware\\SubstituteBindings->handle()
#17 /var/www/vhosts/ieslamarisma.net/httpdocs/proyectos/2026/joseangelaquino/laravel/gym-reservas/vendor/laravel/framework/src/Illuminate/Auth/Middleware/Authenticate.php(64): Illuminate\\Pipeline\\Pipeline->Illuminate\\Pipeline\\{closure}()
#18 /var/www/vhosts/ieslamarisma.net/httpdocs/proyectos/2026/joseangelaquino/laravel/gym-reservas/vendor/laravel/framework/src/Illuminate/Pipeline/Pipeline.php(209): Illuminate\\Auth\\Middleware\\Authenticate->handle()
#19 /var/www/vhosts/ieslamarisma.net/httpdocs/proyectos/2026/joseangelaquino/laravel/gym-reservas/vendor/laravel/framework/src/Illuminate/Foundation/Http/Middleware/VerifyCsrfToken.php(88): Illuminate\\Pipeline\\Pipeline->Illuminate\\Pipeline\\{closure}()
#20 /var/www/vhosts/ieslamarisma.net/httpdocs/proyectos/2026/joseangelaquino/laravel/gym-reservas/vendor/laravel/framework/src/Illuminate/Pipeline/Pipeline.php(209): Illuminate\\Foundation\\Http\\Middleware\\VerifyCsrfToken->handle()
#21 /var/www/vhosts/ieslamarisma.net/httpdocs/proyectos/2026/joseangelaquino/laravel/gym-reservas/vendor/laravel/framework/src/Illuminate/View/Middleware/ShareErrorsFromSession.php(49): Illuminate\\Pipeline\\Pipeline->Illuminate\\Pipeline\\{closure}()
#22 /var/www/vhosts/ieslamarisma.net/httpdocs/proyectos/2026/joseangelaquino/laravel/gym-reservas/vendor/laravel/framework/src/Illuminate/Pipeline/Pipeline.php(209): Illuminate\\View\\Middleware\\ShareErrorsFromSession->handle()
#23 /var/www/vhosts/ieslamarisma.net/httpdocs/proyectos/2026/joseangelaquino/laravel/gym-reservas/vendor/laravel/framework/src/Illuminate/Session/Middleware/StartSession.php(121): Illuminate\\Pipeline\\Pipeline->Illuminate\\Pipeline\\{closure}()
#24 /var/www/vhosts/ieslamarisma.net/httpdocs/proyectos/2026/joseangelaquino/laravel/gym-reservas/vendor/laravel/framework/src/Illuminate/Session/Middleware/StartSession.php(64): Illuminate\\Session\\Middleware\\StartSession->handleStatefulRequest()
#25 /var/www/vhosts/ieslamarisma.net/httpdocs/proyectos/2026/joseangelaquino/laravel/gym-reservas/vendor/laravel/framework/src/Illuminate/Pipeline/Pipeline.php(209): Illuminate\\Session\\Middleware\\StartSession->handle()
#26 /var/www/vhosts/ieslamarisma.net/httpdocs/proyectos/2026/joseangelaquino/laravel/gym-reservas/vendor/laravel/framework/src/Illuminate/Cookie/Middleware/AddQueuedCookiesToResponse.php(37): Illuminate\\Pipeline\\Pipeline->Illuminate\\Pipeline\\{closure}()
#27 /var/www/vhosts/ieslamarisma.net/httpdocs/proyectos/2026/joseangelaquino/laravel/gym-reservas/vendor/laravel/framework/src/Illuminate/Pipeline/Pipeline.php(209): Illuminate\\Cookie\\Middleware\\AddQueuedCookiesToResponse->handle()
#28 /var/www/vhosts/ieslamarisma.net/httpdocs/proyectos/2026/joseangelaquino/laravel/gym-reservas/vendor/laravel/framework/src/Illuminate/Cookie/Middleware/EncryptCookies.php(75): Illuminate\\Pipeline\\Pipeline->Illuminate\\Pipeline\\{closure}()
#29 /var/www/vhosts/ieslamarisma.net/httpdocs/proyectos/2026/joseangelaquino/laravel/gym-reservas/vendor/laravel/framework/src/Illuminate/Pipeline/Pipeline.php(209): Illuminate\\Cookie\\Middleware\\EncryptCookies->handle()
#30 /var/www/vhosts/ieslamarisma.net/httpdocs/proyectos/2026/joseangelaquino/laravel/gym-reservas/vendor/laravel/framework/src/Illuminate/Pipeline/Pipeline.php(127): Illuminate\\Pipeline\\Pipeline->Illuminate\\Pipeline\\{closure}()
#31 /var/www/vhosts/ieslamarisma.net/httpdocs/proyectos/2026/joseangelaquino/laravel/gym-reservas/vendor/laravel/framework/src/Illuminate/Routing/Router.php(807): Illuminate\\Pipeline\\Pipeline->then()
#32 /var/www/vhosts/ieslamarisma.net/httpdocs/proyectos/2026/joseangelaquino/laravel/gym-reservas/vendor/laravel/framework/src/Illuminate/Routing/Router.php(786): Illuminate\\Routing\\Router->runRouteWithinStack()
#33 /var/www/vhosts/ieslamarisma.net/httpdocs/proyectos/2026/joseangelaquino/laravel/gym-reservas/vendor/laravel/framework/src/Illuminate/Routing/Router.php(750): Illuminate\\Routing\\Router->runRoute()
#34 /var/www/vhosts/ieslamarisma.net/httpdocs/proyectos/2026/joseangelaquino/laravel/gym-reservas/vendor/laravel/framework/src/Illuminate/Routing/Router.php(739): Illuminate\\Routing\\Router->dispatchToRoute()
#35 /var/www/vhosts/ieslamarisma.net/httpdocs/proyectos/2026/joseangelaquino/laravel/gym-reservas/vendor/laravel/framework/src/Illuminate/Foundation/Http/Kernel.php(201): Illuminate\\Routing\\Router->dispatch()
#36 /var/www/vhosts/ieslamarisma.net/httpdocs/proyectos/2026/joseangelaquino/laravel/gym-reservas/vendor/laravel/framework/src/Illuminate/Pipeline/Pipeline.php(170): Illuminate\\Foundation\\Http\\Kernel->Illuminate\\Foundation\\Http\\{closure}()
#37 /var/www/vhosts/ieslamarisma.net/httpdocs/proyectos/2026/joseangelaquino/laravel/gym-reservas/vendor/laravel/framework/src/Illuminate/Foundation/Http/Middleware/TransformsRequest.php(21): Illuminate\\Pipeline\\Pipeline->Illuminate\\Pipeline\\{closure}()
#38 /var/www/vhosts/ieslamarisma.net/httpdocs/proyectos/2026/joseangelaquino/laravel/gym-reservas/vendor/laravel/framework/src/Illuminate/Foundation/Http/Middleware/ConvertEmptyStringsToNull.php(31): Illuminate\\Foundation\\Http\\Middleware\\TransformsRequest->handle()
#39 /var/www/vhosts/ieslamarisma.net/httpdocs/proyectos/2026/joseangelaquino/laravel/gym-reservas/vendor/laravel/framework/src/Illuminate/Pipeline/Pipeline.php(209): Illuminate\\Foundation\\Http\\Middleware\\ConvertEmptyStringsToNull->handle()
#40 /var/www/vhosts/ieslamarisma.net/httpdocs/proyectos/2026/joseangelaquino/laravel/gym-reservas/vendor/laravel/framework/src/Illuminate/Foundation/Http/Middleware/TransformsRequest.php(21): Illuminate\\Pipeline\\Pipeline->Illuminate\\Pipeline\\{closure}()
#41 /var/www/vhosts/ieslamarisma.net/httpdocs/proyectos/2026/joseangelaquino/laravel/gym-reservas/vendor/laravel/framework/src/Illuminate/Foundation/Http/Middleware/TrimStrings.php(51): Illuminate\\Foundation\\Http\\Middleware\\TransformsRequest->handle()
#42 /var/www/vhosts/ieslamarisma.net/httpdocs/proyectos/2026/joseangelaquino/laravel/gym-reservas/vendor/laravel/framework/src/Illuminate/Pipeline/Pipeline.php(209): Illuminate\\Foundation\\Http\\Middleware\\TrimStrings->handle()
#43 /var/www/vhosts/ieslamarisma.net/httpdocs/proyectos/2026/joseangelaquino/laravel/gym-reservas/vendor/laravel/framework/src/Illuminate/Http/Middleware/ValidatePostSize.php(27): Illuminate\\Pipeline\\Pipeline->Illuminate\\Pipeline\\{closure}()
#44 /var/www/vhosts/ieslamarisma.net/httpdocs/proyectos/2026/joseangelaquino/laravel/gym-reservas/vendor/laravel/framework/src/Illuminate/Pipeline/Pipeline.php(209): Illuminate\\Http\\Middleware\\ValidatePostSize->handle()
#45 /var/www/vhosts/ieslamarisma.net/httpdocs/proyectos/2026/joseangelaquino/laravel/gym-reservas/vendor/laravel/framework/src/Illuminate/Foundation/Http/Middleware/PreventRequestsDuringMaintenance.php(110): Illuminate\\Pipeline\\Pipeline->Illuminate\\Pipeline\\{closure}()
#46 /var/www/vhosts/ieslamarisma.net/httpdocs/proyectos/2026/joseangelaquino/laravel/gym-reservas/vendor/laravel/framework/src/Illuminate/Pipeline/Pipeline.php(209): Illuminate\\Foundation\\Http\\Middleware\\PreventRequestsDuringMaintenance->handle()
#47 /var/www/vhosts/ieslamarisma.net/httpdocs/proyectos/2026/joseangelaquino/laravel/gym-reservas/vendor/laravel/framework/src/Illuminate/Http/Middleware/HandleCors.php(49): Illuminate\\Pipeline\\Pipeline->Illuminate\\Pipeline\\{closure}()
#48 /var/www/vhosts/ieslamarisma.net/httpdocs/proyectos/2026/joseangelaquino/laravel/gym-reservas/vendor/laravel/framework/src/Illuminate/Pipeline/Pipeline.php(209): Illuminate\\Http\\Middleware\\HandleCors->handle()
#49 /var/www/vhosts/ieslamarisma.net/httpdocs/proyectos/2026/joseangelaquino/laravel/gym-reservas/vendor/laravel/framework/src/Illuminate/Http/Middleware/TrustProxies.php(58): Illuminate\\Pipeline\\Pipeline->Illuminate\\Pipeline\\{closure}()
#50 /var/www/vhosts/ieslamarisma.net/httpdocs/proyectos/2026/joseangelaquino/laravel/gym-reservas/vendor/laravel/framework/src/Illuminate/Pipeline/Pipeline.php(209): Illuminate\\Http\\Middleware\\TrustProxies->handle()
#51 /var/www/vhosts/ieslamarisma.net/httpdocs/proyectos/2026/joseangelaquino/laravel/gym-reservas/vendor/laravel/framework/src/Illuminate/Foundation/Http/Middleware/InvokeDeferredCallbacks.php(22): Illuminate\\Pipeline\\Pipeline->Illuminate\\Pipeline\\{closure}()
#52 /var/www/vhosts/ieslamarisma.net/httpdocs/proyectos/2026/joseangelaquino/laravel/gym-reservas/vendor/laravel/framework/src/Illuminate/Pipeline/Pipeline.php(209): Illuminate\\Foundation\\Http\\Middleware\\InvokeDeferredCallbacks->handle()
#53 /var/www/vhosts/ieslamarisma.net/httpdocs/proyectos/2026/joseangelaquino/laravel/gym-reservas/vendor/laravel/framework/src/Illuminate/Pipeline/Pipeline.php(127): Illuminate\\Pipeline\\Pipeline->Illuminate\\Pipeline\\{closure}()
#54 /var/www/vhosts/ieslamarisma.net/httpdocs/proyectos/2026/joseangelaquino/laravel/gym-reservas/vendor/laravel/framework/src/Illuminate/Foundation/Http/Kernel.php(176): Illuminate\\Pipeline\\Pipeline->then()
#55 /var/www/vhosts/ieslamarisma.net/httpdocs/proyectos/2026/joseangelaquino/laravel/gym-reservas/vendor/laravel/framework/src/Illuminate/Foundation/Http/Kernel.php(145): Illuminate\\Foundation\\Http\\Kernel->sendRequestThroughRouter()
#56 /var/www/vhosts/ieslamarisma.net/httpdocs/proyectos/2026/joseangelaquino/laravel/gym-reservas/vendor/laravel/framework/src/Illuminate/Foundation/Application.php(1220): Illuminate\\Foundation\\Http\\Kernel->handle()
#57 /var/www/vhosts/ieslamarisma.net/httpdocs/proyectos/2026/joseangelaquino/laravel/gym-reservas/public/index.php(26): Illuminate\\Foundation\\Application->handleRequest()
#58 {main}

[previous exception] [object] (ErrorException(code: 0): Undefined variable $weeklyLimit at /var/www/vhosts/ieslamarisma.net/httpdocs/proyectos/2026/joseangelaquino/laravel/gym-reservas/storage/framework/views/506ccdf95de7f49155cd5ee43982dba9.php:509)
[stacktrace]
#0 /var/www/vhosts/ieslamarisma.net/httpdocs/proyectos/2026/joseangelaquino/laravel/gym-reservas/vendor/laravel/framework/src/Illuminate/Foundation/Bootstrap/HandleExceptions.php(258): Illuminate\\Foundation\\Bootstrap\\HandleExceptions->handleError()
#1 /var/www/vhosts/ieslamarisma.net/httpdocs/proyectos/2026/joseangelaquino/laravel/gym-reservas/storage/framework/views/506ccdf95de7f49155cd5ee43982dba9.php(509): Illuminate\\Foundation\\Bootstrap\\HandleExceptions->Illuminate\\Foundation\\Bootstrap\\{closure}()
#2 /var/www/vhosts/ieslamarisma.net/httpdocs/proyectos/2026/joseangelaquino/laravel/gym-reservas/vendor/laravel/framework/src/Illuminate/Filesystem/Filesystem.php(123): require('...')
#3 /var/www/vhosts/ieslamarisma.net/httpdocs/proyectos/2026/joseangelaquino/laravel/gym-reservas/vendor/laravel/framework/src/Illuminate/Filesystem/Filesystem.php(124): Illuminate\\Filesystem\\Filesystem::Illuminate\\Filesystem\\{closure}()
#4 /var/www/vhosts/ieslamarisma.net/httpdocs/proyectos/2026/joseangelaquino/laravel/gym-reservas/vendor/laravel/framework/src/Illuminate/View/Engines/PhpEngine.php(58): Illuminate\\Filesystem\\Filesystem->getRequire()
#5 /var/www/vhosts/ieslamarisma.net/httpdocs/proyectos/2026/joseangelaquino/laravel/gym-reservas/vendor/laravel/framework/src/Illuminate/View/Engines/CompilerEngine.php(75): Illuminate\\View\\Engines\\PhpEngine->evaluatePath()
#6 /var/www/vhosts/ieslamarisma.net/httpdocs/proyectos/2026/joseangelaquino/laravel/gym-reservas/vendor/laravel/framework/src/Illuminate/View/View.php(209): Illuminate\\View\\Engines\\CompilerEngine->get()
#7 /var/www/vhosts/ieslamarisma.net/httpdocs/proyectos/2026/joseangelaquino/laravel/gym-reservas/vendor/laravel/framework/src/Illuminate/View/View.php(192): Illuminate\\View\\View->getContents()
#8 /var/www/vhosts/ieslamarisma.net/httpdocs/proyectos/2026/joseangelaquino/laravel/gym-reservas/vendor/laravel/framework/src/Illuminate/View/View.php(161): Illuminate\\View\\View->renderContents()
#9 /var/www/vhosts/ieslamarisma.net/httpdocs/proyectos/2026/joseangelaquino/laravel/gym-reservas/vendor/laravel/framework/src/Illuminate/Http/Response.php(79): Illuminate\\View\\View->render()
#10 /var/www/vhosts/ieslamarisma.net/httpdocs/proyectos/2026/joseangelaquino/laravel/gym-reservas/vendor/laravel/framework/src/Illuminate/Http/Response.php(35): Illuminate\\Http\\Response->setContent()
#11 /var/www/vhosts/ieslamarisma.net/httpdocs/proyectos/2026/joseangelaquino/laravel/gym-reservas/vendor/laravel/framework/src/Illuminate/Routing/Router.php(920): Illuminate\\Http\\Response->__construct()
#12 /var/www/vhosts/ieslamarisma.net/httpdocs/proyectos/2026/joseangelaquino/laravel/gym-reservas/vendor/laravel/framework/src/Illuminate/Routing/Router.php(887): Illuminate\\Routing\\Router::toResponse()
#13 /var/www/vhosts/ieslamarisma.net/httpdocs/proyectos/2026/joseangelaquino/laravel/gym-reservas/vendor/laravel/framework/src/Illuminate/Routing/Router.php(807): Illuminate\\Routing\\Router->prepareResponse()
#14 /var/www/vhosts/ieslamarisma.net/httpdocs/proyectos/2026/joseangelaquino/laravel/gym-reservas/vendor/laravel/framework/src/Illuminate/Pipeline/Pipeline.php(170): Illuminate\\Routing\\Router->Illuminate\\Routing\\{closure}()
#15 /var/www/vhosts/ieslamarisma.net/httpdocs/proyectos/2026/joseangelaquino/laravel/gym-reservas/vendor/laravel/framework/src/Illuminate/Http/Middleware/AddLinkHeadersForPreloadedAssets.php(20): Illuminate\\Pipeline\\Pipeline->Illuminate\\Pipeline\\{closure}()
#16 /var/www/vhosts/ieslamarisma.net/httpdocs/proyectos/2026/joseangelaquino/laravel/gym-reservas/vendor/laravel/framework/src/Illuminate/Pipeline/Pipeline.php(209): Illuminate\\Http\\Middleware\\AddLinkHeadersForPreloadedAssets->handle()
#17 /var/www/vhosts/ieslamarisma.net/httpdocs/proyectos/2026/joseangelaquino/laravel/gym-reservas/vendor/inertiajs/inertia-laravel/src/Middleware.php(122): Illuminate\\Pipeline\\Pipeline->Illuminate\\Pipeline\\{closure}()
#18 /var/www/vhosts/ieslamarisma.net/httpdocs/proyectos/2026/joseangelaquino/laravel/gym-reservas/vendor/laravel/framework/src/Illuminate/Pipeline/Pipeline.php(209): Inertia\\Middleware->handle()
#19 /var/www/vhosts/ieslamarisma.net/httpdocs/proyectos/2026/joseangelaquino/laravel/gym-reservas/vendor/laravel/framework/src/Illuminate/Routing/Middleware/SubstituteBindings.php(51): Illuminate\\Pipeline\\Pipeline->Illuminate\\Pipeline\\{closure}()
#20 /var/www/vhosts/ieslamarisma.net/httpdocs/proyectos/2026/joseangelaquino/laravel/gym-reservas/vendor/laravel/framework/src/Illuminate/Pipeline/Pipeline.php(209): Illuminate\\Routing\\Middleware\\SubstituteBindings->handle()
#21 /var/www/vhosts/ieslamarisma.net/httpdocs/proyectos/2026/joseangelaquino/laravel/gym-reservas/vendor/laravel/framework/src/Illuminate/Auth/Middleware/Authenticate.php(64): Illuminate\\Pipeline\\Pipeline->Illuminate\\Pipeline\\{closure}()
#22 /var/www/vhosts/ieslamarisma.net/httpdocs/proyectos/2026/joseangelaquino/laravel/gym-reservas/vendor/laravel/framework/src/Illuminate/Pipeline/Pipeline.php(209): Illuminate\\Auth\\Middleware\\Authenticate->handle()
#23 /var/www/vhosts/ieslamarisma.net/httpdocs/proyectos/2026/joseangelaquino/laravel/gym-reservas/vendor/laravel/framework/src/Illuminate/Foundation/Http/Middleware/VerifyCsrfToken.php(88): Illuminate\\Pipeline\\Pipeline->Illuminate\\Pipeline\\{closure}()
#24 /var/www/vhosts/ieslamarisma.net/httpdocs/proyectos/2026/joseangelaquino/laravel/gym-reservas/vendor/laravel/framework/src/Illuminate/Pipeline/Pipeline.php(209): Illuminate\\Foundation\\Http\\Middleware\\VerifyCsrfToken->handle()
#25 /var/www/vhosts/ieslamarisma.net/httpdocs/proyectos/2026/joseangelaquino/laravel/gym-reservas/vendor/laravel/framework/src/Illuminate/View/Middleware/ShareErrorsFromSession.php(49): Illuminate\\Pipeline\\Pipeline->Illuminate\\Pipeline\\{closure}()
#26 /var/www/vhosts/ieslamarisma.net/httpdocs/proyectos/2026/joseangelaquino/laravel/gym-reservas/vendor/laravel/framework/src/Illuminate/Pipeline/Pipeline.php(209): Illuminate\\View\\Middleware\\ShareErrorsFromSession->handle()
#27 /var/www/vhosts/ieslamarisma.net/httpdocs/proyectos/2026/joseangelaquino/laravel/gym-reservas/vendor/laravel/framework/src/Illuminate/Session/Middleware/StartSession.php(121): Illuminate\\Pipeline\\Pipeline->Illuminate\\Pipeline\\{closure}()
#28 /var/www/vhosts/ieslamarisma.net/httpdocs/proyectos/2026/joseangelaquino/laravel/gym-reservas/vendor/laravel/framework/src/Illuminate/Session/Middleware/StartSession.php(64): Illuminate\\Session\\Middleware\\StartSession->handleStatefulRequest()
#29 /var/www/vhosts/ieslamarisma.net/httpdocs/proyectos/2026/joseangelaquino/laravel/gym-reservas/vendor/laravel/framework/src/Illuminate/Pipeline/Pipeline.php(209): Illuminate\\Session\\Middleware\\StartSession->handle()
#30 /var/www/vhosts/ieslamarisma.net/httpdocs/proyectos/2026/joseangelaquino/laravel/gym-reservas/vendor/laravel/framework/src/Illuminate/Cookie/Middleware/AddQueuedCookiesToResponse.php(37): Illuminate\\Pipeline\\Pipeline->Illuminate\\Pipeline\\{closure}()
#31 /var/www/vhosts/ieslamarisma.net/httpdocs/proyectos/2026/joseangelaquino/laravel/gym-reservas/vendor/laravel/framework/src/Illuminate/Pipeline/Pipeline.php(209): Illuminate\\Cookie\\Middleware\\AddQueuedCookiesToResponse->handle()
#32 /var/www/vhosts/ieslamarisma.net/httpdocs/proyectos/2026/joseangelaquino/laravel/gym-reservas/vendor/laravel/framework/src/Illuminate/Cookie/Middleware/EncryptCookies.php(75): Illuminate\\Pipeline\\Pipeline->Illuminate\\Pipeline\\{closure}()
#33 /var/www/vhosts/ieslamarisma.net/httpdocs/proyectos/2026/joseangelaquino/laravel/gym-reservas/vendor/laravel/framework/src/Illuminate/Pipeline/Pipeline.php(209): Illuminate\\Cookie\\Middleware\\EncryptCookies->handle()
#34 /var/www/vhosts/ieslamarisma.net/httpdocs/proyectos/2026/joseangelaquino/laravel/gym-reservas/vendor/laravel/framework/src/Illuminate/Pipeline/Pipeline.php(127): Illuminate\\Pipeline\\Pipeline->Illuminate\\Pipeline\\{closure}()
#35 /var/www/vhosts/ieslamarisma.net/httpdocs/proyectos/2026/joseangelaquino/laravel/gym-reservas/vendor/laravel/framework/src/Illuminate/Routing/Router.php(807): Illuminate\\Pipeline\\Pipeline->then()
#36 /var/www/vhosts/ieslamarisma.net/httpdocs/proyectos/2026/joseangelaquino/laravel/gym-reservas/vendor/laravel/framework/src/Illuminate/Routing/Router.php(786): Illuminate\\Routing\\Router->runRouteWithinStack()
#37 /var/www/vhosts/ieslamarisma.net/httpdocs/proyectos/2026/joseangelaquino/laravel/gym-reservas/vendor/laravel/framework/src/Illuminate/Routing/Router.php(750): Illuminate\\Routing\\Router->runRoute()
#38 /var/www/vhosts/ieslamarisma.net/httpdocs/proyectos/2026/joseangelaquino/laravel/gym-reservas/vendor/laravel/framework/src/Illuminate/Routing/Router.php(739): Illuminate\\Routing\\Router->dispatchToRoute()
#39 /var/www/vhosts/ieslamarisma.net/httpdocs/proyectos/2026/joseangelaquino/laravel/gym-reservas/vendor/laravel/framework/src/Illuminate/Foundation/Http/Kernel.php(201): Illuminate\\Routing\\Router->dispatch()
#40 /var/www/vhosts/ieslamarisma.net/httpdocs/proyectos/2026/joseangelaquino/laravel/gym-reservas/vendor/laravel/framework/src/Illuminate/Pipeline/Pipeline.php(170): Illuminate\\Foundation\\Http\\Kernel->Illuminate\\Foundation\\Http\\{closure}()
#41 /var/www/vhosts/ieslamarisma.net/httpdocs/proyectos/2026/joseangelaquino/laravel/gym-reservas/vendor/laravel/framework/src/Illuminate/Foundation/Http/Middleware/TransformsRequest.php(21): Illuminate\\Pipeline\\Pipeline->Illuminate\\Pipeline\\{closure}()
#42 /var/www/vhosts/ieslamarisma.net/httpdocs/proyectos/2026/joseangelaquino/laravel/gym-reservas/vendor/laravel/framework/src/Illuminate/Foundation/Http/Middleware/ConvertEmptyStringsToNull.php(31): Illuminate\\Foundation\\Http\\Middleware\\TransformsRequest->handle()
#43 /var/www/vhosts/ieslamarisma.net/httpdocs/proyectos/2026/joseangelaquino/laravel/gym-reservas/vendor/laravel/framework/src/Illuminate/Pipeline/Pipeline.php(209): Illuminate\\Foundation\\Http\\Middleware\\ConvertEmptyStringsToNull->handle()
#44 /var/www/vhosts/ieslamarisma.net/httpdocs/proyectos/2026/joseangelaquino/laravel/gym-reservas/vendor/laravel/framework/src/Illuminate/Foundation/Http/Middleware/TransformsRequest.php(21): Illuminate\\Pipeline\\Pipeline->Illuminate\\Pipeline\\{closure}()
#45 /var/www/vhosts/ieslamarisma.net/httpdocs/proyectos/2026/joseangelaquino/laravel/gym-reservas/vendor/laravel/framework/src/Illuminate/Foundation/Http/Middleware/TrimStrings.php(51): Illuminate\\Foundation\\Http\\Middleware\\TransformsRequest->handle()
#46 /var/www/vhosts/ieslamarisma.net/httpdocs/proyectos/2026/joseangelaquino/laravel/gym-reservas/vendor/laravel/framework/src/Illuminate/Pipeline/Pipeline.php(209): Illuminate\\Foundation\\Http\\Middleware\\TrimStrings->handle()
#47 /var/www/vhosts/ieslamarisma.net/httpdocs/proyectos/2026/joseangelaquino/laravel/gym-reservas/vendor/laravel/framework/src/Illuminate/Http/Middleware/ValidatePostSize.php(27): Illuminate\\Pipeline\\Pipeline->Illuminate\\Pipeline\\{closure}()
#48 /var/www/vhosts/ieslamarisma.net/httpdocs/proyectos/2026/joseangelaquino/laravel/gym-reservas/vendor/laravel/framework/src/Illuminate/Pipeline/Pipeline.php(209): Illuminate\\Http\\Middleware\\ValidatePostSize->handle()
#49 /var/www/vhosts/ieslamarisma.net/httpdocs/proyectos/2026/joseangelaquino/laravel/gym-reservas/vendor/laravel/framework/src/Illuminate/Foundation/Http/Middleware/PreventRequestsDuringMaintenance.php(110): Illuminate\\Pipeline\\Pipeline->Illuminate\\Pipeline\\{closure}()
#50 /var/www/vhosts/ieslamarisma.net/httpdocs/proyectos/2026/joseangelaquino/laravel/gym-reservas/vendor/laravel/framework/src/Illuminate/Pipeline/Pipeline.php(209): Illuminate\\Foundation\\Http\\Middleware\\PreventRequestsDuringMaintenance->handle()
#51 /var/www/vhosts/ieslamarisma.net/httpdocs/proyectos/2026/joseangelaquino/laravel/gym-reservas/vendor/laravel/framework/src/Illuminate/Http/Middleware/HandleCors.php(49): Illuminate\\Pipeline\\Pipeline->Illuminate\\Pipeline\\{closure}()
#52 /var/www/vhosts/ieslamarisma.net/httpdocs/proyectos/2026/joseangelaquino/laravel/gym-reservas/vendor/laravel/framework/src/Illuminate/Pipeline/Pipeline.php(209): Illuminate\\Http\\Middleware\\HandleCors->handle()
#53 /var/www/vhosts/ieslamarisma.net/httpdocs/proyectos/2026/joseangelaquino/laravel/gym-reservas/vendor/laravel/framework/src/Illuminate/Http/Middleware/TrustProxies.php(58): Illuminate\\Pipeline\\Pipeline->Illuminate\\Pipeline\\{closure}()
#54 /var/www/vhosts/ieslamarisma.net/httpdocs/proyectos/2026/joseangelaquino/laravel/gym-reservas/vendor/laravel/framework/src/Illuminate/Pipeline/Pipeline.php(209): Illuminate\\Http\\Middleware\\TrustProxies->handle()
#55 /var/www/vhosts/ieslamarisma.net/httpdocs/proyectos/2026/joseangelaquino/laravel/gym-reservas/vendor/laravel/framework/src/Illuminate/Foundation/Http/Middleware/InvokeDeferredCallbacks.php(22): Illuminate\\Pipeline\\Pipeline->Illuminate\\Pipeline\\{closure}()
#56 /var/www/vhosts/ieslamarisma.net/httpdocs/proyectos/2026/joseangelaquino/laravel/gym-reservas/vendor/laravel/framework/src/Illuminate/Pipeline/Pipeline.php(209): Illuminate\\Foundation\\Http\\Middleware\\InvokeDeferredCallbacks->handle()
#57 /var/www/vhosts/ieslamarisma.net/httpdocs/proyectos/2026/joseangelaquino/laravel/gym-reservas/vendor/laravel/framework/src/Illuminate/Pipeline/Pipeline.php(127): Illuminate\\Pipeline\\Pipeline->Illuminate\\Pipeline\\{closure}()
#58 /var/www/vhosts/ieslamarisma.net/httpdocs/proyectos/2026/joseangelaquino/laravel/gym-reservas/vendor/laravel/framework/src/Illuminate/Foundation/Http/Kernel.php(176): Illuminate\\Pipeline\\Pipeline->then()
#59 /var/www/vhosts/ieslamarisma.net/httpdocs/proyectos/2026/joseangelaquino/laravel/gym-reservas/vendor/laravel/framework/src/Illuminate/Foundation/Http/Kernel.php(145): Illuminate\\Foundation\\Http\\Kernel->sendRequestThroughRouter()
#60 /var/www/vhosts/ieslamarisma.net/httpdocs/proyectos/2026/joseangelaquino/laravel/gym-reservas/vendor/laravel/framework/src/Illuminate/Foundation/Application.php(1220): Illuminate\\Foundation\\Http\\Kernel->handle()
#61 /var/www/vhosts/ieslamarisma.net/httpdocs/proyectos/2026/joseangelaquino/laravel/gym-reservas/public/index.php(26): Illuminate\\Foundation\\Application->handleRequest()
#62 {main}
"} 
[2026-04-12 21:16:38] production.ERROR: Login fallido: These credentials do not match our records.  
[2026-04-12 21:16:55] production.ERROR: Login fallido: These credentials do not match our records.  
[2026-04-15 12:57:23] production.ERROR: Login fallido: These credentials do not match our records.  
[2026-04-15 12:57:36] production.ERROR: Login fallido: These credentials do not match our records.  
[2026-04-15 13:11:20] production.ERROR: Login fallido: These credentials do not match our records.  
[2026-04-15 13:24:10] production.ERROR: Login fallido: These credentials do not match our records.  
[2026-04-15 13:25:29] production.ERROR: Login fallido: These credentials do not match our records.  
[2026-05-12 22:58:24] production.ERROR: Login fallido: These credentials do not match our records.  
[2026-05-12 22:58:38] production.ERROR: Route [admin.users.index] not defined. (View: /var/www/vhosts/ieslamarisma.net/httpdocs/proyectos/2026/joseangelaquino/laravel/resources/views/admin/dashboard.blade.php) {"userId":14,"exception":"[object] (Illuminate\\View\\ViewException(code: 0): Route [admin.users.index] not defined. (View: /var/www/vhosts/ieslamarisma.net/httpdocs/proyectos/2026/joseangelaquino/laravel/resources/views/admin/dashboard.blade.php) at /var/www/vhosts/ieslamarisma.net/httpdocs/proyectos/2026/joseangelaquino/laravel/vendor/laravel/framework/src/Illuminate/Routing/UrlGenerator.php:517)
[stacktrace]
#0 /var/www/vhosts/ieslamarisma.net/httpdocs/proyectos/2026/joseangelaquino/laravel/vendor/laravel/framework/src/Illuminate/View/Engines/PhpEngine.php(60): Illuminate\\View\\Engines\\CompilerEngine->handleViewException()
#1 /var/www/vhosts/ieslamarisma.net/httpdocs/proyectos/2026/joseangelaquino/laravel/vendor/laravel/framework/src/Illuminate/View/Engines/CompilerEngine.php(75): Illuminate\\View\\Engines\\PhpEngine->evaluatePath()
#2 /var/www/vhosts/ieslamarisma.net/httpdocs/proyectos/2026/joseangelaquino/laravel/vendor/laravel/framework/src/Illuminate/View/View.php(209): Illuminate\\View\\Engines\\CompilerEngine->get()
#3 /var/www/vhosts/ieslamarisma.net/httpdocs/proyectos/2026/joseangelaquino/laravel/vendor/laravel/framework/src/Illuminate/View/View.php(192): Illuminate\\View\\View->getContents()
#4 /var/www/vhosts/ieslamarisma.net/httpdocs/proyectos/2026/joseangelaquino/laravel/vendor/laravel/framework/src/Illuminate/View/View.php(161): Illuminate\\View\\View->renderContents()
#5 /var/www/vhosts/ieslamarisma.net/httpdocs/proyectos/2026/joseangelaquino/laravel/vendor/laravel/framework/src/Illuminate/Http/Response.php(79): Illuminate\\View\\View->render()
#6 /var/www/vhosts/ieslamarisma.net/httpdocs/proyectos/2026/joseangelaquino/laravel/vendor/laravel/framework/src/Illuminate/Http/Response.php(35): Illuminate\\Http\\Response->setContent()
#7 /var/www/vhosts/ieslamarisma.net/httpdocs/proyectos/2026/joseangelaquino/laravel/vendor/laravel/framework/src/Illuminate/Routing/Router.php(920): Illuminate\\Http\\Response->__construct()
#8 /var/www/vhosts/ieslamarisma.net/httpdocs/proyectos/2026/joseangelaquino/laravel/vendor/laravel/framework/src/Illuminate/Routing/Router.php(887): Illuminate\\Routing\\Router::toResponse()
#9 /var/www/vhosts/ieslamarisma.net/httpdocs/proyectos/2026/joseangelaquino/laravel/vendor/laravel/framework/src/Illuminate/Routing/Router.php(807): Illuminate\\Routing\\Router->prepareResponse()
#10 /var/www/vhosts/ieslamarisma.net/httpdocs/proyectos/2026/joseangelaquino/laravel/vendor/laravel/framework/src/Illuminate/Pipeline/Pipeline.php(170): Illuminate\\Routing\\Router->Illuminate\\Routing\\{closure}()
#11 /var/www/vhosts/ieslamarisma.net/httpdocs/proyectos/2026/joseangelaquino/laravel/vendor/laravel/framework/src/Illuminate/Http/Middleware/AddLinkHeadersForPreloadedAssets.php(20): Illuminate\\Pipeline\\Pipeline->Illuminate\\Pipeline\\{closure}()
#12 /var/www/vhosts/ieslamarisma.net/httpdocs/proyectos/2026/joseangelaquino/laravel/vendor/laravel/framework/src/Illuminate/Pipeline/Pipeline.php(209): Illuminate\\Http\\Middleware\\AddLinkHeadersForPreloadedAssets->handle()
#13 /var/www/vhosts/ieslamarisma.net/httpdocs/proyectos/2026/joseangelaquino/laravel/vendor/inertiajs/inertia-laravel/src/Middleware.php(122): Illuminate\\Pipeline\\Pipeline->Illuminate\\Pipeline\\{closure}()
#14 /var/www/vhosts/ieslamarisma.net/httpdocs/proyectos/2026/joseangelaquino/laravel/vendor/laravel/framework/src/Illuminate/Pipeline/Pipeline.php(209): Inertia\\Middleware->handle()
#15 /var/www/vhosts/ieslamarisma.net/httpdocs/proyectos/2026/joseangelaquino/laravel/vendor/laravel/framework/src/Illuminate/Routing/Middleware/SubstituteBindings.php(51): Illuminate\\Pipeline\\Pipeline->Illuminate\\Pipeline\\{closure}()
#16 /var/www/vhosts/ieslamarisma.net/httpdocs/proyectos/2026/joseangelaquino/laravel/vendor/laravel/framework/src/Illuminate/Pipeline/Pipeline.php(209): Illuminate\\Routing\\Middleware\\SubstituteBindings->handle()
#17 /var/www/vhosts/ieslamarisma.net/httpdocs/proyectos/2026/joseangelaquino/laravel/vendor/laravel/framework/src/Illuminate/Auth/Middleware/Authenticate.php(64): Illuminate\\Pipeline\\Pipeline->Illuminate\\Pipeline\\{closure}()
#18 /var/www/vhosts/ieslamarisma.net/httpdocs/proyectos/2026/joseangelaquino/laravel/vendor/laravel/framework/src/Illuminate/Pipeline/Pipeline.php(209): Illuminate\\Auth\\Middleware\\Authenticate->handle()
#19 /var/www/vhosts/ieslamarisma.net/httpdocs/proyectos/2026/joseangelaquino/laravel/vendor/laravel/framework/src/Illuminate/Foundation/Http/Middleware/VerifyCsrfToken.php(88): Illuminate\\Pipeline\\Pipeline->Illuminate\\Pipeline\\{closure}()
#20 /var/www/vhosts/ieslamarisma.net/httpdocs/proyectos/2026/joseangelaquino/laravel/vendor/laravel/framework/src/Illuminate/Pipeline/Pipeline.php(209): Illuminate\\Foundation\\Http\\Middleware\\VerifyCsrfToken->handle()
#21 /var/www/vhosts/ieslamarisma.net/httpdocs/proyectos/2026/joseangelaquino/laravel/vendor/laravel/framework/src/Illuminate/View/Middleware/ShareErrorsFromSession.php(49): Illuminate\\Pipeline\\Pipeline->Illuminate\\Pipeline\\{closure}()
#22 /var/www/vhosts/ieslamarisma.net/httpdocs/proyectos/2026/joseangelaquino/laravel/vendor/laravel/framework/src/Illuminate/Pipeline/Pipeline.php(209): Illuminate\\View\\Middleware\\ShareErrorsFromSession->handle()
#23 /var/www/vhosts/ieslamarisma.net/httpdocs/proyectos/2026/joseangelaquino/laravel/vendor/laravel/framework/src/Illuminate/Session/Middleware/StartSession.php(121): Illuminate\\Pipeline\\Pipeline->Illuminate\\Pipeline\\{closure}()
#24 /var/www/vhosts/ieslamarisma.net/httpdocs/proyectos/2026/joseangelaquino/laravel/vendor/laravel/framework/src/Illuminate/Session/Middleware/StartSession.php(64): Illuminate\\Session\\Middleware\\StartSession->handleStatefulRequest()
#25 /var/www/vhosts/ieslamarisma.net/httpdocs/proyectos/2026/joseangelaquino/laravel/vendor/laravel/framework/src/Illuminate/Pipeline/Pipeline.php(209): Illuminate\\Session\\Middleware\\StartSession->handle()
#26 /var/www/vhosts/ieslamarisma.net/httpdocs/proyectos/2026/joseangelaquino/laravel/vendor/laravel/framework/src/Illuminate/Cookie/Middleware/AddQueuedCookiesToResponse.php(37): Illuminate\\Pipeline\\Pipeline->Illuminate\\Pipeline\\{closure}()
#27 /var/www/vhosts/ieslamarisma.net/httpdocs/proyectos/2026/joseangelaquino/laravel/vendor/laravel/framework/src/Illuminate/Pipeline/Pipeline.php(209): Illuminate\\Cookie\\Middleware\\AddQueuedCookiesToResponse->handle()
#28 /var/www/vhosts/ieslamarisma.net/httpdocs/proyectos/2026/joseangelaquino/laravel/vendor/laravel/framework/src/Illuminate/Cookie/Middleware/EncryptCookies.php(75): Illuminate\\Pipeline\\Pipeline->Illuminate\\Pipeline\\{closure}()
#29 /var/www/vhosts/ieslamarisma.net/httpdocs/proyectos/2026/joseangelaquino/laravel/vendor/laravel/framework/src/Illuminate/Pipeline/Pipeline.php(209): Illuminate\\Cookie\\Middleware\\EncryptCookies->handle()
#30 /var/www/vhosts/ieslamarisma.net/httpdocs/proyectos/2026/joseangelaquino/laravel/vendor/laravel/framework/src/Illuminate/Pipeline/Pipeline.php(127): Illuminate\\Pipeline\\Pipeline->Illuminate\\Pipeline\\{closure}()
#31 /var/www/vhosts/ieslamarisma.net/httpdocs/proyectos/2026/joseangelaquino/laravel/vendor/laravel/framework/src/Illuminate/Routing/Router.php(807): Illuminate\\Pipeline\\Pipeline->then()
#32 /var/www/vhosts/ieslamarisma.net/httpdocs/proyectos/2026/joseangelaquino/laravel/vendor/laravel/framework/src/Illuminate/Routing/Router.php(786): Illuminate\\Routing\\Router->runRouteWithinStack()
#33 /var/www/vhosts/ieslamarisma.net/httpdocs/proyectos/2026/joseangelaquino/laravel/vendor/laravel/framework/src/Illuminate/Routing/Router.php(750): Illuminate\\Routing\\Router->runRoute()
#34 /var/www/vhosts/ieslamarisma.net/httpdocs/proyectos/2026/joseangelaquino/laravel/vendor/laravel/framework/src/Illuminate/Routing/Router.php(739): Illuminate\\Routing\\Router->dispatchToRoute()
#35 /var/www/vhosts/ieslamarisma.net/httpdocs/proyectos/2026/joseangelaquino/laravel/vendor/laravel/framework/src/Illuminate/Foundation/Http/Kernel.php(201): Illuminate\\Routing\\Router->dispatch()
#36 /var/www/vhosts/ieslamarisma.net/httpdocs/proyectos/2026/joseangelaquino/laravel/vendor/laravel/framework/src/Illuminate/Pipeline/Pipeline.php(170): Illuminate\\Foundation\\Http\\Kernel->Illuminate\\Foundation\\Http\\{closure}()
#37 /var/www/vhosts/ieslamarisma.net/httpdocs/proyectos/2026/joseangelaquino/laravel/vendor/laravel/framework/src/Illuminate/Foundation/Http/Middleware/TransformsRequest.php(21): Illuminate\\Pipeline\\Pipeline->Illuminate\\Pipeline\\{closure}()
#38 /var/www/vhosts/ieslamarisma.net/httpdocs/proyectos/2026/joseangelaquino/laravel/vendor/laravel/framework/src/Illuminate/Foundation/Http/Middleware/ConvertEmptyStringsToNull.php(31): Illuminate\\Foundation\\Http\\Middleware\\TransformsRequest->handle()
#39 /var/www/vhosts/ieslamarisma.net/httpdocs/proyectos/2026/joseangelaquino/laravel/vendor/laravel/framework/src/Illuminate/Pipeline/Pipeline.php(209): Illuminate\\Foundation\\Http\\Middleware\\ConvertEmptyStringsToNull->handle()
#40 /var/www/vhosts/ieslamarisma.net/httpdocs/proyectos/2026/joseangelaquino/laravel/vendor/laravel/framework/src/Illuminate/Foundation/Http/Middleware/TransformsRequest.php(21): Illuminate\\Pipeline\\Pipeline->Illuminate\\Pipeline\\{closure}()
#41 /var/www/vhosts/ieslamarisma.net/httpdocs/proyectos/2026/joseangelaquino/laravel/vendor/laravel/framework/src/Illuminate/Foundation/Http/Middleware/TrimStrings.php(51): Illuminate\\Foundation\\Http\\Middleware\\TransformsRequest->handle()
#42 /var/www/vhosts/ieslamarisma.net/httpdocs/proyectos/2026/joseangelaquino/laravel/vendor/laravel/framework/src/Illuminate/Pipeline/Pipeline.php(209): Illuminate\\Foundation\\Http\\Middleware\\TrimStrings->handle()
#43 /var/www/vhosts/ieslamarisma.net/httpdocs/proyectos/2026/joseangelaquino/laravel/vendor/laravel/framework/src/Illuminate/Http/Middleware/ValidatePostSize.php(27): Illuminate\\Pipeline\\Pipeline->Illuminate\\Pipeline\\{closure}()
#44 /var/www/vhosts/ieslamarisma.net/httpdocs/proyectos/2026/joseangelaquino/laravel/vendor/laravel/framework/src/Illuminate/Pipeline/Pipeline.php(209): Illuminate\\Http\\Middleware\\ValidatePostSize->handle()
#45 /var/www/vhosts/ieslamarisma.net/httpdocs/proyectos/2026/joseangelaquino/laravel/vendor/laravel/framework/src/Illuminate/Foundation/Http/Middleware/PreventRequestsDuringMaintenance.php(110): Illuminate\\Pipeline\\Pipeline->Illuminate\\Pipeline\\{closure}()
#46 /var/www/vhosts/ieslamarisma.net/httpdocs/proyectos/2026/joseangelaquino/laravel/vendor/laravel/framework/src/Illuminate/Pipeline/Pipeline.php(209): Illuminate\\Foundation\\Http\\Middleware\\PreventRequestsDuringMaintenance->handle()
#47 /var/www/vhosts/ieslamarisma.net/httpdocs/proyectos/2026/joseangelaquino/laravel/vendor/laravel/framework/src/Illuminate/Http/Middleware/HandleCors.php(49): Illuminate\\Pipeline\\Pipeline->Illuminate\\Pipeline\\{closure}()
#48 /var/www/vhosts/ieslamarisma.net/httpdocs/proyectos/2026/joseangelaquino/laravel/vendor/laravel/framework/src/Illuminate/Pipeline/Pipeline.php(209): Illuminate\\Http\\Middleware\\HandleCors->handle()
#49 /var/www/vhosts/ieslamarisma.net/httpdocs/proyectos/2026/joseangelaquino/laravel/vendor/laravel/framework/src/Illuminate/Http/Middleware/TrustProxies.php(58): Illuminate\\Pipeline\\Pipeline->Illuminate\\Pipeline\\{closure}()
#50 /var/www/vhosts/ieslamarisma.net/httpdocs/proyectos/2026/joseangelaquino/laravel/vendor/laravel/framework/src/Illuminate/Pipeline/Pipeline.php(209): Illuminate\\Http\\Middleware\\TrustProxies->handle()
#51 /var/www/vhosts/ieslamarisma.net/httpdocs/proyectos/2026/joseangelaquino/laravel/vendor/laravel/framework/src/Illuminate/Foundation/Http/Middleware/InvokeDeferredCallbacks.php(22): Illuminate\\Pipeline\\Pipeline->Illuminate\\Pipeline\\{closure}()
#52 /var/www/vhosts/ieslamarisma.net/httpdocs/proyectos/2026/joseangelaquino/laravel/vendor/laravel/framework/src/Illuminate/Pipeline/Pipeline.php(209): Illuminate\\Foundation\\Http\\Middleware\\InvokeDeferredCallbacks->handle()
#53 /var/www/vhosts/ieslamarisma.net/httpdocs/proyectos/2026/joseangelaquino/laravel/vendor/laravel/framework/src/Illuminate/Pipeline/Pipeline.php(127): Illuminate\\Pipeline\\Pipeline->Illuminate\\Pipeline\\{closure}()
#54 /var/www/vhosts/ieslamarisma.net/httpdocs/proyectos/2026/joseangelaquino/laravel/vendor/laravel/framework/src/Illuminate/Foundation/Http/Kernel.php(176): Illuminate\\Pipeline\\Pipeline->then()
#55 /var/www/vhosts/ieslamarisma.net/httpdocs/proyectos/2026/joseangelaquino/laravel/vendor/laravel/framework/src/Illuminate/Foundation/Http/Kernel.php(145): Illuminate\\Foundation\\Http\\Kernel->sendRequestThroughRouter()
#56 /var/www/vhosts/ieslamarisma.net/httpdocs/proyectos/2026/joseangelaquino/gym-reservas/index.php(28): Illuminate\\Foundation\\Http\\Kernel->handle()
#57 {main}

[previous exception] [object] (Symfony\\Component\\Routing\\Exception\\RouteNotFoundException(code: 0): Route [admin.users.index] not defined. at /var/www/vhosts/ieslamarisma.net/httpdocs/proyectos/2026/joseangelaquino/laravel/vendor/laravel/framework/src/Illuminate/Routing/UrlGenerator.php:517)
[stacktrace]
#0 /var/www/vhosts/ieslamarisma.net/httpdocs/proyectos/2026/joseangelaquino/laravel/vendor/laravel/framework/src/Illuminate/Foundation/helpers.php(853): Illuminate\\Routing\\UrlGenerator->route()
#1 /var/www/vhosts/ieslamarisma.net/httpdocs/proyectos/2026/joseangelaquino/laravel/storage/framework/views/6dc83630019f0f6345a8c2d475d33437.php(469): route()
#2 /var/www/vhosts/ieslamarisma.net/httpdocs/proyectos/2026/joseangelaquino/laravel/vendor/laravel/framework/src/Illuminate/Filesystem/Filesystem.php(123): require('...')
#3 /var/www/vhosts/ieslamarisma.net/httpdocs/proyectos/2026/joseangelaquino/laravel/vendor/laravel/framework/src/Illuminate/Filesystem/Filesystem.php(124): Illuminate\\Filesystem\\Filesystem::Illuminate\\Filesystem\\{closure}()
#4 /var/www/vhosts/ieslamarisma.net/httpdocs/proyectos/2026/joseangelaquino/laravel/vendor/laravel/framework/src/Illuminate/View/Engines/PhpEngine.php(58): Illuminate\\Filesystem\\Filesystem->getRequire()
#5 /var/www/vhosts/ieslamarisma.net/httpdocs/proyectos/2026/joseangelaquino/laravel/vendor/laravel/framework/src/Illuminate/View/Engines/CompilerEngine.php(75): Illuminate\\View\\Engines\\PhpEngine->evaluatePath()
#6 /var/www/vhosts/ieslamarisma.net/httpdocs/proyectos/2026/joseangelaquino/laravel/vendor/laravel/framework/src/Illuminate/View/View.php(209): Illuminate\\View\\Engines\\CompilerEngine->get()
#7 /var/www/vhosts/ieslamarisma.net/httpdocs/proyectos/2026/joseangelaquino/laravel/vendor/laravel/framework/src/Illuminate/View/View.php(192): Illuminate\\View\\View->getContents()
#8 /var/www/vhosts/ieslamarisma.net/httpdocs/proyectos/2026/joseangelaquino/laravel/vendor/laravel/framework/src/Illuminate/View/View.php(161): Illuminate\\View\\View->renderContents()
#9 /var/www/vhosts/ieslamarisma.net/httpdocs/proyectos/2026/joseangelaquino/laravel/vendor/laravel/framework/src/Illuminate/Http/Response.php(79): Illuminate\\View\\View->render()
#10 /var/www/vhosts/ieslamarisma.net/httpdocs/proyectos/2026/joseangelaquino/laravel/vendor/laravel/framework/src/Illuminate/Http/Response.php(35): Illuminate\\Http\\Response->setContent()
#11 /var/www/vhosts/ieslamarisma.net/httpdocs/proyectos/2026/joseangelaquino/laravel/vendor/laravel/framework/src/Illuminate/Routing/Router.php(920): Illuminate\\Http\\Response->__construct()
#12 /var/www/vhosts/ieslamarisma.net/httpdocs/proyectos/2026/joseangelaquino/laravel/vendor/laravel/framework/src/Illuminate/Routing/Router.php(887): Illuminate\\Routing\\Router::toResponse()
#13 /var/www/vhosts/ieslamarisma.net/httpdocs/proyectos/2026/joseangelaquino/laravel/vendor/laravel/framework/src/Illuminate/Routing/Router.php(807): Illuminate\\Routing\\Router->prepareResponse()
#14 /var/www/vhosts/ieslamarisma.net/httpdocs/proyectos/2026/joseangelaquino/laravel/vendor/laravel/framework/src/Illuminate/Pipeline/Pipeline.php(170): Illuminate\\Routing\\Router->Illuminate\\Routing\\{closure}()
#15 /var/www/vhosts/ieslamarisma.net/httpdocs/proyectos/2026/joseangelaquino/laravel/vendor/laravel/framework/src/Illuminate/Http/Middleware/AddLinkHeadersForPreloadedAssets.php(20): Illuminate\\Pipeline\\Pipeline->Illuminate\\Pipeline\\{closure}()
#16 /var/www/vhosts/ieslamarisma.net/httpdocs/proyectos/2026/joseangelaquino/laravel/vendor/laravel/framework/src/Illuminate/Pipeline/Pipeline.php(209): Illuminate\\Http\\Middleware\\AddLinkHeadersForPreloadedAssets->handle()
#17 /var/www/vhosts/ieslamarisma.net/httpdocs/proyectos/2026/joseangelaquino/laravel/vendor/inertiajs/inertia-laravel/src/Middleware.php(122): Illuminate\\Pipeline\\Pipeline->Illuminate\\Pipeline\\{closure}()
#18 /var/www/vhosts/ieslamarisma.net/httpdocs/proyectos/2026/joseangelaquino/laravel/vendor/laravel/framework/src/Illuminate/Pipeline/Pipeline.php(209): Inertia\\Middleware->handle()
#19 /var/www/vhosts/ieslamarisma.net/httpdocs/proyectos/2026/joseangelaquino/laravel/vendor/laravel/framework/src/Illuminate/Routing/Middleware/SubstituteBindings.php(51): Illuminate\\Pipeline\\Pipeline->Illuminate\\Pipeline\\{closure}()
#20 /var/www/vhosts/ieslamarisma.net/httpdocs/proyectos/2026/joseangelaquino/laravel/vendor/laravel/framework/src/Illuminate/Pipeline/Pipeline.php(209): Illuminate\\Routing\\Middleware\\SubstituteBindings->handle()
#21 /var/www/vhosts/ieslamarisma.net/httpdocs/proyectos/2026/joseangelaquino/laravel/vendor/laravel/framework/src/Illuminate/Auth/Middleware/Authenticate.php(64): Illuminate\\Pipeline\\Pipeline->Illuminate\\Pipeline\\{closure}()
#22 /var/www/vhosts/ieslamarisma.net/httpdocs/proyectos/2026/joseangelaquino/laravel/vendor/laravel/framework/src/Illuminate/Pipeline/Pipeline.php(209): Illuminate\\Auth\\Middleware\\Authenticate->handle()
#23 /var/www/vhosts/ieslamarisma.net/httpdocs/proyectos/2026/joseangelaquino/laravel/vendor/laravel/framework/src/Illuminate/Foundation/Http/Middleware/VerifyCsrfToken.php(88): Illuminate\\Pipeline\\Pipeline->Illuminate\\Pipeline\\{closure}()
#24 /var/www/vhosts/ieslamarisma.net/httpdocs/proyectos/2026/joseangelaquino/laravel/vendor/laravel/framework/src/Illuminate/Pipeline/Pipeline.php(209): Illuminate\\Foundation\\Http\\Middleware\\VerifyCsrfToken->handle()
#25 /var/www/vhosts/ieslamarisma.net/httpdocs/proyectos/2026/joseangelaquino/laravel/vendor/laravel/framework/src/Illuminate/View/Middleware/ShareErrorsFromSession.php(49): Illuminate\\Pipeline\\Pipeline->Illuminate\\Pipeline\\{closure}()
#26 /var/www/vhosts/ieslamarisma.net/httpdocs/proyectos/2026/joseangelaquino/laravel/vendor/laravel/framework/src/Illuminate/Pipeline/Pipeline.php(209): Illuminate\\View\\Middleware\\ShareErrorsFromSession->handle()
#27 /var/www/vhosts/ieslamarisma.net/httpdocs/proyectos/2026/joseangelaquino/laravel/vendor/laravel/framework/src/Illuminate/Session/Middleware/StartSession.php(121): Illuminate\\Pipeline\\Pipeline->Illuminate\\Pipeline\\{closure}()
#28 /var/www/vhosts/ieslamarisma.net/httpdocs/proyectos/2026/joseangelaquino/laravel/vendor/laravel/framework/src/Illuminate/Session/Middleware/StartSession.php(64): Illuminate\\Session\\Middleware\\StartSession->handleStatefulRequest()
#29 /var/www/vhosts/ieslamarisma.net/httpdocs/proyectos/2026/joseangelaquino/laravel/vendor/laravel/framework/src/Illuminate/Pipeline/Pipeline.php(209): Illuminate\\Session\\Middleware\\StartSession->handle()
#30 /var/www/vhosts/ieslamarisma.net/httpdocs/proyectos/2026/joseangelaquino/laravel/vendor/laravel/framework/src/Illuminate/Cookie/Middleware/AddQueuedCookiesToResponse.php(37): Illuminate\\Pipeline\\Pipeline->Illuminate\\Pipeline\\{closure}()
#31 /var/www/vhosts/ieslamarisma.net/httpdocs/proyectos/2026/joseangelaquino/laravel/vendor/laravel/framework/src/Illuminate/Pipeline/Pipeline.php(209): Illuminate\\Cookie\\Middleware\\AddQueuedCookiesToResponse->handle()
#32 /var/www/vhosts/ieslamarisma.net/httpdocs/proyectos/2026/joseangelaquino/laravel/vendor/laravel/framework/src/Illuminate/Cookie/Middleware/EncryptCookies.php(75): Illuminate\\Pipeline\\Pipeline->Illuminate\\Pipeline\\{closure}()
#33 /var/www/vhosts/ieslamarisma.net/httpdocs/proyectos/2026/joseangelaquino/laravel/vendor/laravel/framework/src/Illuminate/Pipeline/Pipeline.php(209): Illuminate\\Cookie\\Middleware\\EncryptCookies->handle()
#34 /var/www/vhosts/ieslamarisma.net/httpdocs/proyectos/2026/joseangelaquino/laravel/vendor/laravel/framework/src/Illuminate/Pipeline/Pipeline.php(127): Illuminate\\Pipeline\\Pipeline->Illuminate\\Pipeline\\{closure}()
#35 /var/www/vhosts/ieslamarisma.net/httpdocs/proyectos/2026/joseangelaquino/laravel/vendor/laravel/framework/src/Illuminate/Routing/Router.php(807): Illuminate\\Pipeline\\Pipeline->then()
#36 /var/www/vhosts/ieslamarisma.net/httpdocs/proyectos/2026/joseangelaquino/laravel/vendor/laravel/framework/src/Illuminate/Routing/Router.php(786): Illuminate\\Routing\\Router->runRouteWithinStack()
#37 /var/www/vhosts/ieslamarisma.net/httpdocs/proyectos/2026/joseangelaquino/laravel/vendor/laravel/framework/src/Illuminate/Routing/Router.php(750): Illuminate\\Routing\\Router->runRoute()
#38 /var/www/vhosts/ieslamarisma.net/httpdocs/proyectos/2026/joseangelaquino/laravel/vendor/laravel/framework/src/Illuminate/Routing/Router.php(739): Illuminate\\Routing\\Router->dispatchToRoute()
#39 /var/www/vhosts/ieslamarisma.net/httpdocs/proyectos/2026/joseangelaquino/laravel/vendor/laravel/framework/src/Illuminate/Foundation/Http/Kernel.php(201): Illuminate\\Routing\\Router->dispatch()
#40 /var/www/vhosts/ieslamarisma.net/httpdocs/proyectos/2026/joseangelaquino/laravel/vendor/laravel/framework/src/Illuminate/Pipeline/Pipeline.php(170): Illuminate\\Foundation\\Http\\Kernel->Illuminate\\Foundation\\Http\\{closure}()
#41 /var/www/vhosts/ieslamarisma.net/httpdocs/proyectos/2026/joseangelaquino/laravel/vendor/laravel/framework/src/Illuminate/Foundation/Http/Middleware/TransformsRequest.php(21): Illuminate\\Pipeline\\Pipeline->Illuminate\\Pipeline\\{closure}()
#42 /var/www/vhosts/ieslamarisma.net/httpdocs/proyectos/2026/joseangelaquino/laravel/vendor/laravel/framework/src/Illuminate/Foundation/Http/Middleware/ConvertEmptyStringsToNull.php(31): Illuminate\\Foundation\\Http\\Middleware\\TransformsRequest->handle()
#43 /var/www/vhosts/ieslamarisma.net/httpdocs/proyectos/2026/joseangelaquino/laravel/vendor/laravel/framework/src/Illuminate/Pipeline/Pipeline.php(209): Illuminate\\Foundation\\Http\\Middleware\\ConvertEmptyStringsToNull->handle()
#44 /var/www/vhosts/ieslamarisma.net/httpdocs/proyectos/2026/joseangelaquino/laravel/vendor/laravel/framework/src/Illuminate/Foundation/Http/Middleware/TransformsRequest.php(21): Illuminate\\Pipeline\\Pipeline->Illuminate\\Pipeline\\{closure}()
#45 /var/www/vhosts/ieslamarisma.net/httpdocs/proyectos/2026/joseangelaquino/laravel/vendor/laravel/framework/src/Illuminate/Foundation/Http/Middleware/TrimStrings.php(51): Illuminate\\Foundation\\Http\\Middleware\\TransformsRequest->handle()
#46 /var/www/vhosts/ieslamarisma.net/httpdocs/proyectos/2026/joseangelaquino/laravel/vendor/laravel/framework/src/Illuminate/Pipeline/Pipeline.php(209): Illuminate\\Foundation\\Http\\Middleware\\TrimStrings->handle()
#47 /var/www/vhosts/ieslamarisma.net/httpdocs/proyectos/2026/joseangelaquino/laravel/vendor/laravel/framework/src/Illuminate/Http/Middleware/ValidatePostSize.php(27): Illuminate\\Pipeline\\Pipeline->Illuminate\\Pipeline\\{closure}()
#48 /var/www/vhosts/ieslamarisma.net/httpdocs/proyectos/2026/joseangelaquino/laravel/vendor/laravel/framework/src/Illuminate/Pipeline/Pipeline.php(209): Illuminate\\Http\\Middleware\\ValidatePostSize->handle()
#49 /var/www/vhosts/ieslamarisma.net/httpdocs/proyectos/2026/joseangelaquino/laravel/vendor/laravel/framework/src/Illuminate/Foundation/Http/Middleware/PreventRequestsDuringMaintenance.php(110): Illuminate\\Pipeline\\Pipeline->Illuminate\\Pipeline\\{closure}()
#50 /var/www/vhosts/ieslamarisma.net/httpdocs/proyectos/2026/joseangelaquino/laravel/vendor/laravel/framework/src/Illuminate/Pipeline/Pipeline.php(209): Illuminate\\Foundation\\Http\\Middleware\\PreventRequestsDuringMaintenance->handle()
#51 /var/www/vhosts/ieslamarisma.net/httpdocs/proyectos/2026/joseangelaquino/laravel/vendor/laravel/framework/src/Illuminate/Http/Middleware/HandleCors.php(49): Illuminate\\Pipeline\\Pipeline->Illuminate\\Pipeline\\{closure}()
#52 /var/www/vhosts/ieslamarisma.net/httpdocs/proyectos/2026/joseangelaquino/laravel/vendor/laravel/framework/src/Illuminate/Pipeline/Pipeline.php(209): Illuminate\\Http\\Middleware\\HandleCors->handle()
#53 /var/www/vhosts/ieslamarisma.net/httpdocs/proyectos/2026/joseangelaquino/laravel/vendor/laravel/framework/src/Illuminate/Http/Middleware/TrustProxies.php(58): Illuminate\\Pipeline\\Pipeline->Illuminate\\Pipeline\\{closure}()
#54 /var/www/vhosts/ieslamarisma.net/httpdocs/proyectos/2026/joseangelaquino/laravel/vendor/laravel/framework/src/Illuminate/Pipeline/Pipeline.php(209): Illuminate\\Http\\Middleware\\TrustProxies->handle()
#55 /var/www/vhosts/ieslamarisma.net/httpdocs/proyectos/2026/joseangelaquino/laravel/vendor/laravel/framework/src/Illuminate/Foundation/Http/Middleware/InvokeDeferredCallbacks.php(22): Illuminate\\Pipeline\\Pipeline->Illuminate\\Pipeline\\{closure}()
#56 /var/www/vhosts/ieslamarisma.net/httpdocs/proyectos/2026/joseangelaquino/laravel/vendor/laravel/framework/src/Illuminate/Pipeline/Pipeline.php(209): Illuminate\\Foundation\\Http\\Middleware\\InvokeDeferredCallbacks->handle()
#57 /var/www/vhosts/ieslamarisma.net/httpdocs/proyectos/2026/joseangelaquino/laravel/vendor/laravel/framework/src/Illuminate/Pipeline/Pipeline.php(127): Illuminate\\Pipeline\\Pipeline->Illuminate\\Pipeline\\{closure}()
#58 /var/www/vhosts/ieslamarisma.net/httpdocs/proyectos/2026/joseangelaquino/laravel/vendor/laravel/framework/src/Illuminate/Foundation/Http/Kernel.php(176): Illuminate\\Pipeline\\Pipeline->then()
#59 /var/www/vhosts/ieslamarisma.net/httpdocs/proyectos/2026/joseangelaquino/laravel/vendor/laravel/framework/src/Illuminate/Foundation/Http/Kernel.php(145): Illuminate\\Foundation\\Http\\Kernel->sendRequestThroughRouter()
#60 /var/www/vhosts/ieslamarisma.net/httpdocs/proyectos/2026/joseangelaquino/gym-reservas/index.php(28): Illuminate\\Foundation\\Http\\Kernel->handle()
#61 {main}
"} 
[2026-05-12 23:18:02] production.ERROR: Target class [admin] does not exist. {"userId":14,"exception":"[object] (Illuminate\\Contracts\\Container\\BindingResolutionException(code: 0): Target class [admin] does not exist. at /var/www/vhosts/ieslamarisma.net/httpdocs/proyectos/2026/joseangelaquino/laravel/vendor/laravel/framework/src/Illuminate/Container/Container.php:961)
[stacktrace]
#0 /var/www/vhosts/ieslamarisma.net/httpdocs/proyectos/2026/joseangelaquino/laravel/vendor/laravel/framework/src/Illuminate/Container/Container.php(832): Illuminate\\Container\\Container->build()
#1 /var/www/vhosts/ieslamarisma.net/httpdocs/proyectos/2026/joseangelaquino/laravel/vendor/laravel/framework/src/Illuminate/Foundation/Application.php(1078): Illuminate\\Container\\Container->resolve()
#2 /var/www/vhosts/ieslamarisma.net/httpdocs/proyectos/2026/joseangelaquino/laravel/vendor/laravel/framework/src/Illuminate/Container/Container.php(763): Illuminate\\Foundation\\Application->resolve()
#3 /var/www/vhosts/ieslamarisma.net/httpdocs/proyectos/2026/joseangelaquino/laravel/vendor/laravel/framework/src/Illuminate/Foundation/Application.php(1058): Illuminate\\Container\\Container->make()
#4 /var/www/vhosts/ieslamarisma.net/httpdocs/proyectos/2026/joseangelaquino/laravel/vendor/laravel/framework/src/Illuminate/Pipeline/Pipeline.php(198): Illuminate\\Foundation\\Application->make()
#5 /var/www/vhosts/ieslamarisma.net/httpdocs/proyectos/2026/joseangelaquino/laravel/vendor/laravel/framework/src/Illuminate/Http/Middleware/AddLinkHeadersForPreloadedAssets.php(20): Illuminate\\Pipeline\\Pipeline->Illuminate\\Pipeline\\{closure}()
#6 /var/www/vhosts/ieslamarisma.net/httpdocs/proyectos/2026/joseangelaquino/laravel/vendor/laravel/framework/src/Illuminate/Pipeline/Pipeline.php(209): Illuminate\\Http\\Middleware\\AddLinkHeadersForPreloadedAssets->handle()
#7 /var/www/vhosts/ieslamarisma.net/httpdocs/proyectos/2026/joseangelaquino/laravel/vendor/inertiajs/inertia-laravel/src/Middleware.php(122): Illuminate\\Pipeline\\Pipeline->Illuminate\\Pipeline\\{closure}()
#8 /var/www/vhosts/ieslamarisma.net/httpdocs/proyectos/2026/joseangelaquino/laravel/vendor/laravel/framework/src/Illuminate/Pipeline/Pipeline.php(209): Inertia\\Middleware->handle()
#9 /var/www/vhosts/ieslamarisma.net/httpdocs/proyectos/2026/joseangelaquino/laravel/vendor/laravel/framework/src/Illuminate/Routing/Middleware/SubstituteBindings.php(51): Illuminate\\Pipeline\\Pipeline->Illuminate\\Pipeline\\{closure}()
#10 /var/www/vhosts/ieslamarisma.net/httpdocs/proyectos/2026/joseangelaquino/laravel/vendor/laravel/framework/src/Illuminate/Pipeline/Pipeline.php(209): Illuminate\\Routing\\Middleware\\SubstituteBindings->handle()
#11 /var/www/vhosts/ieslamarisma.net/httpdocs/proyectos/2026/joseangelaquino/laravel/vendor/laravel/framework/src/Illuminate/Auth/Middleware/Authenticate.php(64): Illuminate\\Pipeline\\Pipeline->Illuminate\\Pipeline\\{closure}()
#12 /var/www/vhosts/ieslamarisma.net/httpdocs/proyectos/2026/joseangelaquino/laravel/vendor/laravel/framework/src/Illuminate/Pipeline/Pipeline.php(209): Illuminate\\Auth\\Middleware\\Authenticate->handle()
#13 /var/www/vhosts/ieslamarisma.net/httpdocs/proyectos/2026/joseangelaquino/laravel/vendor/laravel/framework/src/Illuminate/Foundation/Http/Middleware/VerifyCsrfToken.php(88): Illuminate\\Pipeline\\Pipeline->Illuminate\\Pipeline\\{closure}()
#14 /var/www/vhosts/ieslamarisma.net/httpdocs/proyectos/2026/joseangelaquino/laravel/vendor/laravel/framework/src/Illuminate/Pipeline/Pipeline.php(209): Illuminate\\Foundation\\Http\\Middleware\\VerifyCsrfToken->handle()
#15 /var/www/vhosts/ieslamarisma.net/httpdocs/proyectos/2026/joseangelaquino/laravel/vendor/laravel/framework/src/Illuminate/View/Middleware/ShareErrorsFromSession.php(49): Illuminate\\Pipeline\\Pipeline->Illuminate\\Pipeline\\{closure}()
#16 /var/www/vhosts/ieslamarisma.net/httpdocs/proyectos/2026/joseangelaquino/laravel/vendor/laravel/framework/src/Illuminate/Pipeline/Pipeline.php(209): Illuminate\\View\\Middleware\\ShareErrorsFromSession->handle()
#17 /var/www/vhosts/ieslamarisma.net/httpdocs/proyectos/2026/joseangelaquino/laravel/vendor/laravel/framework/src/Illuminate/Session/Middleware/StartSession.php(121): Illuminate\\Pipeline\\Pipeline->Illuminate\\Pipeline\\{closure}()
#18 /var/www/vhosts/ieslamarisma.net/httpdocs/proyectos/2026/joseangelaquino/laravel/vendor/laravel/framework/src/Illuminate/Session/Middleware/StartSession.php(64): Illuminate\\Session\\Middleware\\StartSession->handleStatefulRequest()
#19 /var/www/vhosts/ieslamarisma.net/httpdocs/proyectos/2026/joseangelaquino/laravel/vendor/laravel/framework/src/Illuminate/Pipeline/Pipeline.php(209): Illuminate\\Session\\Middleware\\StartSession->handle()
#20 /var/www/vhosts/ieslamarisma.net/httpdocs/proyectos/2026/joseangelaquino/laravel/vendor/laravel/framework/src/Illuminate/Cookie/Middleware/AddQueuedCookiesToResponse.php(37): Illuminate\\Pipeline\\Pipeline->Illuminate\\Pipeline\\{closure}()
#21 /var/www/vhosts/ieslamarisma.net/httpdocs/proyectos/2026/joseangelaquino/laravel/vendor/laravel/framework/src/Illuminate/Pipeline/Pipeline.php(209): Illuminate\\Cookie\\Middleware\\AddQueuedCookiesToResponse->handle()
#22 /var/www/vhosts/ieslamarisma.net/httpdocs/proyectos/2026/joseangelaquino/laravel/vendor/laravel/framework/src/Illuminate/Cookie/Middleware/EncryptCookies.php(75): Illuminate\\Pipeline\\Pipeline->Illuminate\\Pipeline\\{closure}()
#23 /var/www/vhosts/ieslamarisma.net/httpdocs/proyectos/2026/joseangelaquino/laravel/vendor/laravel/framework/src/Illuminate/Pipeline/Pipeline.php(209): Illuminate\\Cookie\\Middleware\\EncryptCookies->handle()
#24 /var/www/vhosts/ieslamarisma.net/httpdocs/proyectos/2026/joseangelaquino/laravel/vendor/laravel/framework/src/Illuminate/Pipeline/Pipeline.php(127): Illuminate\\Pipeline\\Pipeline->Illuminate\\Pipeline\\{closure}()
#25 /var/www/vhosts/ieslamarisma.net/httpdocs/proyectos/2026/joseangelaquino/laravel/vendor/laravel/framework/src/Illuminate/Routing/Router.php(807): Illuminate\\Pipeline\\Pipeline->then()
#26 /var/www/vhosts/ieslamarisma.net/httpdocs/proyectos/2026/joseangelaquino/laravel/vendor/laravel/framework/src/Illuminate/Routing/Router.php(786): Illuminate\\Routing\\Router->runRouteWithinStack()
#27 /var/www/vhosts/ieslamarisma.net/httpdocs/proyectos/2026/joseangelaquino/laravel/vendor/laravel/framework/src/Illuminate/Routing/Router.php(750): Illuminate\\Routing\\Router->runRoute()
#28 /var/www/vhosts/ieslamarisma.net/httpdocs/proyectos/2026/joseangelaquino/laravel/vendor/laravel/framework/src/Illuminate/Routing/Router.php(739): Illuminate\\Routing\\Router->dispatchToRoute()
#29 /var/www/vhosts/ieslamarisma.net/httpdocs/proyectos/2026/joseangelaquino/laravel/vendor/laravel/framework/src/Illuminate/Foundation/Http/Kernel.php(201): Illuminate\\Routing\\Router->dispatch()
#30 /var/www/vhosts/ieslamarisma.net/httpdocs/proyectos/2026/joseangelaquino/laravel/vendor/laravel/framework/src/Illuminate/Pipeline/Pipeline.php(170): Illuminate\\Foundation\\Http\\Kernel->Illuminate\\Foundation\\Http\\{closure}()
#31 /var/www/vhosts/ieslamarisma.net/httpdocs/proyectos/2026/joseangelaquino/laravel/vendor/laravel/framework/src/Illuminate/Foundation/Http/Middleware/TransformsRequest.php(21): Illuminate\\Pipeline\\Pipeline->Illuminate\\Pipeline\\{closure}()
#32 /var/www/vhosts/ieslamarisma.net/httpdocs/proyectos/2026/joseangelaquino/laravel/vendor/laravel/framework/src/Illuminate/Foundation/Http/Middleware/ConvertEmptyStringsToNull.php(31): Illuminate\\Foundation\\Http\\Middleware\\TransformsRequest->handle()
#33 /var/www/vhosts/ieslamarisma.net/httpdocs/proyectos/2026/joseangelaquino/laravel/vendor/laravel/framework/src/Illuminate/Pipeline/Pipeline.php(209): Illuminate\\Foundation\\Http\\Middleware\\ConvertEmptyStringsToNull->handle()
#34 /var/www/vhosts/ieslamarisma.net/httpdocs/proyectos/2026/joseangelaquino/laravel/vendor/laravel/framework/src/Illuminate/Foundation/Http/Middleware/TransformsRequest.php(21): Illuminate\\Pipeline\\Pipeline->Illuminate\\Pipeline\\{closure}()
#35 /var/www/vhosts/ieslamarisma.net/httpdocs/proyectos/2026/joseangelaquino/laravel/vendor/laravel/framework/src/Illuminate/Foundation/Http/Middleware/TrimStrings.php(51): Illuminate\\Foundation\\Http\\Middleware\\TransformsRequest->handle()
#36 /var/www/vhosts/ieslamarisma.net/httpdocs/proyectos/2026/joseangelaquino/laravel/vendor/laravel/framework/src/Illuminate/Pipeline/Pipeline.php(209): Illuminate\\Foundation\\Http\\Middleware\\TrimStrings->handle()
#37 /var/www/vhosts/ieslamarisma.net/httpdocs/proyectos/2026/joseangelaquino/laravel/vendor/laravel/framework/src/Illuminate/Http/Middleware/ValidatePostSize.php(27): Illuminate\\Pipeline\\Pipeline->Illuminate\\Pipeline\\{closure}()
#38 /var/www/vhosts/ieslamarisma.net/httpdocs/proyectos/2026/joseangelaquino/laravel/vendor/laravel/framework/src/Illuminate/Pipeline/Pipeline.php(209): Illuminate\\Http\\Middleware\\ValidatePostSize->handle()
#39 /var/www/vhosts/ieslamarisma.net/httpdocs/proyectos/2026/joseangelaquino/laravel/vendor/laravel/framework/src/Illuminate/Foundation/Http/Middleware/PreventRequestsDuringMaintenance.php(110): Illuminate\\Pipeline\\Pipeline->Illuminate\\Pipeline\\{closure}()
#40 /var/www/vhosts/ieslamarisma.net/httpdocs/proyectos/2026/joseangelaquino/laravel/vendor/laravel/framework/src/Illuminate/Pipeline/Pipeline.php(209): Illuminate\\Foundation\\Http\\Middleware\\PreventRequestsDuringMaintenance->handle()
#41 /var/www/vhosts/ieslamarisma.net/httpdocs/proyectos/2026/joseangelaquino/laravel/vendor/laravel/framework/src/Illuminate/Http/Middleware/HandleCors.php(49): Illuminate\\Pipeline\\Pipeline->Illuminate\\Pipeline\\{closure}()
#42 /var/www/vhosts/ieslamarisma.net/httpdocs/proyectos/2026/joseangelaquino/laravel/vendor/laravel/framework/src/Illuminate/Pipeline/Pipeline.php(209): Illuminate\\Http\\Middleware\\HandleCors->handle()
#43 /var/www/vhosts/ieslamarisma.net/httpdocs/proyectos/2026/joseangelaquino/laravel/vendor/laravel/framework/src/Illuminate/Http/Middleware/TrustProxies.php(58): Illuminate\\Pipeline\\Pipeline->Illuminate\\Pipeline\\{closure}()
#44 /var/www/vhosts/ieslamarisma.net/httpdocs/proyectos/2026/joseangelaquino/laravel/vendor/laravel/framework/src/Illuminate/Pipeline/Pipeline.php(209): Illuminate\\Http\\Middleware\\TrustProxies->handle()
#45 /var/www/vhosts/ieslamarisma.net/httpdocs/proyectos/2026/joseangelaquino/laravel/vendor/laravel/framework/src/Illuminate/Foundation/Http/Middleware/InvokeDeferredCallbacks.php(22): Illuminate\\Pipeline\\Pipeline->Illuminate\\Pipeline\\{closure}()
#46 /var/www/vhosts/ieslamarisma.net/httpdocs/proyectos/2026/joseangelaquino/laravel/vendor/laravel/framework/src/Illuminate/Pipeline/Pipeline.php(209): Illuminate\\Foundation\\Http\\Middleware\\InvokeDeferredCallbacks->handle()
#47 /var/www/vhosts/ieslamarisma.net/httpdocs/proyectos/2026/joseangelaquino/laravel/vendor/laravel/framework/src/Illuminate/Pipeline/Pipeline.php(127): Illuminate\\Pipeline\\Pipeline->Illuminate\\Pipeline\\{closure}()
#48 /var/www/vhosts/ieslamarisma.net/httpdocs/proyectos/2026/joseangelaquino/laravel/vendor/laravel/framework/src/Illuminate/Foundation/Http/Kernel.php(176): Illuminate\\Pipeline\\Pipeline->then()
#49 /var/www/vhosts/ieslamarisma.net/httpdocs/proyectos/2026/joseangelaquino/laravel/vendor/laravel/framework/src/Illuminate/Foundation/Http/Kernel.php(145): Illuminate\\Foundation\\Http\\Kernel->sendRequestThroughRouter()
#50 /var/www/vhosts/ieslamarisma.net/httpdocs/proyectos/2026/joseangelaquino/gym-reservas/index.php(28): Illuminate\\Foundation\\Http\\Kernel->handle()
#51 {main}

[previous exception] [object] (ReflectionException(code: -1): Class \"admin\" does not exist at /var/www/vhosts/ieslamarisma.net/httpdocs/proyectos/2026/joseangelaquino/laravel/vendor/laravel/framework/src/Illuminate/Container/Container.php:959)
[stacktrace]
#0 /var/www/vhosts/ieslamarisma.net/httpdocs/proyectos/2026/joseangelaquino/laravel/vendor/laravel/framework/src/Illuminate/Container/Container.php(959): ReflectionClass->__construct()
#1 /var/www/vhosts/ieslamarisma.net/httpdocs/proyectos/2026/joseangelaquino/laravel/vendor/laravel/framework/src/Illuminate/Container/Container.php(832): Illuminate\\Container\\Container->build()
#2 /var/www/vhosts/ieslamarisma.net/httpdocs/proyectos/2026/joseangelaquino/laravel/vendor/laravel/framework/src/Illuminate/Foundation/Application.php(1078): Illuminate\\Container\\Container->resolve()
#3 /var/www/vhosts/ieslamarisma.net/httpdocs/proyectos/2026/joseangelaquino/laravel/vendor/laravel/framework/src/Illuminate/Container/Container.php(763): Illuminate\\Foundation\\Application->resolve()
#4 /var/www/vhosts/ieslamarisma.net/httpdocs/proyectos/2026/joseangelaquino/laravel/vendor/laravel/framework/src/Illuminate/Foundation/Application.php(1058): Illuminate\\Container\\Container->make()
#5 /var/www/vhosts/ieslamarisma.net/httpdocs/proyectos/2026/joseangelaquino/laravel/vendor/laravel/framework/src/Illuminate/Pipeline/Pipeline.php(198): Illuminate\\Foundation\\Application->make()
#6 /var/www/vhosts/ieslamarisma.net/httpdocs/proyectos/2026/joseangelaquino/laravel/vendor/laravel/framework/src/Illuminate/Http/Middleware/AddLinkHeadersForPreloadedAssets.php(20): Illuminate\\Pipeline\\Pipeline->Illuminate\\Pipeline\\{closure}()
#7 /var/www/vhosts/ieslamarisma.net/httpdocs/proyectos/2026/joseangelaquino/laravel/vendor/laravel/framework/src/Illuminate/Pipeline/Pipeline.php(209): Illuminate\\Http\\Middleware\\AddLinkHeadersForPreloadedAssets->handle()
#8 /var/www/vhosts/ieslamarisma.net/httpdocs/proyectos/2026/joseangelaquino/laravel/vendor/inertiajs/inertia-laravel/src/Middleware.php(122): Illuminate\\Pipeline\\Pipeline->Illuminate\\Pipeline\\{closure}()
#9 /var/www/vhosts/ieslamarisma.net/httpdocs/proyectos/2026/joseangelaquino/laravel/vendor/laravel/framework/src/Illuminate/Pipeline/Pipeline.php(209): Inertia\\Middleware->handle()
#10 /var/www/vhosts/ieslamarisma.net/httpdocs/proyectos/2026/joseangelaquino/laravel/vendor/laravel/framework/src/Illuminate/Routing/Middleware/SubstituteBindings.php(51): Illuminate\\Pipeline\\Pipeline->Illuminate\\Pipeline\\{closure}()
#11 /var/www/vhosts/ieslamarisma.net/httpdocs/proyectos/2026/joseangelaquino/laravel/vendor/laravel/framework/src/Illuminate/Pipeline/Pipeline.php(209): Illuminate\\Routing\\Middleware\\SubstituteBindings->handle()
#12 /var/www/vhosts/ieslamarisma.net/httpdocs/proyectos/2026/joseangelaquino/laravel/vendor/laravel/framework/src/Illuminate/Auth/Middleware/Authenticate.php(64): Illuminate\\Pipeline\\Pipeline->Illuminate\\Pipeline\\{closure}()
#13 /var/www/vhosts/ieslamarisma.net/httpdocs/proyectos/2026/joseangelaquino/laravel/vendor/laravel/framework/src/Illuminate/Pipeline/Pipeline.php(209): Illuminate\\Auth\\Middleware\\Authenticate->handle()
#14 /var/www/vhosts/ieslamarisma.net/httpdocs/proyectos/2026/joseangelaquino/laravel/vendor/laravel/framework/src/Illuminate/Foundation/Http/Middleware/VerifyCsrfToken.php(88): Illuminate\\Pipeline\\Pipeline->Illuminate\\Pipeline\\{closure}()
#15 /var/www/vhosts/ieslamarisma.net/httpdocs/proyectos/2026/joseangelaquino/laravel/vendor/laravel/framework/src/Illuminate/Pipeline/Pipeline.php(209): Illuminate\\Foundation\\Http\\Middleware\\VerifyCsrfToken->handle()
#16 /var/www/vhosts/ieslamarisma.net/httpdocs/proyectos/2026/joseangelaquino/laravel/vendor/laravel/framework/src/Illuminate/View/Middleware/ShareErrorsFromSession.php(49): Illuminate\\Pipeline\\Pipeline->Illuminate\\Pipeline\\{closure}()
#17 /var/www/vhosts/ieslamarisma.net/httpdocs/proyectos/2026/joseangelaquino/laravel/vendor/laravel/framework/src/Illuminate/Pipeline/Pipeline.php(209): Illuminate\\View\\Middleware\\ShareErrorsFromSession->handle()
#18 /var/www/vhosts/ieslamarisma.net/httpdocs/proyectos/2026/joseangelaquino/laravel/vendor/laravel/framework/src/Illuminate/Session/Middleware/StartSession.php(121): Illuminate\\Pipeline\\Pipeline->Illuminate\\Pipeline\\{closure}()
#19 /var/www/vhosts/ieslamarisma.net/httpdocs/proyectos/2026/joseangelaquino/laravel/vendor/laravel/framework/src/Illuminate/Session/Middleware/StartSession.php(64): Illuminate\\Session\\Middleware\\StartSession->handleStatefulRequest()
#20 /var/www/vhosts/ieslamarisma.net/httpdocs/proyectos/2026/joseangelaquino/laravel/vendor/laravel/framework/src/Illuminate/Pipeline/Pipeline.php(209): Illuminate\\Session\\Middleware\\StartSession->handle()
#21 /var/www/vhosts/ieslamarisma.net/httpdocs/proyectos/2026/joseangelaquino/laravel/vendor/laravel/framework/src/Illuminate/Cookie/Middleware/AddQueuedCookiesToResponse.php(37): Illuminate\\Pipeline\\Pipeline->Illuminate\\Pipeline\\{closure}()
#22 /var/www/vhosts/ieslamarisma.net/httpdocs/proyectos/2026/joseangelaquino/laravel/vendor/laravel/framework/src/Illuminate/Pipeline/Pipeline.php(209): Illuminate\\Cookie\\Middleware\\AddQueuedCookiesToResponse->handle()
#23 /var/www/vhosts/ieslamarisma.net/httpdocs/proyectos/2026/joseangelaquino/laravel/vendor/laravel/framework/src/Illuminate/Cookie/Middleware/EncryptCookies.php(75): Illuminate\\Pipeline\\Pipeline->Illuminate\\Pipeline\\{closure}()
#24 /var/www/vhosts/ieslamarisma.net/httpdocs/proyectos/2026/joseangelaquino/laravel/vendor/laravel/framework/src/Illuminate/Pipeline/Pipeline.php(209): Illuminate\\Cookie\\Middleware\\EncryptCookies->handle()
#25 /var/www/vhosts/ieslamarisma.net/httpdocs/proyectos/2026/joseangelaquino/laravel/vendor/laravel/framework/src/Illuminate/Pipeline/Pipeline.php(127): Illuminate\\Pipeline\\Pipeline->Illuminate\\Pipeline\\{closure}()
#26 /var/www/vhosts/ieslamarisma.net/httpdocs/proyectos/2026/joseangelaquino/laravel/vendor/laravel/framework/src/Illuminate/Routing/Router.php(807): Illuminate\\Pipeline\\Pipeline->then()
#27 /var/www/vhosts/ieslamarisma.net/httpdocs/proyectos/2026/joseangelaquino/laravel/vendor/laravel/framework/src/Illuminate/Routing/Router.php(786): Illuminate\\Routing\\Router->runRouteWithinStack()
#28 /var/www/vhosts/ieslamarisma.net/httpdocs/proyectos/2026/joseangelaquino/laravel/vendor/laravel/framework/src/Illuminate/Routing/Router.php(750): Illuminate\\Routing\\Router->runRoute()
#29 /var/www/vhosts/ieslamarisma.net/httpdocs/proyectos/2026/joseangelaquino/laravel/vendor/laravel/framework/src/Illuminate/Routing/Router.php(739): Illuminate\\Routing\\Router->dispatchToRoute()
#30 /var/www/vhosts/ieslamarisma.net/httpdocs/proyectos/2026/joseangelaquino/laravel/vendor/laravel/framework/src/Illuminate/Foundation/Http/Kernel.php(201): Illuminate\\Routing\\Router->dispatch()
#31 /var/www/vhosts/ieslamarisma.net/httpdocs/proyectos/2026/joseangelaquino/laravel/vendor/laravel/framework/src/Illuminate/Pipeline/Pipeline.php(170): Illuminate\\Foundation\\Http\\Kernel->Illuminate\\Foundation\\Http\\{closure}()
#32 /var/www/vhosts/ieslamarisma.net/httpdocs/proyectos/2026/joseangelaquino/laravel/vendor/laravel/framework/src/Illuminate/Foundation/Http/Middleware/TransformsRequest.php(21): Illuminate\\Pipeline\\Pipeline->Illuminate\\Pipeline\\{closure}()
#33 /var/www/vhosts/ieslamarisma.net/httpdocs/proyectos/2026/joseangelaquino/laravel/vendor/laravel/framework/src/Illuminate/Foundation/Http/Middleware/ConvertEmptyStringsToNull.php(31): Illuminate\\Foundation\\Http\\Middleware\\TransformsRequest->handle()
#34 /var/www/vhosts/ieslamarisma.net/httpdocs/proyectos/2026/joseangelaquino/laravel/vendor/laravel/framework/src/Illuminate/Pipeline/Pipeline.php(209): Illuminate\\Foundation\\Http\\Middleware\\ConvertEmptyStringsToNull->handle()
#35 /var/www/vhosts/ieslamarisma.net/httpdocs/proyectos/2026/joseangelaquino/laravel/vendor/laravel/framework/src/Illuminate/Foundation/Http/Middleware/TransformsRequest.php(21): Illuminate\\Pipeline\\Pipeline->Illuminate\\Pipeline\\{closure}()
#36 /var/www/vhosts/ieslamarisma.net/httpdocs/proyectos/2026/joseangelaquino/laravel/vendor/laravel/framework/src/Illuminate/Foundation/Http/Middleware/TrimStrings.php(51): Illuminate\\Foundation\\Http\\Middleware\\TransformsRequest->handle()
#37 /var/www/vhosts/ieslamarisma.net/httpdocs/proyectos/2026/joseangelaquino/laravel/vendor/laravel/framework/src/Illuminate/Pipeline/Pipeline.php(209): Illuminate\\Foundation\\Http\\Middleware\\TrimStrings->handle()
#38 /var/www/vhosts/ieslamarisma.net/httpdocs/proyectos/2026/joseangelaquino/laravel/vendor/laravel/framework/src/Illuminate/Http/Middleware/ValidatePostSize.php(27): Illuminate\\Pipeline\\Pipeline->Illuminate\\Pipeline\\{closure}()
#39 /var/www/vhosts/ieslamarisma.net/httpdocs/proyectos/2026/joseangelaquino/laravel/vendor/laravel/framework/src/Illuminate/Pipeline/Pipeline.php(209): Illuminate\\Http\\Middleware\\ValidatePostSize->handle()
#40 /var/www/vhosts/ieslamarisma.net/httpdocs/proyectos/2026/joseangelaquino/laravel/vendor/laravel/framework/src/Illuminate/Foundation/Http/Middleware/PreventRequestsDuringMaintenance.php(110): Illuminate\\Pipeline\\Pipeline->Illuminate\\Pipeline\\{closure}()
#41 /var/www/vhosts/ieslamarisma.net/httpdocs/proyectos/2026/joseangelaquino/laravel/vendor/laravel/framework/src/Illuminate/Pipeline/Pipeline.php(209): Illuminate\\Foundation\\Http\\Middleware\\PreventRequestsDuringMaintenance->handle()
#42 /var/www/vhosts/ieslamarisma.net/httpdocs/proyectos/2026/joseangelaquino/laravel/vendor/laravel/framework/src/Illuminate/Http/Middleware/HandleCors.php(49): Illuminate\\Pipeline\\Pipeline->Illuminate\\Pipeline\\{closure}()
#43 /var/www/vhosts/ieslamarisma.net/httpdocs/proyectos/2026/joseangelaquino/laravel/vendor/laravel/framework/src/Illuminate/Pipeline/Pipeline.php(209): Illuminate\\Http\\Middleware\\HandleCors->handle()
#44 /var/www/vhosts/ieslamarisma.net/httpdocs/proyectos/2026/joseangelaquino/laravel/vendor/laravel/framework/src/Illuminate/Http/Middleware/TrustProxies.php(58): Illuminate\\Pipeline\\Pipeline->Illuminate\\Pipeline\\{closure}()
#45 /var/www/vhosts/ieslamarisma.net/httpdocs/proyectos/2026/joseangelaquino/laravel/vendor/laravel/framework/src/Illuminate/Pipeline/Pipeline.php(209): Illuminate\\Http\\Middleware\\TrustProxies->handle()
#46 /var/www/vhosts/ieslamarisma.net/httpdocs/proyectos/2026/joseangelaquino/laravel/vendor/laravel/framework/src/Illuminate/Foundation/Http/Middleware/InvokeDeferredCallbacks.php(22): Illuminate\\Pipeline\\Pipeline->Illuminate\\Pipeline\\{closure}()
#47 /var/www/vhosts/ieslamarisma.net/httpdocs/proyectos/2026/joseangelaquino/laravel/vendor/laravel/framework/src/Illuminate/Pipeline/Pipeline.php(209): Illuminate\\Foundation\\Http\\Middleware\\InvokeDeferredCallbacks->handle()
#48 /var/www/vhosts/ieslamarisma.net/httpdocs/proyectos/2026/joseangelaquino/laravel/vendor/laravel/framework/src/Illuminate/Pipeline/Pipeline.php(127): Illuminate\\Pipeline\\Pipeline->Illuminate\\Pipeline\\{closure}()
#49 /var/www/vhosts/ieslamarisma.net/httpdocs/proyectos/2026/joseangelaquino/laravel/vendor/laravel/framework/src/Illuminate/Foundation/Http/Kernel.php(176): Illuminate\\Pipeline\\Pipeline->then()
#50 /var/www/vhosts/ieslamarisma.net/httpdocs/proyectos/2026/joseangelaquino/laravel/vendor/laravel/framework/src/Illuminate/Foundation/Http/Kernel.php(145): Illuminate\\Foundation\\Http\\Kernel->sendRequestThroughRouter()
#51 /var/www/vhosts/ieslamarisma.net/httpdocs/proyectos/2026/joseangelaquino/gym-reservas/index.php(28): Illuminate\\Foundation\\Http\\Kernel->handle()
#52 {main}
"} 
[2026-05-12 23:18:02] production.ERROR: http_response_code(): Cannot set response code - headers already sent (output started at /var/www/vhosts/ieslamarisma.net/httpdocs/proyectos/2026/joseangelaquino/laravel/vendor/symfony/http-foundation/Response.php:388) {"userId":14,"exception":"[object] (ErrorException(code: 0): http_response_code(): Cannot set response code - headers already sent (output started at /var/www/vhosts/ieslamarisma.net/httpdocs/proyectos/2026/joseangelaquino/laravel/vendor/symfony/http-foundation/Response.php:388) at /var/www/vhosts/ieslamarisma.net/httpdocs/proyectos/2026/joseangelaquino/gym-reservas/index.php:41)
[stacktrace]
#0 /var/www/vhosts/ieslamarisma.net/httpdocs/proyectos/2026/joseangelaquino/laravel/vendor/laravel/framework/src/Illuminate/Foundation/Bootstrap/HandleExceptions.php(258): Illuminate\\Foundation\\Bootstrap\\HandleExceptions->handleError()
#1 [internal function]: Illuminate\\Foundation\\Bootstrap\\HandleExceptions->Illuminate\\Foundation\\Bootstrap\\{closure}()
#2 /var/www/vhosts/ieslamarisma.net/httpdocs/proyectos/2026/joseangelaquino/gym-reservas/index.php(41): http_response_code()
#3 {main}
"} 
[2026-05-12 23:18:08] production.ERROR: Target class [admin] does not exist. {"userId":14,"exception":"[object] (Illuminate\\Contracts\\Container\\BindingResolutionException(code: 0): Target class [admin] does not exist. at /var/www/vhosts/ieslamarisma.net/httpdocs/proyectos/2026/joseangelaquino/laravel/vendor/laravel/framework/src/Illuminate/Container/Container.php:961)
[stacktrace]
#0 /var/www/vhosts/ieslamarisma.net/httpdocs/proyectos/2026/joseangelaquino/laravel/vendor/laravel/framework/src/Illuminate/Container/Container.php(832): Illuminate\\Container\\Container->build()
#1 /var/www/vhosts/ieslamarisma.net/httpdocs/proyectos/2026/joseangelaquino/laravel/vendor/laravel/framework/src/Illuminate/Foundation/Application.php(1078): Illuminate\\Container\\Container->resolve()
#2 /var/www/vhosts/ieslamarisma.net/httpdocs/proyectos/2026/joseangelaquino/laravel/vendor/laravel/framework/src/Illuminate/Container/Container.php(763): Illuminate\\Foundation\\Application->resolve()
#3 /var/www/vhosts/ieslamarisma.net/httpdocs/proyectos/2026/joseangelaquino/laravel/vendor/laravel/framework/src/Illuminate/Foundation/Application.php(1058): Illuminate\\Container\\Container->make()
#4 /var/www/vhosts/ieslamarisma.net/httpdocs/proyectos/2026/joseangelaquino/laravel/vendor/laravel/framework/src/Illuminate/Pipeline/Pipeline.php(198): Illuminate\\Foundation\\Application->make()
#5 /var/www/vhosts/ieslamarisma.net/httpdocs/proyectos/2026/joseangelaquino/laravel/vendor/laravel/framework/src/Illuminate/Http/Middleware/AddLinkHeadersForPreloadedAssets.php(20): Illuminate\\Pipeline\\Pipeline->Illuminate\\Pipeline\\{closure}()
#6 /var/www/vhosts/ieslamarisma.net/httpdocs/proyectos/2026/joseangelaquino/laravel/vendor/laravel/framework/src/Illuminate/Pipeline/Pipeline.php(209): Illuminate\\Http\\Middleware\\AddLinkHeadersForPreloadedAssets->handle()
#7 /var/www/vhosts/ieslamarisma.net/httpdocs/proyectos/2026/joseangelaquino/laravel/vendor/inertiajs/inertia-laravel/src/Middleware.php(122): Illuminate\\Pipeline\\Pipeline->Illuminate\\Pipeline\\{closure}()
#8 /var/www/vhosts/ieslamarisma.net/httpdocs/proyectos/2026/joseangelaquino/laravel/vendor/laravel/framework/src/Illuminate/Pipeline/Pipeline.php(209): Inertia\\Middleware->handle()
#9 /var/www/vhosts/ieslamarisma.net/httpdocs/proyectos/2026/joseangelaquino/laravel/vendor/laravel/framework/src/Illuminate/Routing/Middleware/SubstituteBindings.php(51): Illuminate\\Pipeline\\Pipeline->Illuminate\\Pipeline\\{closure}()
#10 /var/www/vhosts/ieslamarisma.net/httpdocs/proyectos/2026/joseangelaquino/laravel/vendor/laravel/framework/src/Illuminate/Pipeline/Pipeline.php(209): Illuminate\\Routing\\Middleware\\SubstituteBindings->handle()
#11 /var/www/vhosts/ieslamarisma.net/httpdocs/proyectos/2026/joseangelaquino/laravel/vendor/laravel/framework/src/Illuminate/Auth/Middleware/Authenticate.php(64): Illuminate\\Pipeline\\Pipeline->Illuminate\\Pipeline\\{closure}()
#12 /var/www/vhosts/ieslamarisma.net/httpdocs/proyectos/2026/joseangelaquino/laravel/vendor/laravel/framework/src/Illuminate/Pipeline/Pipeline.php(209): Illuminate\\Auth\\Middleware\\Authenticate->handle()
#13 /var/www/vhosts/ieslamarisma.net/httpdocs/proyectos/2026/joseangelaquino/laravel/vendor/laravel/framework/src/Illuminate/Foundation/Http/Middleware/VerifyCsrfToken.php(88): Illuminate\\Pipeline\\Pipeline->Illuminate\\Pipeline\\{closure}()
#14 /var/www/vhosts/ieslamarisma.net/httpdocs/proyectos/2026/joseangelaquino/laravel/vendor/laravel/framework/src/Illuminate/Pipeline/Pipeline.php(209): Illuminate\\Foundation\\Http\\Middleware\\VerifyCsrfToken->handle()
#15 /var/www/vhosts/ieslamarisma.net/httpdocs/proyectos/2026/joseangelaquino/laravel/vendor/laravel/framework/src/Illuminate/View/Middleware/ShareErrorsFromSession.php(49): Illuminate\\Pipeline\\Pipeline->Illuminate\\Pipeline\\{closure}()
#16 /var/www/vhosts/ieslamarisma.net/httpdocs/proyectos/2026/joseangelaquino/laravel/vendor/laravel/framework/src/Illuminate/Pipeline/Pipeline.php(209): Illuminate\\View\\Middleware\\ShareErrorsFromSession->handle()
#17 /var/www/vhosts/ieslamarisma.net/httpdocs/proyectos/2026/joseangelaquino/laravel/vendor/laravel/framework/src/Illuminate/Session/Middleware/StartSession.php(121): Illuminate\\Pipeline\\Pipeline->Illuminate\\Pipeline\\{closure}()
#18 /var/www/vhosts/ieslamarisma.net/httpdocs/proyectos/2026/joseangelaquino/laravel/vendor/laravel/framework/src/Illuminate/Session/Middleware/StartSession.php(64): Illuminate\\Session\\Middleware\\StartSession->handleStatefulRequest()
#19 /var/www/vhosts/ieslamarisma.net/httpdocs/proyectos/2026/joseangelaquino/laravel/vendor/laravel/framework/src/Illuminate/Pipeline/Pipeline.php(209): Illuminate\\Session\\Middleware\\StartSession->handle()
#20 /var/www/vhosts/ieslamarisma.net/httpdocs/proyectos/2026/joseangelaquino/laravel/vendor/laravel/framework/src/Illuminate/Cookie/Middleware/AddQueuedCookiesToResponse.php(37): Illuminate\\Pipeline\\Pipeline->Illuminate\\Pipeline\\{closure}()
#21 /var/www/vhosts/ieslamarisma.net/httpdocs/proyectos/2026/joseangelaquino/laravel/vendor/laravel/framework/src/Illuminate/Pipeline/Pipeline.php(209): Illuminate\\Cookie\\Middleware\\AddQueuedCookiesToResponse->handle()
#22 /var/www/vhosts/ieslamarisma.net/httpdocs/proyectos/2026/joseangelaquino/laravel/vendor/laravel/framework/src/Illuminate/Cookie/Middleware/EncryptCookies.php(75): Illuminate\\Pipeline\\Pipeline->Illuminate\\Pipeline\\{closure}()
#23 /var/www/vhosts/ieslamarisma.net/httpdocs/proyectos/2026/joseangelaquino/laravel/vendor/laravel/framework/src/Illuminate/Pipeline/Pipeline.php(209): Illuminate\\Cookie\\Middleware\\EncryptCookies->handle()
#24 /var/www/vhosts/ieslamarisma.net/httpdocs/proyectos/2026/joseangelaquino/laravel/vendor/laravel/framework/src/Illuminate/Pipeline/Pipeline.php(127): Illuminate\\Pipeline\\Pipeline->Illuminate\\Pipeline\\{closure}()
#25 /var/www/vhosts/ieslamarisma.net/httpdocs/proyectos/2026/joseangelaquino/laravel/vendor/laravel/framework/src/Illuminate/Routing/Router.php(807): Illuminate\\Pipeline\\Pipeline->then()
#26 /var/www/vhosts/ieslamarisma.net/httpdocs/proyectos/2026/joseangelaquino/laravel/vendor/laravel/framework/src/Illuminate/Routing/Router.php(786): Illuminate\\Routing\\Router->runRouteWithinStack()
#27 /var/www/vhosts/ieslamarisma.net/httpdocs/proyectos/2026/joseangelaquino/laravel/vendor/laravel/framework/src/Illuminate/Routing/Router.php(750): Illuminate\\Routing\\Router->runRoute()
#28 /var/www/vhosts/ieslamarisma.net/httpdocs/proyectos/2026/joseangelaquino/laravel/vendor/laravel/framework/src/Illuminate/Routing/Router.php(739): Illuminate\\Routing\\Router->dispatchToRoute()
#29 /var/www/vhosts/ieslamarisma.net/httpdocs/proyectos/2026/joseangelaquino/laravel/vendor/laravel/framework/src/Illuminate/Foundation/Http/Kernel.php(201): Illuminate\\Routing\\Router->dispatch()
#30 /var/www/vhosts/ieslamarisma.net/httpdocs/proyectos/2026/joseangelaquino/laravel/vendor/laravel/framework/src/Illuminate/Pipeline/Pipeline.php(170): Illuminate\\Foundation\\Http\\Kernel->Illuminate\\Foundation\\Http\\{closure}()
#31 /var/www/vhosts/ieslamarisma.net/httpdocs/proyectos/2026/joseangelaquino/laravel/vendor/laravel/framework/src/Illuminate/Foundation/Http/Middleware/TransformsRequest.php(21): Illuminate\\Pipeline\\Pipeline->Illuminate\\Pipeline\\{closure}()
#32 /var/www/vhosts/ieslamarisma.net/httpdocs/proyectos/2026/joseangelaquino/laravel/vendor/laravel/framework/src/Illuminate/Foundation/Http/Middleware/ConvertEmptyStringsToNull.php(31): Illuminate\\Foundation\\Http\\Middleware\\TransformsRequest->handle()
#33 /var/www/vhosts/ieslamarisma.net/httpdocs/proyectos/2026/joseangelaquino/laravel/vendor/laravel/framework/src/Illuminate/Pipeline/Pipeline.php(209): Illuminate\\Foundation\\Http\\Middleware\\ConvertEmptyStringsToNull->handle()
#34 /var/www/vhosts/ieslamarisma.net/httpdocs/proyectos/2026/joseangelaquino/laravel/vendor/laravel/framework/src/Illuminate/Foundation/Http/Middleware/TransformsRequest.php(21): Illuminate\\Pipeline\\Pipeline->Illuminate\\Pipeline\\{closure}()
#35 /var/www/vhosts/ieslamarisma.net/httpdocs/proyectos/2026/joseangelaquino/laravel/vendor/laravel/framework/src/Illuminate/Foundation/Http/Middleware/TrimStrings.php(51): Illuminate\\Foundation\\Http\\Middleware\\TransformsRequest->handle()
#36 /var/www/vhosts/ieslamarisma.net/httpdocs/proyectos/2026/joseangelaquino/laravel/vendor/laravel/framework/src/Illuminate/Pipeline/Pipeline.php(209): Illuminate\\Foundation\\Http\\Middleware\\TrimStrings->handle()
#37 /var/www/vhosts/ieslamarisma.net/httpdocs/proyectos/2026/joseangelaquino/laravel/vendor/laravel/framework/src/Illuminate/Http/Middleware/ValidatePostSize.php(27): Illuminate\\Pipeline\\Pipeline->Illuminate\\Pipeline\\{closure}()
#38 /var/www/vhosts/ieslamarisma.net/httpdocs/proyectos/2026/joseangelaquino/laravel/vendor/laravel/framework/src/Illuminate/Pipeline/Pipeline.php(209): Illuminate\\Http\\Middleware\\ValidatePostSize->handle()
#39 /var/www/vhosts/ieslamarisma.net/httpdocs/proyectos/2026/joseangelaquino/laravel/vendor/laravel/framework/src/Illuminate/Foundation/Http/Middleware/PreventRequestsDuringMaintenance.php(110): Illuminate\\Pipeline\\Pipeline->Illuminate\\Pipeline\\{closure}()
#40 /var/www/vhosts/ieslamarisma.net/httpdocs/proyectos/2026/joseangelaquino/laravel/vendor/laravel/framework/src/Illuminate/Pipeline/Pipeline.php(209): Illuminate\\Foundation\\Http\\Middleware\\PreventRequestsDuringMaintenance->handle()
#41 /var/www/vhosts/ieslamarisma.net/httpdocs/proyectos/2026/joseangelaquino/laravel/vendor/laravel/framework/src/Illuminate/Http/Middleware/HandleCors.php(49): Illuminate\\Pipeline\\Pipeline->Illuminate\\Pipeline\\{closure}()
#42 /var/www/vhosts/ieslamarisma.net/httpdocs/proyectos/2026/joseangelaquino/laravel/vendor/laravel/framework/src/Illuminate/Pipeline/Pipeline.php(209): Illuminate\\Http\\Middleware\\HandleCors->handle()
#43 /var/www/vhosts/ieslamarisma.net/httpdocs/proyectos/2026/joseangelaquino/laravel/vendor/laravel/framework/src/Illuminate/Http/Middleware/TrustProxies.php(58): Illuminate\\Pipeline\\Pipeline->Illuminate\\Pipeline\\{closure}()
#44 /var/www/vhosts/ieslamarisma.net/httpdocs/proyectos/2026/joseangelaquino/laravel/vendor/laravel/framework/src/Illuminate/Pipeline/Pipeline.php(209): Illuminate\\Http\\Middleware\\TrustProxies->handle()
#45 /var/www/vhosts/ieslamarisma.net/httpdocs/proyectos/2026/joseangelaquino/laravel/vendor/laravel/framework/src/Illuminate/Foundation/Http/Middleware/InvokeDeferredCallbacks.php(22): Illuminate\\Pipeline\\Pipeline->Illuminate\\Pipeline\\{closure}()
#46 /var/www/vhosts/ieslamarisma.net/httpdocs/proyectos/2026/joseangelaquino/laravel/vendor/laravel/framework/src/Illuminate/Pipeline/Pipeline.php(209): Illuminate\\Foundation\\Http\\Middleware\\InvokeDeferredCallbacks->handle()
#47 /var/www/vhosts/ieslamarisma.net/httpdocs/proyectos/2026/joseangelaquino/laravel/vendor/laravel/framework/src/Illuminate/Pipeline/Pipeline.php(127): Illuminate\\Pipeline\\Pipeline->Illuminate\\Pipeline\\{closure}()
#48 /var/www/vhosts/ieslamarisma.net/httpdocs/proyectos/2026/joseangelaquino/laravel/vendor/laravel/framework/src/Illuminate/Foundation/Http/Kernel.php(176): Illuminate\\Pipeline\\Pipeline->then()
#49 /var/www/vhosts/ieslamarisma.net/httpdocs/proyectos/2026/joseangelaquino/laravel/vendor/laravel/framework/src/Illuminate/Foundation/Http/Kernel.php(145): Illuminate\\Foundation\\Http\\Kernel->sendRequestThroughRouter()
#50 /var/www/vhosts/ieslamarisma.net/httpdocs/proyectos/2026/joseangelaquino/gym-reservas/index.php(28): Illuminate\\Foundation\\Http\\Kernel->handle()
#51 {main}

[previous exception] [object] (ReflectionException(code: -1): Class \"admin\" does not exist at /var/www/vhosts/ieslamarisma.net/httpdocs/proyectos/2026/joseangelaquino/laravel/vendor/laravel/framework/src/Illuminate/Container/Container.php:959)
[stacktrace]
#0 /var/www/vhosts/ieslamarisma.net/httpdocs/proyectos/2026/joseangelaquino/laravel/vendor/laravel/framework/src/Illuminate/Container/Container.php(959): ReflectionClass->__construct()
#1 /var/www/vhosts/ieslamarisma.net/httpdocs/proyectos/2026/joseangelaquino/laravel/vendor/laravel/framework/src/Illuminate/Container/Container.php(832): Illuminate\\Container\\Container->build()
#2 /var/www/vhosts/ieslamarisma.net/httpdocs/proyectos/2026/joseangelaquino/laravel/vendor/laravel/framework/src/Illuminate/Foundation/Application.php(1078): Illuminate\\Container\\Container->resolve()
#3 /var/www/vhosts/ieslamarisma.net/httpdocs/proyectos/2026/joseangelaquino/laravel/vendor/laravel/framework/src/Illuminate/Container/Container.php(763): Illuminate\\Foundation\\Application->resolve()
#4 /var/www/vhosts/ieslamarisma.net/httpdocs/proyectos/2026/joseangelaquino/laravel/vendor/laravel/framework/src/Illuminate/Foundation/Application.php(1058): Illuminate\\Container\\Container->make()
#5 /var/www/vhosts/ieslamarisma.net/httpdocs/proyectos/2026/joseangelaquino/laravel/vendor/laravel/framework/src/Illuminate/Pipeline/Pipeline.php(198): Illuminate\\Foundation\\Application->make()
#6 /var/www/vhosts/ieslamarisma.net/httpdocs/proyectos/2026/joseangelaquino/laravel/vendor/laravel/framework/src/Illuminate/Http/Middleware/AddLinkHeadersForPreloadedAssets.php(20): Illuminate\\Pipeline\\Pipeline->Illuminate\\Pipeline\\{closure}()
#7 /var/www/vhosts/ieslamarisma.net/httpdocs/proyectos/2026/joseangelaquino/laravel/vendor/laravel/framework/src/Illuminate/Pipeline/Pipeline.php(209): Illuminate\\Http\\Middleware\\AddLinkHeadersForPreloadedAssets->handle()
#8 /var/www/vhosts/ieslamarisma.net/httpdocs/proyectos/2026/joseangelaquino/laravel/vendor/inertiajs/inertia-laravel/src/Middleware.php(122): Illuminate\\Pipeline\\Pipeline->Illuminate\\Pipeline\\{closure}()
#9 /var/www/vhosts/ieslamarisma.net/httpdocs/proyectos/2026/joseangelaquino/laravel/vendor/laravel/framework/src/Illuminate/Pipeline/Pipeline.php(209): Inertia\\Middleware->handle()
#10 /var/www/vhosts/ieslamarisma.net/httpdocs/proyectos/2026/joseangelaquino/laravel/vendor/laravel/framework/src/Illuminate/Routing/Middleware/SubstituteBindings.php(51): Illuminate\\Pipeline\\Pipeline->Illuminate\\Pipeline\\{closure}()
#11 /var/www/vhosts/ieslamarisma.net/httpdocs/proyectos/2026/joseangelaquino/laravel/vendor/laravel/framework/src/Illuminate/Pipeline/Pipeline.php(209): Illuminate\\Routing\\Middleware\\SubstituteBindings->handle()
#12 /var/www/vhosts/ieslamarisma.net/httpdocs/proyectos/2026/joseangelaquino/laravel/vendor/laravel/framework/src/Illuminate/Auth/Middleware/Authenticate.php(64): Illuminate\\Pipeline\\Pipeline->Illuminate\\Pipeline\\{closure}()
#13 /var/www/vhosts/ieslamarisma.net/httpdocs/proyectos/2026/joseangelaquino/laravel/vendor/laravel/framework/src/Illuminate/Pipeline/Pipeline.php(209): Illuminate\\Auth\\Middleware\\Authenticate->handle()
#14 /var/www/vhosts/ieslamarisma.net/httpdocs/proyectos/2026/joseangelaquino/laravel/vendor/laravel/framework/src/Illuminate/Foundation/Http/Middleware/VerifyCsrfToken.php(88): Illuminate\\Pipeline\\Pipeline->Illuminate\\Pipeline\\{closure}()
#15 /var/www/vhosts/ieslamarisma.net/httpdocs/proyectos/2026/joseangelaquino/laravel/vendor/laravel/framework/src/Illuminate/Pipeline/Pipeline.php(209): Illuminate\\Foundation\\Http\\Middleware\\VerifyCsrfToken->handle()
#16 /var/www/vhosts/ieslamarisma.net/httpdocs/proyectos/2026/joseangelaquino/laravel/vendor/laravel/framework/src/Illuminate/View/Middleware/ShareErrorsFromSession.php(49): Illuminate\\Pipeline\\Pipeline->Illuminate\\Pipeline\\{closure}()
#17 /var/www/vhosts/ieslamarisma.net/httpdocs/proyectos/2026/joseangelaquino/laravel/vendor/laravel/framework/src/Illuminate/Pipeline/Pipeline.php(209): Illuminate\\View\\Middleware\\ShareErrorsFromSession->handle()
#18 /var/www/vhosts/ieslamarisma.net/httpdocs/proyectos/2026/joseangelaquino/laravel/vendor/laravel/framework/src/Illuminate/Session/Middleware/StartSession.php(121): Illuminate\\Pipeline\\Pipeline->Illuminate\\Pipeline\\{closure}()
#19 /var/www/vhosts/ieslamarisma.net/httpdocs/proyectos/2026/joseangelaquino/laravel/vendor/laravel/framework/src/Illuminate/Session/Middleware/StartSession.php(64): Illuminate\\Session\\Middleware\\StartSession->handleStatefulRequest()
#20 /var/www/vhosts/ieslamarisma.net/httpdocs/proyectos/2026/joseangelaquino/laravel/vendor/laravel/framework/src/Illuminate/Pipeline/Pipeline.php(209): Illuminate\\Session\\Middleware\\StartSession->handle()
#21 /var/www/vhosts/ieslamarisma.net/httpdocs/proyectos/2026/joseangelaquino/laravel/vendor/laravel/framework/src/Illuminate/Cookie/Middleware/AddQueuedCookiesToResponse.php(37): Illuminate\\Pipeline\\Pipeline->Illuminate\\Pipeline\\{closure}()
#22 /var/www/vhosts/ieslamarisma.net/httpdocs/proyectos/2026/joseangelaquino/laravel/vendor/laravel/framework/src/Illuminate/Pipeline/Pipeline.php(209): Illuminate\\Cookie\\Middleware\\AddQueuedCookiesToResponse->handle()
#23 /var/www/vhosts/ieslamarisma.net/httpdocs/proyectos/2026/joseangelaquino/laravel/vendor/laravel/framework/src/Illuminate/Cookie/Middleware/EncryptCookies.php(75): Illuminate\\Pipeline\\Pipeline->Illuminate\\Pipeline\\{closure}()
#24 /var/www/vhosts/ieslamarisma.net/httpdocs/proyectos/2026/joseangelaquino/laravel/vendor/laravel/framework/src/Illuminate/Pipeline/Pipeline.php(209): Illuminate\\Cookie\\Middleware\\EncryptCookies->handle()
#25 /var/www/vhosts/ieslamarisma.net/httpdocs/proyectos/2026/joseangelaquino/laravel/vendor/laravel/framework/src/Illuminate/Pipeline/Pipeline.php(127): Illuminate\\Pipeline\\Pipeline->Illuminate\\Pipeline\\{closure}()
#26 /var/www/vhosts/ieslamarisma.net/httpdocs/proyectos/2026/joseangelaquino/laravel/vendor/laravel/framework/src/Illuminate/Routing/Router.php(807): Illuminate\\Pipeline\\Pipeline->then()
#27 /var/www/vhosts/ieslamarisma.net/httpdocs/proyectos/2026/joseangelaquino/laravel/vendor/laravel/framework/src/Illuminate/Routing/Router.php(786): Illuminate\\Routing\\Router->runRouteWithinStack()
#28 /var/www/vhosts/ieslamarisma.net/httpdocs/proyectos/2026/joseangelaquino/laravel/vendor/laravel/framework/src/Illuminate/Routing/Router.php(750): Illuminate\\Routing\\Router->runRoute()
#29 /var/www/vhosts/ieslamarisma.net/httpdocs/proyectos/2026/joseangelaquino/laravel/vendor/laravel/framework/src/Illuminate/Routing/Router.php(739): Illuminate\\Routing\\Router->dispatchToRoute()
#30 /var/www/vhosts/ieslamarisma.net/httpdocs/proyectos/2026/joseangelaquino/laravel/vendor/laravel/framework/src/Illuminate/Foundation/Http/Kernel.php(201): Illuminate\\Routing\\Router->dispatch()
#31 /var/www/vhosts/ieslamarisma.net/httpdocs/proyectos/2026/joseangelaquino/laravel/vendor/laravel/framework/src/Illuminate/Pipeline/Pipeline.php(170): Illuminate\\Foundation\\Http\\Kernel->Illuminate\\Foundation\\Http\\{closure}()
#32 /var/www/vhosts/ieslamarisma.net/httpdocs/proyectos/2026/joseangelaquino/laravel/vendor/laravel/framework/src/Illuminate/Foundation/Http/Middleware/TransformsRequest.php(21): Illuminate\\Pipeline\\Pipeline->Illuminate\\Pipeline\\{closure}()
#33 /var/www/vhosts/ieslamarisma.net/httpdocs/proyectos/2026/joseangelaquino/laravel/vendor/laravel/framework/src/Illuminate/Foundation/Http/Middleware/ConvertEmptyStringsToNull.php(31): Illuminate\\Foundation\\Http\\Middleware\\TransformsRequest->handle()
#34 /var/www/vhosts/ieslamarisma.net/httpdocs/proyectos/2026/joseangelaquino/laravel/vendor/laravel/framework/src/Illuminate/Pipeline/Pipeline.php(209): Illuminate\\Foundation\\Http\\Middleware\\ConvertEmptyStringsToNull->handle()
#35 /var/www/vhosts/ieslamarisma.net/httpdocs/proyectos/2026/joseangelaquino/laravel/vendor/laravel/framework/src/Illuminate/Foundation/Http/Middleware/TransformsRequest.php(21): Illuminate\\Pipeline\\Pipeline->Illuminate\\Pipeline\\{closure}()
#36 /var/www/vhosts/ieslamarisma.net/httpdocs/proyectos/2026/joseangelaquino/laravel/vendor/laravel/framework/src/Illuminate/Foundation/Http/Middleware/TrimStrings.php(51): Illuminate\\Foundation\\Http\\Middleware\\TransformsRequest->handle()
#37 /var/www/vhosts/ieslamarisma.net/httpdocs/proyectos/2026/joseangelaquino/laravel/vendor/laravel/framework/src/Illuminate/Pipeline/Pipeline.php(209): Illuminate\\Foundation\\Http\\Middleware\\TrimStrings->handle()
#38 /var/www/vhosts/ieslamarisma.net/httpdocs/proyectos/2026/joseangelaquino/laravel/vendor/laravel/framework/src/Illuminate/Http/Middleware/ValidatePostSize.php(27): Illuminate\\Pipeline\\Pipeline->Illuminate\\Pipeline\\{closure}()
#39 /var/www/vhosts/ieslamarisma.net/httpdocs/proyectos/2026/joseangelaquino/laravel/vendor/laravel/framework/src/Illuminate/Pipeline/Pipeline.php(209): Illuminate\\Http\\Middleware\\ValidatePostSize->handle()
#40 /var/www/vhosts/ieslamarisma.net/httpdocs/proyectos/2026/joseangelaquino/laravel/vendor/laravel/framework/src/Illuminate/Foundation/Http/Middleware/PreventRequestsDuringMaintenance.php(110): Illuminate\\Pipeline\\Pipeline->Illuminate\\Pipeline\\{closure}()
#41 /var/www/vhosts/ieslamarisma.net/httpdocs/proyectos/2026/joseangelaquino/laravel/vendor/laravel/framework/src/Illuminate/Pipeline/Pipeline.php(209): Illuminate\\Foundation\\Http\\Middleware\\PreventRequestsDuringMaintenance->handle()
#42 /var/www/vhosts/ieslamarisma.net/httpdocs/proyectos/2026/joseangelaquino/laravel/vendor/laravel/framework/src/Illuminate/Http/Middleware/HandleCors.php(49): Illuminate\\Pipeline\\Pipeline->Illuminate\\Pipeline\\{closure}()
#43 /var/www/vhosts/ieslamarisma.net/httpdocs/proyectos/2026/joseangelaquino/laravel/vendor/laravel/framework/src/Illuminate/Pipeline/Pipeline.php(209): Illuminate\\Http\\Middleware\\HandleCors->handle()
#44 /var/www/vhosts/ieslamarisma.net/httpdocs/proyectos/2026/joseangelaquino/laravel/vendor/laravel/framework/src/Illuminate/Http/Middleware/TrustProxies.php(58): Illuminate\\Pipeline\\Pipeline->Illuminate\\Pipeline\\{closure}()
#45 /var/www/vhosts/ieslamarisma.net/httpdocs/proyectos/2026/joseangelaquino/laravel/vendor/laravel/framework/src/Illuminate/Pipeline/Pipeline.php(209): Illuminate\\Http\\Middleware\\TrustProxies->handle()
#46 /var/www/vhosts/ieslamarisma.net/httpdocs/proyectos/2026/joseangelaquino/laravel/vendor/laravel/framework/src/Illuminate/Foundation/Http/Middleware/InvokeDeferredCallbacks.php(22): Illuminate\\Pipeline\\Pipeline->Illuminate\\Pipeline\\{closure}()
#47 /var/www/vhosts/ieslamarisma.net/httpdocs/proyectos/2026/joseangelaquino/laravel/vendor/laravel/framework/src/Illuminate/Pipeline/Pipeline.php(209): Illuminate\\Foundation\\Http\\Middleware\\InvokeDeferredCallbacks->handle()
#48 /var/www/vhosts/ieslamarisma.net/httpdocs/proyectos/2026/joseangelaquino/laravel/vendor/laravel/framework/src/Illuminate/Pipeline/Pipeline.php(127): Illuminate\\Pipeline\\Pipeline->Illuminate\\Pipeline\\{closure}()
#49 /var/www/vhosts/ieslamarisma.net/httpdocs/proyectos/2026/joseangelaquino/laravel/vendor/laravel/framework/src/Illuminate/Foundation/Http/Kernel.php(176): Illuminate\\Pipeline\\Pipeline->then()
#50 /var/www/vhosts/ieslamarisma.net/httpdocs/proyectos/2026/joseangelaquino/laravel/vendor/laravel/framework/src/Illuminate/Foundation/Http/Kernel.php(145): Illuminate\\Foundation\\Http\\Kernel->sendRequestThroughRouter()
#51 /var/www/vhosts/ieslamarisma.net/httpdocs/proyectos/2026/joseangelaquino/gym-reservas/index.php(28): Illuminate\\Foundation\\Http\\Kernel->handle()
#52 {main}
"} 
[2026-05-12 23:18:08] production.ERROR: http_response_code(): Cannot set response code - headers already sent (output started at /var/www/vhosts/ieslamarisma.net/httpdocs/proyectos/2026/joseangelaquino/laravel/vendor/symfony/http-foundation/Response.php:388) {"userId":14,"exception":"[object] (ErrorException(code: 0): http_response_code(): Cannot set response code - headers already sent (output started at /var/www/vhosts/ieslamarisma.net/httpdocs/proyectos/2026/joseangelaquino/laravel/vendor/symfony/http-foundation/Response.php:388) at /var/www/vhosts/ieslamarisma.net/httpdocs/proyectos/2026/joseangelaquino/gym-reservas/index.php:41)
[stacktrace]
#0 /var/www/vhosts/ieslamarisma.net/httpdocs/proyectos/2026/joseangelaquino/laravel/vendor/laravel/framework/src/Illuminate/Foundation/Bootstrap/HandleExceptions.php(258): Illuminate\\Foundation\\Bootstrap\\HandleExceptions->handleError()
#1 [internal function]: Illuminate\\Foundation\\Bootstrap\\HandleExceptions->Illuminate\\Foundation\\Bootstrap\\{closure}()
#2 /var/www/vhosts/ieslamarisma.net/httpdocs/proyectos/2026/joseangelaquino/gym-reservas/index.php(41): http_response_code()
#3 {main}
"} 
[2026-05-12 23:18:12] production.ERROR: Target class [admin] does not exist. {"userId":14,"exception":"[object] (Illuminate\\Contracts\\Container\\BindingResolutionException(code: 0): Target class [admin] does not exist. at /var/www/vhosts/ieslamarisma.net/httpdocs/proyectos/2026/joseangelaquino/laravel/vendor/laravel/framework/src/Illuminate/Container/Container.php:961)
[stacktrace]
#0 /var/www/vhosts/ieslamarisma.net/httpdocs/proyectos/2026/joseangelaquino/laravel/vendor/laravel/framework/src/Illuminate/Container/Container.php(832): Illuminate\\Container\\Container->build()
#1 /var/www/vhosts/ieslamarisma.net/httpdocs/proyectos/2026/joseangelaquino/laravel/vendor/laravel/framework/src/Illuminate/Foundation/Application.php(1078): Illuminate\\Container\\Container->resolve()
#2 /var/www/vhosts/ieslamarisma.net/httpdocs/proyectos/2026/joseangelaquino/laravel/vendor/laravel/framework/src/Illuminate/Container/Container.php(763): Illuminate\\Foundation\\Application->resolve()
#3 /var/www/vhosts/ieslamarisma.net/httpdocs/proyectos/2026/joseangelaquino/laravel/vendor/laravel/framework/src/Illuminate/Foundation/Application.php(1058): Illuminate\\Container\\Container->make()
#4 /var/www/vhosts/ieslamarisma.net/httpdocs/proyectos/2026/joseangelaquino/laravel/vendor/laravel/framework/src/Illuminate/Pipeline/Pipeline.php(198): Illuminate\\Foundation\\Application->make()
#5 /var/www/vhosts/ieslamarisma.net/httpdocs/proyectos/2026/joseangelaquino/laravel/vendor/laravel/framework/src/Illuminate/Http/Middleware/AddLinkHeadersForPreloadedAssets.php(20): Illuminate\\Pipeline\\Pipeline->Illuminate\\Pipeline\\{closure}()
#6 /var/www/vhosts/ieslamarisma.net/httpdocs/proyectos/2026/joseangelaquino/laravel/vendor/laravel/framework/src/Illuminate/Pipeline/Pipeline.php(209): Illuminate\\Http\\Middleware\\AddLinkHeadersForPreloadedAssets->handle()
#7 /var/www/vhosts/ieslamarisma.net/httpdocs/proyectos/2026/joseangelaquino/laravel/vendor/inertiajs/inertia-laravel/src/Middleware.php(122): Illuminate\\Pipeline\\Pipeline->Illuminate\\Pipeline\\{closure}()
#8 /var/www/vhosts/ieslamarisma.net/httpdocs/proyectos/2026/joseangelaquino/laravel/vendor/laravel/framework/src/Illuminate/Pipeline/Pipeline.php(209): Inertia\\Middleware->handle()
#9 /var/www/vhosts/ieslamarisma.net/httpdocs/proyectos/2026/joseangelaquino/laravel/vendor/laravel/framework/src/Illuminate/Routing/Middleware/SubstituteBindings.php(51): Illuminate\\Pipeline\\Pipeline->Illuminate\\Pipeline\\{closure}()
#10 /var/www/vhosts/ieslamarisma.net/httpdocs/proyectos/2026/joseangelaquino/laravel/vendor/laravel/framework/src/Illuminate/Pipeline/Pipeline.php(209): Illuminate\\Routing\\Middleware\\SubstituteBindings->handle()
#11 /var/www/vhosts/ieslamarisma.net/httpdocs/proyectos/2026/joseangelaquino/laravel/vendor/laravel/framework/src/Illuminate/Auth/Middleware/Authenticate.php(64): Illuminate\\Pipeline\\Pipeline->Illuminate\\Pipeline\\{closure}()
#12 /var/www/vhosts/ieslamarisma.net/httpdocs/proyectos/2026/joseangelaquino/laravel/vendor/laravel/framework/src/Illuminate/Pipeline/Pipeline.php(209): Illuminate\\Auth\\Middleware\\Authenticate->handle()
#13 /var/www/vhosts/ieslamarisma.net/httpdocs/proyectos/2026/joseangelaquino/laravel/vendor/laravel/framework/src/Illuminate/Foundation/Http/Middleware/VerifyCsrfToken.php(88): Illuminate\\Pipeline\\Pipeline->Illuminate\\Pipeline\\{closure}()
#14 /var/www/vhosts/ieslamarisma.net/httpdocs/proyectos/2026/joseangelaquino/laravel/vendor/laravel/framework/src/Illuminate/Pipeline/Pipeline.php(209): Illuminate\\Foundation\\Http\\Middleware\\VerifyCsrfToken->handle()
#15 /var/www/vhosts/ieslamarisma.net/httpdocs/proyectos/2026/joseangelaquino/laravel/vendor/laravel/framework/src/Illuminate/View/Middleware/ShareErrorsFromSession.php(49): Illuminate\\Pipeline\\Pipeline->Illuminate\\Pipeline\\{closure}()
#16 /var/www/vhosts/ieslamarisma.net/httpdocs/proyectos/2026/joseangelaquino/laravel/vendor/laravel/framework/src/Illuminate/Pipeline/Pipeline.php(209): Illuminate\\View\\Middleware\\ShareErrorsFromSession->handle()
#17 /var/www/vhosts/ieslamarisma.net/httpdocs/proyectos/2026/joseangelaquino/laravel/vendor/laravel/framework/src/Illuminate/Session/Middleware/StartSession.php(121): Illuminate\\Pipeline\\Pipeline->Illuminate\\Pipeline\\{closure}()
#18 /var/www/vhosts/ieslamarisma.net/httpdocs/proyectos/2026/joseangelaquino/laravel/vendor/laravel/framework/src/Illuminate/Session/Middleware/StartSession.php(64): Illuminate\\Session\\Middleware\\StartSession->handleStatefulRequest()
#19 /var/www/vhosts/ieslamarisma.net/httpdocs/proyectos/2026/joseangelaquino/laravel/vendor/laravel/framework/src/Illuminate/Pipeline/Pipeline.php(209): Illuminate\\Session\\Middleware\\StartSession->handle()
#20 /var/www/vhosts/ieslamarisma.net/httpdocs/proyectos/2026/joseangelaquino/laravel/vendor/laravel/framework/src/Illuminate/Cookie/Middleware/AddQueuedCookiesToResponse.php(37): Illuminate\\Pipeline\\Pipeline->Illuminate\\Pipeline\\{closure}()
#21 /var/www/vhosts/ieslamarisma.net/httpdocs/proyectos/2026/joseangelaquino/laravel/vendor/laravel/framework/src/Illuminate/Pipeline/Pipeline.php(209): Illuminate\\Cookie\\Middleware\\AddQueuedCookiesToResponse->handle()
#22 /var/www/vhosts/ieslamarisma.net/httpdocs/proyectos/2026/joseangelaquino/laravel/vendor/laravel/framework/src/Illuminate/Cookie/Middleware/EncryptCookies.php(75): Illuminate\\Pipeline\\Pipeline->Illuminate\\Pipeline\\{closure}()
#23 /var/www/vhosts/ieslamarisma.net/httpdocs/proyectos/2026/joseangelaquino/laravel/vendor/laravel/framework/src/Illuminate/Pipeline/Pipeline.php(209): Illuminate\\Cookie\\Middleware\\EncryptCookies->handle()
#24 /var/www/vhosts/ieslamarisma.net/httpdocs/proyectos/2026/joseangelaquino/laravel/vendor/laravel/framework/src/Illuminate/Pipeline/Pipeline.php(127): Illuminate\\Pipeline\\Pipeline->Illuminate\\Pipeline\\{closure}()
#25 /var/www/vhosts/ieslamarisma.net/httpdocs/proyectos/2026/joseangelaquino/laravel/vendor/laravel/framework/src/Illuminate/Routing/Router.php(807): Illuminate\\Pipeline\\Pipeline->then()
#26 /var/www/vhosts/ieslamarisma.net/httpdocs/proyectos/2026/joseangelaquino/laravel/vendor/laravel/framework/src/Illuminate/Routing/Router.php(786): Illuminate\\Routing\\Router->runRouteWithinStack()
#27 /var/www/vhosts/ieslamarisma.net/httpdocs/proyectos/2026/joseangelaquino/laravel/vendor/laravel/framework/src/Illuminate/Routing/Router.php(750): Illuminate\\Routing\\Router->runRoute()
#28 /var/www/vhosts/ieslamarisma.net/httpdocs/proyectos/2026/joseangelaquino/laravel/vendor/laravel/framework/src/Illuminate/Routing/Router.php(739): Illuminate\\Routing\\Router->dispatchToRoute()
#29 /var/www/vhosts/ieslamarisma.net/httpdocs/proyectos/2026/joseangelaquino/laravel/vendor/laravel/framework/src/Illuminate/Foundation/Http/Kernel.php(201): Illuminate\\Routing\\Router->dispatch()
#30 /var/www/vhosts/ieslamarisma.net/httpdocs/proyectos/2026/joseangelaquino/laravel/vendor/laravel/framework/src/Illuminate/Pipeline/Pipeline.php(170): Illuminate\\Foundation\\Http\\Kernel->Illuminate\\Foundation\\Http\\{closure}()
#31 /var/www/vhosts/ieslamarisma.net/httpdocs/proyectos/2026/joseangelaquino/laravel/vendor/laravel/framework/src/Illuminate/Foundation/Http/Middleware/TransformsRequest.php(21): Illuminate\\Pipeline\\Pipeline->Illuminate\\Pipeline\\{closure}()
#32 /var/www/vhosts/ieslamarisma.net/httpdocs/proyectos/2026/joseangelaquino/laravel/vendor/laravel/framework/src/Illuminate/Foundation/Http/Middleware/ConvertEmptyStringsToNull.php(31): Illuminate\\Foundation\\Http\\Middleware\\TransformsRequest->handle()
#33 /var/www/vhosts/ieslamarisma.net/httpdocs/proyectos/2026/joseangelaquino/laravel/vendor/laravel/framework/src/Illuminate/Pipeline/Pipeline.php(209): Illuminate\\Foundation\\Http\\Middleware\\ConvertEmptyStringsToNull->handle()
#34 /var/www/vhosts/ieslamarisma.net/httpdocs/proyectos/2026/joseangelaquino/laravel/vendor/laravel/framework/src/Illuminate/Foundation/Http/Middleware/TransformsRequest.php(21): Illuminate\\Pipeline\\Pipeline->Illuminate\\Pipeline\\{closure}()
#35 /var/www/vhosts/ieslamarisma.net/httpdocs/proyectos/2026/joseangelaquino/laravel/vendor/laravel/framework/src/Illuminate/Foundation/Http/Middleware/TrimStrings.php(51): Illuminate\\Foundation\\Http\\Middleware\\TransformsRequest->handle()
#36 /var/www/vhosts/ieslamarisma.net/httpdocs/proyectos/2026/joseangelaquino/laravel/vendor/laravel/framework/src/Illuminate/Pipeline/Pipeline.php(209): Illuminate\\Foundation\\Http\\Middleware\\TrimStrings->handle()
#37 /var/www/vhosts/ieslamarisma.net/httpdocs/proyectos/2026/joseangelaquino/laravel/vendor/laravel/framework/src/Illuminate/Http/Middleware/ValidatePostSize.php(27): Illuminate\\Pipeline\\Pipeline->Illuminate\\Pipeline\\{closure}()
#38 /var/www/vhosts/ieslamarisma.net/httpdocs/proyectos/2026/joseangelaquino/laravel/vendor/laravel/framework/src/Illuminate/Pipeline/Pipeline.php(209): Illuminate\\Http\\Middleware\\ValidatePostSize->handle()
#39 /var/www/vhosts/ieslamarisma.net/httpdocs/proyectos/2026/joseangelaquino/laravel/vendor/laravel/framework/src/Illuminate/Foundation/Http/Middleware/PreventRequestsDuringMaintenance.php(110): Illuminate\\Pipeline\\Pipeline->Illuminate\\Pipeline\\{closure}()
#40 /var/www/vhosts/ieslamarisma.net/httpdocs/proyectos/2026/joseangelaquino/laravel/vendor/laravel/framework/src/Illuminate/Pipeline/Pipeline.php(209): Illuminate\\Foundation\\Http\\Middleware\\PreventRequestsDuringMaintenance->handle()
#41 /var/www/vhosts/ieslamarisma.net/httpdocs/proyectos/2026/joseangelaquino/laravel/vendor/laravel/framework/src/Illuminate/Http/Middleware/HandleCors.php(49): Illuminate\\Pipeline\\Pipeline->Illuminate\\Pipeline\\{closure}()
#42 /var/www/vhosts/ieslamarisma.net/httpdocs/proyectos/2026/joseangelaquino/laravel/vendor/laravel/framework/src/Illuminate/Pipeline/Pipeline.php(209): Illuminate\\Http\\Middleware\\HandleCors->handle()
#43 /var/www/vhosts/ieslamarisma.net/httpdocs/proyectos/2026/joseangelaquino/laravel/vendor/laravel/framework/src/Illuminate/Http/Middleware/TrustProxies.php(58): Illuminate\\Pipeline\\Pipeline->Illuminate\\Pipeline\\{closure}()
#44 /var/www/vhosts/ieslamarisma.net/httpdocs/proyectos/2026/joseangelaquino/laravel/vendor/laravel/framework/src/Illuminate/Pipeline/Pipeline.php(209): Illuminate\\Http\\Middleware\\TrustProxies->handle()
#45 /var/www/vhosts/ieslamarisma.net/httpdocs/proyectos/2026/joseangelaquino/laravel/vendor/laravel/framework/src/Illuminate/Foundation/Http/Middleware/InvokeDeferredCallbacks.php(22): Illuminate\\Pipeline\\Pipeline->Illuminate\\Pipeline\\{closure}()
#46 /var/www/vhosts/ieslamarisma.net/httpdocs/proyectos/2026/joseangelaquino/laravel/vendor/laravel/framework/src/Illuminate/Pipeline/Pipeline.php(209): Illuminate\\Foundation\\Http\\Middleware\\InvokeDeferredCallbacks->handle()
#47 /var/www/vhosts/ieslamarisma.net/httpdocs/proyectos/2026/joseangelaquino/laravel/vendor/laravel/framework/src/Illuminate/Pipeline/Pipeline.php(127): Illuminate\\Pipeline\\Pipeline->Illuminate\\Pipeline\\{closure}()
#48 /var/www/vhosts/ieslamarisma.net/httpdocs/proyectos/2026/joseangelaquino/laravel/vendor/laravel/framework/src/Illuminate/Foundation/Http/Kernel.php(176): Illuminate\\Pipeline\\Pipeline->then()
#49 /var/www/vhosts/ieslamarisma.net/httpdocs/proyectos/2026/joseangelaquino/laravel/vendor/laravel/framework/src/Illuminate/Foundation/Http/Kernel.php(145): Illuminate\\Foundation\\Http\\Kernel->sendRequestThroughRouter()
#50 /var/www/vhosts/ieslamarisma.net/httpdocs/proyectos/2026/joseangelaquino/gym-reservas/index.php(28): Illuminate\\Foundation\\Http\\Kernel->handle()
#51 {main}

[previous exception] [object] (ReflectionException(code: -1): Class \"admin\" does not exist at /var/www/vhosts/ieslamarisma.net/httpdocs/proyectos/2026/joseangelaquino/laravel/vendor/laravel/framework/src/Illuminate/Container/Container.php:959)
[stacktrace]
#0 /var/www/vhosts/ieslamarisma.net/httpdocs/proyectos/2026/joseangelaquino/laravel/vendor/laravel/framework/src/Illuminate/Container/Container.php(959): ReflectionClass->__construct()
#1 /var/www/vhosts/ieslamarisma.net/httpdocs/proyectos/2026/joseangelaquino/laravel/vendor/laravel/framework/src/Illuminate/Container/Container.php(832): Illuminate\\Container\\Container->build()
#2 /var/www/vhosts/ieslamarisma.net/httpdocs/proyectos/2026/joseangelaquino/laravel/vendor/laravel/framework/src/Illuminate/Foundation/Application.php(1078): Illuminate\\Container\\Container->resolve()
#3 /var/www/vhosts/ieslamarisma.net/httpdocs/proyectos/2026/joseangelaquino/laravel/vendor/laravel/framework/src/Illuminate/Container/Container.php(763): Illuminate\\Foundation\\Application->resolve()
#4 /var/www/vhosts/ieslamarisma.net/httpdocs/proyectos/2026/joseangelaquino/laravel/vendor/laravel/framework/src/Illuminate/Foundation/Application.php(1058): Illuminate\\Container\\Container->make()
#5 /var/www/vhosts/ieslamarisma.net/httpdocs/proyectos/2026/joseangelaquino/laravel/vendor/laravel/framework/src/Illuminate/Pipeline/Pipeline.php(198): Illuminate\\Foundation\\Application->make()
#6 /var/www/vhosts/ieslamarisma.net/httpdocs/proyectos/2026/joseangelaquino/laravel/vendor/laravel/framework/src/Illuminate/Http/Middleware/AddLinkHeadersForPreloadedAssets.php(20): Illuminate\\Pipeline\\Pipeline->Illuminate\\Pipeline\\{closure}()
#7 /var/www/vhosts/ieslamarisma.net/httpdocs/proyectos/2026/joseangelaquino/laravel/vendor/laravel/framework/src/Illuminate/Pipeline/Pipeline.php(209): Illuminate\\Http\\Middleware\\AddLinkHeadersForPreloadedAssets->handle()
#8 /var/www/vhosts/ieslamarisma.net/httpdocs/proyectos/2026/joseangelaquino/laravel/vendor/inertiajs/inertia-laravel/src/Middleware.php(122): Illuminate\\Pipeline\\Pipeline->Illuminate\\Pipeline\\{closure}()
#9 /var/www/vhosts/ieslamarisma.net/httpdocs/proyectos/2026/joseangelaquino/laravel/vendor/laravel/framework/src/Illuminate/Pipeline/Pipeline.php(209): Inertia\\Middleware->handle()
#10 /var/www/vhosts/ieslamarisma.net/httpdocs/proyectos/2026/joseangelaquino/laravel/vendor/laravel/framework/src/Illuminate/Routing/Middleware/SubstituteBindings.php(51): Illuminate\\Pipeline\\Pipeline->Illuminate\\Pipeline\\{closure}()
#11 /var/www/vhosts/ieslamarisma.net/httpdocs/proyectos/2026/joseangelaquino/laravel/vendor/laravel/framework/src/Illuminate/Pipeline/Pipeline.php(209): Illuminate\\Routing\\Middleware\\SubstituteBindings->handle()
#12 /var/www/vhosts/ieslamarisma.net/httpdocs/proyectos/2026/joseangelaquino/laravel/vendor/laravel/framework/src/Illuminate/Auth/Middleware/Authenticate.php(64): Illuminate\\Pipeline\\Pipeline->Illuminate\\Pipeline\\{closure}()
#13 /var/www/vhosts/ieslamarisma.net/httpdocs/proyectos/2026/joseangelaquino/laravel/vendor/laravel/framework/src/Illuminate/Pipeline/Pipeline.php(209): Illuminate\\Auth\\Middleware\\Authenticate->handle()
#14 /var/www/vhosts/ieslamarisma.net/httpdocs/proyectos/2026/joseangelaquino/laravel/vendor/laravel/framework/src/Illuminate/Foundation/Http/Middleware/VerifyCsrfToken.php(88): Illuminate\\Pipeline\\Pipeline->Illuminate\\Pipeline\\{closure}()
#15 /var/www/vhosts/ieslamarisma.net/httpdocs/proyectos/2026/joseangelaquino/laravel/vendor/laravel/framework/src/Illuminate/Pipeline/Pipeline.php(209): Illuminate\\Foundation\\Http\\Middleware\\VerifyCsrfToken->handle()
#16 /var/www/vhosts/ieslamarisma.net/httpdocs/proyectos/2026/joseangelaquino/laravel/vendor/laravel/framework/src/Illuminate/View/Middleware/ShareErrorsFromSession.php(49): Illuminate\\Pipeline\\Pipeline->Illuminate\\Pipeline\\{closure}()
#17 /var/www/vhosts/ieslamarisma.net/httpdocs/proyectos/2026/joseangelaquino/laravel/vendor/laravel/framework/src/Illuminate/Pipeline/Pipeline.php(209): Illuminate\\View\\Middleware\\ShareErrorsFromSession->handle()
#18 /var/www/vhosts/ieslamarisma.net/httpdocs/proyectos/2026/joseangelaquino/laravel/vendor/laravel/framework/src/Illuminate/Session/Middleware/StartSession.php(121): Illuminate\\Pipeline\\Pipeline->Illuminate\\Pipeline\\{closure}()
#19 /var/www/vhosts/ieslamarisma.net/httpdocs/proyectos/2026/joseangelaquino/laravel/vendor/laravel/framework/src/Illuminate/Session/Middleware/StartSession.php(64): Illuminate\\Session\\Middleware\\StartSession->handleStatefulRequest()
#20 /var/www/vhosts/ieslamarisma.net/httpdocs/proyectos/2026/joseangelaquino/laravel/vendor/laravel/framework/src/Illuminate/Pipeline/Pipeline.php(209): Illuminate\\Session\\Middleware\\StartSession->handle()
#21 /var/www/vhosts/ieslamarisma.net/httpdocs/proyectos/2026/joseangelaquino/laravel/vendor/laravel/framework/src/Illuminate/Cookie/Middleware/AddQueuedCookiesToResponse.php(37): Illuminate\\Pipeline\\Pipeline->Illuminate\\Pipeline\\{closure}()
#22 /var/www/vhosts/ieslamarisma.net/httpdocs/proyectos/2026/joseangelaquino/laravel/vendor/laravel/framework/src/Illuminate/Pipeline/Pipeline.php(209): Illuminate\\Cookie\\Middleware\\AddQueuedCookiesToResponse->handle()
#23 /var/www/vhosts/ieslamarisma.net/httpdocs/proyectos/2026/joseangelaquino/laravel/vendor/laravel/framework/src/Illuminate/Cookie/Middleware/EncryptCookies.php(75): Illuminate\\Pipeline\\Pipeline->Illuminate\\Pipeline\\{closure}()
#24 /var/www/vhosts/ieslamarisma.net/httpdocs/proyectos/2026/joseangelaquino/laravel/vendor/laravel/framework/src/Illuminate/Pipeline/Pipeline.php(209): Illuminate\\Cookie\\Middleware\\EncryptCookies->handle()
#25 /var/www/vhosts/ieslamarisma.net/httpdocs/proyectos/2026/joseangelaquino/laravel/vendor/laravel/framework/src/Illuminate/Pipeline/Pipeline.php(127): Illuminate\\Pipeline\\Pipeline->Illuminate\\Pipeline\\{closure}()
#26 /var/www/vhosts/ieslamarisma.net/httpdocs/proyectos/2026/joseangelaquino/laravel/vendor/laravel/framework/src/Illuminate/Routing/Router.php(807): Illuminate\\Pipeline\\Pipeline->then()
#27 /var/www/vhosts/ieslamarisma.net/httpdocs/proyectos/2026/joseangelaquino/laravel/vendor/laravel/framework/src/Illuminate/Routing/Router.php(786): Illuminate\\Routing\\Router->runRouteWithinStack()
#28 /var/www/vhosts/ieslamarisma.net/httpdocs/proyectos/2026/joseangelaquino/laravel/vendor/laravel/framework/src/Illuminate/Routing/Router.php(750): Illuminate\\Routing\\Router->runRoute()
#29 /var/www/vhosts/ieslamarisma.net/httpdocs/proyectos/2026/joseangelaquino/laravel/vendor/laravel/framework/src/Illuminate/Routing/Router.php(739): Illuminate\\Routing\\Router->dispatchToRoute()
#30 /var/www/vhosts/ieslamarisma.net/httpdocs/proyectos/2026/joseangelaquino/laravel/vendor/laravel/framework/src/Illuminate/Foundation/Http/Kernel.php(201): Illuminate\\Routing\\Router->dispatch()
#31 /var/www/vhosts/ieslamarisma.net/httpdocs/proyectos/2026/joseangelaquino/laravel/vendor/laravel/framework/src/Illuminate/Pipeline/Pipeline.php(170): Illuminate\\Foundation\\Http\\Kernel->Illuminate\\Foundation\\Http\\{closure}()
#32 /var/www/vhosts/ieslamarisma.net/httpdocs/proyectos/2026/joseangelaquino/laravel/vendor/laravel/framework/src/Illuminate/Foundation/Http/Middleware/TransformsRequest.php(21): Illuminate\\Pipeline\\Pipeline->Illuminate\\Pipeline\\{closure}()
#33 /var/www/vhosts/ieslamarisma.net/httpdocs/proyectos/2026/joseangelaquino/laravel/vendor/laravel/framework/src/Illuminate/Foundation/Http/Middleware/ConvertEmptyStringsToNull.php(31): Illuminate\\Foundation\\Http\\Middleware\\TransformsRequest->handle()
#34 /var/www/vhosts/ieslamarisma.net/httpdocs/proyectos/2026/joseangelaquino/laravel/vendor/laravel/framework/src/Illuminate/Pipeline/Pipeline.php(209): Illuminate\\Foundation\\Http\\Middleware\\ConvertEmptyStringsToNull->handle()
#35 /var/www/vhosts/ieslamarisma.net/httpdocs/proyectos/2026/joseangelaquino/laravel/vendor/laravel/framework/src/Illuminate/Foundation/Http/Middleware/TransformsRequest.php(21): Illuminate\\Pipeline\\Pipeline->Illuminate\\Pipeline\\{closure}()
#36 /var/www/vhosts/ieslamarisma.net/httpdocs/proyectos/2026/joseangelaquino/laravel/vendor/laravel/framework/src/Illuminate/Foundation/Http/Middleware/TrimStrings.php(51): Illuminate\\Foundation\\Http\\Middleware\\TransformsRequest->handle()
#37 /var/www/vhosts/ieslamarisma.net/httpdocs/proyectos/2026/joseangelaquino/laravel/vendor/laravel/framework/src/Illuminate/Pipeline/Pipeline.php(209): Illuminate\\Foundation\\Http\\Middleware\\TrimStrings->handle()
#38 /var/www/vhosts/ieslamarisma.net/httpdocs/proyectos/2026/joseangelaquino/laravel/vendor/laravel/framework/src/Illuminate/Http/Middleware/ValidatePostSize.php(27): Illuminate\\Pipeline\\Pipeline->Illuminate\\Pipeline\\{closure}()
#39 /var/www/vhosts/ieslamarisma.net/httpdocs/proyectos/2026/joseangelaquino/laravel/vendor/laravel/framework/src/Illuminate/Pipeline/Pipeline.php(209): Illuminate\\Http\\Middleware\\ValidatePostSize->handle()
#40 /var/www/vhosts/ieslamarisma.net/httpdocs/proyectos/2026/joseangelaquino/laravel/vendor/laravel/framework/src/Illuminate/Foundation/Http/Middleware/PreventRequestsDuringMaintenance.php(110): Illuminate\\Pipeline\\Pipeline->Illuminate\\Pipeline\\{closure}()
#41 /var/www/vhosts/ieslamarisma.net/httpdocs/proyectos/2026/joseangelaquino/laravel/vendor/laravel/framework/src/Illuminate/Pipeline/Pipeline.php(209): Illuminate\\Foundation\\Http\\Middleware\\PreventRequestsDuringMaintenance->handle()
#42 /var/www/vhosts/ieslamarisma.net/httpdocs/proyectos/2026/joseangelaquino/laravel/vendor/laravel/framework/src/Illuminate/Http/Middleware/HandleCors.php(49): Illuminate\\Pipeline\\Pipeline->Illuminate\\Pipeline\\{closure}()
#43 /var/www/vhosts/ieslamarisma.net/httpdocs/proyectos/2026/joseangelaquino/laravel/vendor/laravel/framework/src/Illuminate/Pipeline/Pipeline.php(209): Illuminate\\Http\\Middleware\\HandleCors->handle()
#44 /var/www/vhosts/ieslamarisma.net/httpdocs/proyectos/2026/joseangelaquino/laravel/vendor/laravel/framework/src/Illuminate/Http/Middleware/TrustProxies.php(58): Illuminate\\Pipeline\\Pipeline->Illuminate\\Pipeline\\{closure}()
#45 /var/www/vhosts/ieslamarisma.net/httpdocs/proyectos/2026/joseangelaquino/laravel/vendor/laravel/framework/src/Illuminate/Pipeline/Pipeline.php(209): Illuminate\\Http\\Middleware\\TrustProxies->handle()
#46 /var/www/vhosts/ieslamarisma.net/httpdocs/proyectos/2026/joseangelaquino/laravel/vendor/laravel/framework/src/Illuminate/Foundation/Http/Middleware/InvokeDeferredCallbacks.php(22): Illuminate\\Pipeline\\Pipeline->Illuminate\\Pipeline\\{closure}()
#47 /var/www/vhosts/ieslamarisma.net/httpdocs/proyectos/2026/joseangelaquino/laravel/vendor/laravel/framework/src/Illuminate/Pipeline/Pipeline.php(209): Illuminate\\Foundation\\Http\\Middleware\\InvokeDeferredCallbacks->handle()
#48 /var/www/vhosts/ieslamarisma.net/httpdocs/proyectos/2026/joseangelaquino/laravel/vendor/laravel/framework/src/Illuminate/Pipeline/Pipeline.php(127): Illuminate\\Pipeline\\Pipeline->Illuminate\\Pipeline\\{closure}()
#49 /var/www/vhosts/ieslamarisma.net/httpdocs/proyectos/2026/joseangelaquino/laravel/vendor/laravel/framework/src/Illuminate/Foundation/Http/Kernel.php(176): Illuminate\\Pipeline\\Pipeline->then()
#50 /var/www/vhosts/ieslamarisma.net/httpdocs/proyectos/2026/joseangelaquino/laravel/vendor/laravel/framework/src/Illuminate/Foundation/Http/Kernel.php(145): Illuminate\\Foundation\\Http\\Kernel->sendRequestThroughRouter()
#51 /var/www/vhosts/ieslamarisma.net/httpdocs/proyectos/2026/joseangelaquino/gym-reservas/index.php(28): Illuminate\\Foundation\\Http\\Kernel->handle()
#52 {main}
"} 
[2026-05-12 23:18:13] production.ERROR: http_response_code(): Cannot set response code - headers already sent (output started at /var/www/vhosts/ieslamarisma.net/httpdocs/proyectos/2026/joseangelaquino/laravel/vendor/symfony/http-foundation/Response.php:388) {"userId":14,"exception":"[object] (ErrorException(code: 0): http_response_code(): Cannot set response code - headers already sent (output started at /var/www/vhosts/ieslamarisma.net/httpdocs/proyectos/2026/joseangelaquino/laravel/vendor/symfony/http-foundation/Response.php:388) at /var/www/vhosts/ieslamarisma.net/httpdocs/proyectos/2026/joseangelaquino/gym-reservas/index.php:41)
[stacktrace]
#0 /var/www/vhosts/ieslamarisma.net/httpdocs/proyectos/2026/joseangelaquino/laravel/vendor/laravel/framework/src/Illuminate/Foundation/Bootstrap/HandleExceptions.php(258): Illuminate\\Foundation\\Bootstrap\\HandleExceptions->handleError()
#1 [internal function]: Illuminate\\Foundation\\Bootstrap\\HandleExceptions->Illuminate\\Foundation\\Bootstrap\\{closure}()
#2 /var/www/vhosts/ieslamarisma.net/httpdocs/proyectos/2026/joseangelaquino/gym-reservas/index.php(41): http_response_code()
#3 {main}
"} 
[2026-05-12 23:18:24] production.ERROR: http_response_code(): Cannot set response code - headers already sent (output started at /var/www/vhosts/ieslamarisma.net/httpdocs/proyectos/2026/joseangelaquino/laravel/vendor/symfony/http-foundation/Response.php:388) {"exception":"[object] (ErrorException(code: 0): http_response_code(): Cannot set response code - headers already sent (output started at /var/www/vhosts/ieslamarisma.net/httpdocs/proyectos/2026/joseangelaquino/laravel/vendor/symfony/http-foundation/Response.php:388) at /var/www/vhosts/ieslamarisma.net/httpdocs/proyectos/2026/joseangelaquino/gym-reservas/index.php:41)
[stacktrace]
#0 /var/www/vhosts/ieslamarisma.net/httpdocs/proyectos/2026/joseangelaquino/laravel/vendor/laravel/framework/src/Illuminate/Foundation/Bootstrap/HandleExceptions.php(258): Illuminate\\Foundation\\Bootstrap\\HandleExceptions->handleError()
#1 [internal function]: Illuminate\\Foundation\\Bootstrap\\HandleExceptions->Illuminate\\Foundation\\Bootstrap\\{closure}()
#2 /var/www/vhosts/ieslamarisma.net/httpdocs/proyectos/2026/joseangelaquino/gym-reservas/index.php(41): http_response_code()
#3 {main}
"} 
[2026-05-12 23:18:32] production.ERROR: Login fallido: These credentials do not match our records.  
[2026-05-12 23:18:48] production.ERROR: Target class [admin] does not exist. {"userId":14,"exception":"[object] (Illuminate\\Contracts\\Container\\BindingResolutionException(code: 0): Target class [admin] does not exist. at /var/www/vhosts/ieslamarisma.net/httpdocs/proyectos/2026/joseangelaquino/laravel/vendor/laravel/framework/src/Illuminate/Container/Container.php:961)
[stacktrace]
#0 /var/www/vhosts/ieslamarisma.net/httpdocs/proyectos/2026/joseangelaquino/laravel/vendor/laravel/framework/src/Illuminate/Container/Container.php(832): Illuminate\\Container\\Container->build()
#1 /var/www/vhosts/ieslamarisma.net/httpdocs/proyectos/2026/joseangelaquino/laravel/vendor/laravel/framework/src/Illuminate/Foundation/Application.php(1078): Illuminate\\Container\\Container->resolve()
#2 /var/www/vhosts/ieslamarisma.net/httpdocs/proyectos/2026/joseangelaquino/laravel/vendor/laravel/framework/src/Illuminate/Container/Container.php(763): Illuminate\\Foundation\\Application->resolve()
#3 /var/www/vhosts/ieslamarisma.net/httpdocs/proyectos/2026/joseangelaquino/laravel/vendor/laravel/framework/src/Illuminate/Foundation/Application.php(1058): Illuminate\\Container\\Container->make()
#4 /var/www/vhosts/ieslamarisma.net/httpdocs/proyectos/2026/joseangelaquino/laravel/vendor/laravel/framework/src/Illuminate/Pipeline/Pipeline.php(198): Illuminate\\Foundation\\Application->make()
#5 /var/www/vhosts/ieslamarisma.net/httpdocs/proyectos/2026/joseangelaquino/laravel/vendor/laravel/framework/src/Illuminate/Http/Middleware/AddLinkHeadersForPreloadedAssets.php(20): Illuminate\\Pipeline\\Pipeline->Illuminate\\Pipeline\\{closure}()
#6 /var/www/vhosts/ieslamarisma.net/httpdocs/proyectos/2026/joseangelaquino/laravel/vendor/laravel/framework/src/Illuminate/Pipeline/Pipeline.php(209): Illuminate\\Http\\Middleware\\AddLinkHeadersForPreloadedAssets->handle()
#7 /var/www/vhosts/ieslamarisma.net/httpdocs/proyectos/2026/joseangelaquino/laravel/vendor/inertiajs/inertia-laravel/src/Middleware.php(122): Illuminate\\Pipeline\\Pipeline->Illuminate\\Pipeline\\{closure}()
#8 /var/www/vhosts/ieslamarisma.net/httpdocs/proyectos/2026/joseangelaquino/laravel/vendor/laravel/framework/src/Illuminate/Pipeline/Pipeline.php(209): Inertia\\Middleware->handle()
#9 /var/www/vhosts/ieslamarisma.net/httpdocs/proyectos/2026/joseangelaquino/laravel/vendor/laravel/framework/src/Illuminate/Routing/Middleware/SubstituteBindings.php(51): Illuminate\\Pipeline\\Pipeline->Illuminate\\Pipeline\\{closure}()
#10 /var/www/vhosts/ieslamarisma.net/httpdocs/proyectos/2026/joseangelaquino/laravel/vendor/laravel/framework/src/Illuminate/Pipeline/Pipeline.php(209): Illuminate\\Routing\\Middleware\\SubstituteBindings->handle()
#11 /var/www/vhosts/ieslamarisma.net/httpdocs/proyectos/2026/joseangelaquino/laravel/vendor/laravel/framework/src/Illuminate/Auth/Middleware/Authenticate.php(64): Illuminate\\Pipeline\\Pipeline->Illuminate\\Pipeline\\{closure}()
#12 /var/www/vhosts/ieslamarisma.net/httpdocs/proyectos/2026/joseangelaquino/laravel/vendor/laravel/framework/src/Illuminate/Pipeline/Pipeline.php(209): Illuminate\\Auth\\Middleware\\Authenticate->handle()
#13 /var/www/vhosts/ieslamarisma.net/httpdocs/proyectos/2026/joseangelaquino/laravel/vendor/laravel/framework/src/Illuminate/Foundation/Http/Middleware/VerifyCsrfToken.php(88): Illuminate\\Pipeline\\Pipeline->Illuminate\\Pipeline\\{closure}()
#14 /var/www/vhosts/ieslamarisma.net/httpdocs/proyectos/2026/joseangelaquino/laravel/vendor/laravel/framework/src/Illuminate/Pipeline/Pipeline.php(209): Illuminate\\Foundation\\Http\\Middleware\\VerifyCsrfToken->handle()
#15 /var/www/vhosts/ieslamarisma.net/httpdocs/proyectos/2026/joseangelaquino/laravel/vendor/laravel/framework/src/Illuminate/View/Middleware/ShareErrorsFromSession.php(49): Illuminate\\Pipeline\\Pipeline->Illuminate\\Pipeline\\{closure}()
#16 /var/www/vhosts/ieslamarisma.net/httpdocs/proyectos/2026/joseangelaquino/laravel/vendor/laravel/framework/src/Illuminate/Pipeline/Pipeline.php(209): Illuminate\\View\\Middleware\\ShareErrorsFromSession->handle()
#17 /var/www/vhosts/ieslamarisma.net/httpdocs/proyectos/2026/joseangelaquino/laravel/vendor/laravel/framework/src/Illuminate/Session/Middleware/StartSession.php(121): Illuminate\\Pipeline\\Pipeline->Illuminate\\Pipeline\\{closure}()
#18 /var/www/vhosts/ieslamarisma.net/httpdocs/proyectos/2026/joseangelaquino/laravel/vendor/laravel/framework/src/Illuminate/Session/Middleware/StartSession.php(64): Illuminate\\Session\\Middleware\\StartSession->handleStatefulRequest()
#19 /var/www/vhosts/ieslamarisma.net/httpdocs/proyectos/2026/joseangelaquino/laravel/vendor/laravel/framework/src/Illuminate/Pipeline/Pipeline.php(209): Illuminate\\Session\\Middleware\\StartSession->handle()
#20 /var/www/vhosts/ieslamarisma.net/httpdocs/proyectos/2026/joseangelaquino/laravel/vendor/laravel/framework/src/Illuminate/Cookie/Middleware/AddQueuedCookiesToResponse.php(37): Illuminate\\Pipeline\\Pipeline->Illuminate\\Pipeline\\{closure}()
#21 /var/www/vhosts/ieslamarisma.net/httpdocs/proyectos/2026/joseangelaquino/laravel/vendor/laravel/framework/src/Illuminate/Pipeline/Pipeline.php(209): Illuminate\\Cookie\\Middleware\\AddQueuedCookiesToResponse->handle()
#22 /var/www/vhosts/ieslamarisma.net/httpdocs/proyectos/2026/joseangelaquino/laravel/vendor/laravel/framework/src/Illuminate/Cookie/Middleware/EncryptCookies.php(75): Illuminate\\Pipeline\\Pipeline->Illuminate\\Pipeline\\{closure}()
#23 /var/www/vhosts/ieslamarisma.net/httpdocs/proyectos/2026/joseangelaquino/laravel/vendor/laravel/framework/src/Illuminate/Pipeline/Pipeline.php(209): Illuminate\\Cookie\\Middleware\\EncryptCookies->handle()
#24 /var/www/vhosts/ieslamarisma.net/httpdocs/proyectos/2026/joseangelaquino/laravel/vendor/laravel/framework/src/Illuminate/Pipeline/Pipeline.php(127): Illuminate\\Pipeline\\Pipeline->Illuminate\\Pipeline\\{closure}()
#25 /var/www/vhosts/ieslamarisma.net/httpdocs/proyectos/2026/joseangelaquino/laravel/vendor/laravel/framework/src/Illuminate/Routing/Router.php(807): Illuminate\\Pipeline\\Pipeline->then()
#26 /var/www/vhosts/ieslamarisma.net/httpdocs/proyectos/2026/joseangelaquino/laravel/vendor/laravel/framework/src/Illuminate/Routing/Router.php(786): Illuminate\\Routing\\Router->runRouteWithinStack()
#27 /var/www/vhosts/ieslamarisma.net/httpdocs/proyectos/2026/joseangelaquino/laravel/vendor/laravel/framework/src/Illuminate/Routing/Router.php(750): Illuminate\\Routing\\Router->runRoute()
#28 /var/www/vhosts/ieslamarisma.net/httpdocs/proyectos/2026/joseangelaquino/laravel/vendor/laravel/framework/src/Illuminate/Routing/Router.php(739): Illuminate\\Routing\\Router->dispatchToRoute()
#29 /var/www/vhosts/ieslamarisma.net/httpdocs/proyectos/2026/joseangelaquino/laravel/vendor/laravel/framework/src/Illuminate/Foundation/Http/Kernel.php(201): Illuminate\\Routing\\Router->dispatch()
#30 /var/www/vhosts/ieslamarisma.net/httpdocs/proyectos/2026/joseangelaquino/laravel/vendor/laravel/framework/src/Illuminate/Pipeline/Pipeline.php(170): Illuminate\\Foundation\\Http\\Kernel->Illuminate\\Foundation\\Http\\{closure}()
#31 /var/www/vhosts/ieslamarisma.net/httpdocs/proyectos/2026/joseangelaquino/laravel/vendor/laravel/framework/src/Illuminate/Foundation/Http/Middleware/TransformsRequest.php(21): Illuminate\\Pipeline\\Pipeline->Illuminate\\Pipeline\\{closure}()
#32 /var/www/vhosts/ieslamarisma.net/httpdocs/proyectos/2026/joseangelaquino/laravel/vendor/laravel/framework/src/Illuminate/Foundation/Http/Middleware/ConvertEmptyStringsToNull.php(31): Illuminate\\Foundation\\Http\\Middleware\\TransformsRequest->handle()
#33 /var/www/vhosts/ieslamarisma.net/httpdocs/proyectos/2026/joseangelaquino/laravel/vendor/laravel/framework/src/Illuminate/Pipeline/Pipeline.php(209): Illuminate\\Foundation\\Http\\Middleware\\ConvertEmptyStringsToNull->handle()
#34 /var/www/vhosts/ieslamarisma.net/httpdocs/proyectos/2026/joseangelaquino/laravel/vendor/laravel/framework/src/Illuminate/Foundation/Http/Middleware/TransformsRequest.php(21): Illuminate\\Pipeline\\Pipeline->Illuminate\\Pipeline\\{closure}()
#35 /var/www/vhosts/ieslamarisma.net/httpdocs/proyectos/2026/joseangelaquino/laravel/vendor/laravel/framework/src/Illuminate/Foundation/Http/Middleware/TrimStrings.php(51): Illuminate\\Foundation\\Http\\Middleware\\TransformsRequest->handle()
#36 /var/www/vhosts/ieslamarisma.net/httpdocs/proyectos/2026/joseangelaquino/laravel/vendor/laravel/framework/src/Illuminate/Pipeline/Pipeline.php(209): Illuminate\\Foundation\\Http\\Middleware\\TrimStrings->handle()
#37 /var/www/vhosts/ieslamarisma.net/httpdocs/proyectos/2026/joseangelaquino/laravel/vendor/laravel/framework/src/Illuminate/Http/Middleware/ValidatePostSize.php(27): Illuminate\\Pipeline\\Pipeline->Illuminate\\Pipeline\\{closure}()
#38 /var/www/vhosts/ieslamarisma.net/httpdocs/proyectos/2026/joseangelaquino/laravel/vendor/laravel/framework/src/Illuminate/Pipeline/Pipeline.php(209): Illuminate\\Http\\Middleware\\ValidatePostSize->handle()
#39 /var/www/vhosts/ieslamarisma.net/httpdocs/proyectos/2026/joseangelaquino/laravel/vendor/laravel/framework/src/Illuminate/Foundation/Http/Middleware/PreventRequestsDuringMaintenance.php(110): Illuminate\\Pipeline\\Pipeline->Illuminate\\Pipeline\\{closure}()
#40 /var/www/vhosts/ieslamarisma.net/httpdocs/proyectos/2026/joseangelaquino/laravel/vendor/laravel/framework/src/Illuminate/Pipeline/Pipeline.php(209): Illuminate\\Foundation\\Http\\Middleware\\PreventRequestsDuringMaintenance->handle()
#41 /var/www/vhosts/ieslamarisma.net/httpdocs/proyectos/2026/joseangelaquino/laravel/vendor/laravel/framework/src/Illuminate/Http/Middleware/HandleCors.php(49): Illuminate\\Pipeline\\Pipeline->Illuminate\\Pipeline\\{closure}()
#42 /var/www/vhosts/ieslamarisma.net/httpdocs/proyectos/2026/joseangelaquino/laravel/vendor/laravel/framework/src/Illuminate/Pipeline/Pipeline.php(209): Illuminate\\Http\\Middleware\\HandleCors->handle()
#43 /var/www/vhosts/ieslamarisma.net/httpdocs/proyectos/2026/joseangelaquino/laravel/vendor/laravel/framework/src/Illuminate/Http/Middleware/TrustProxies.php(58): Illuminate\\Pipeline\\Pipeline->Illuminate\\Pipeline\\{closure}()
#44 /var/www/vhosts/ieslamarisma.net/httpdocs/proyectos/2026/joseangelaquino/laravel/vendor/laravel/framework/src/Illuminate/Pipeline/Pipeline.php(209): Illuminate\\Http\\Middleware\\TrustProxies->handle()
#45 /var/www/vhosts/ieslamarisma.net/httpdocs/proyectos/2026/joseangelaquino/laravel/vendor/laravel/framework/src/Illuminate/Foundation/Http/Middleware/InvokeDeferredCallbacks.php(22): Illuminate\\Pipeline\\Pipeline->Illuminate\\Pipeline\\{closure}()
#46 /var/www/vhosts/ieslamarisma.net/httpdocs/proyectos/2026/joseangelaquino/laravel/vendor/laravel/framework/src/Illuminate/Pipeline/Pipeline.php(209): Illuminate\\Foundation\\Http\\Middleware\\InvokeDeferredCallbacks->handle()
#47 /var/www/vhosts/ieslamarisma.net/httpdocs/proyectos/2026/joseangelaquino/laravel/vendor/laravel/framework/src/Illuminate/Pipeline/Pipeline.php(127): Illuminate\\Pipeline\\Pipeline->Illuminate\\Pipeline\\{closure}()
#48 /var/www/vhosts/ieslamarisma.net/httpdocs/proyectos/2026/joseangelaquino/laravel/vendor/laravel/framework/src/Illuminate/Foundation/Http/Kernel.php(176): Illuminate\\Pipeline\\Pipeline->then()
#49 /var/www/vhosts/ieslamarisma.net/httpdocs/proyectos/2026/joseangelaquino/laravel/vendor/laravel/framework/src/Illuminate/Foundation/Http/Kernel.php(145): Illuminate\\Foundation\\Http\\Kernel->sendRequestThroughRouter()
#50 /var/www/vhosts/ieslamarisma.net/httpdocs/proyectos/2026/joseangelaquino/gym-reservas/index.php(28): Illuminate\\Foundation\\Http\\Kernel->handle()
#51 {main}

[previous exception] [object] (ReflectionException(code: -1): Class \"admin\" does not exist at /var/www/vhosts/ieslamarisma.net/httpdocs/proyectos/2026/joseangelaquino/laravel/vendor/laravel/framework/src/Illuminate/Container/Container.php:959)
[stacktrace]
#0 /var/www/vhosts/ieslamarisma.net/httpdocs/proyectos/2026/joseangelaquino/laravel/vendor/laravel/framework/src/Illuminate/Container/Container.php(959): ReflectionClass->__construct()
#1 /var/www/vhosts/ieslamarisma.net/httpdocs/proyectos/2026/joseangelaquino/laravel/vendor/laravel/framework/src/Illuminate/Container/Container.php(832): Illuminate\\Container\\Container->build()
#2 /var/www/vhosts/ieslamarisma.net/httpdocs/proyectos/2026/joseangelaquino/laravel/vendor/laravel/framework/src/Illuminate/Foundation/Application.php(1078): Illuminate\\Container\\Container->resolve()
#3 /var/www/vhosts/ieslamarisma.net/httpdocs/proyectos/2026/joseangelaquino/laravel/vendor/laravel/framework/src/Illuminate/Container/Container.php(763): Illuminate\\Foundation\\Application->resolve()
#4 /var/www/vhosts/ieslamarisma.net/httpdocs/proyectos/2026/joseangelaquino/laravel/vendor/laravel/framework/src/Illuminate/Foundation/Application.php(1058): Illuminate\\Container\\Container->make()
#5 /var/www/vhosts/ieslamarisma.net/httpdocs/proyectos/2026/joseangelaquino/laravel/vendor/laravel/framework/src/Illuminate/Pipeline/Pipeline.php(198): Illuminate\\Foundation\\Application->make()
#6 /var/www/vhosts/ieslamarisma.net/httpdocs/proyectos/2026/joseangelaquino/laravel/vendor/laravel/framework/src/Illuminate/Http/Middleware/AddLinkHeadersForPreloadedAssets.php(20): Illuminate\\Pipeline\\Pipeline->Illuminate\\Pipeline\\{closure}()
#7 /var/www/vhosts/ieslamarisma.net/httpdocs/proyectos/2026/joseangelaquino/laravel/vendor/laravel/framework/src/Illuminate/Pipeline/Pipeline.php(209): Illuminate\\Http\\Middleware\\AddLinkHeadersForPreloadedAssets->handle()
#8 /var/www/vhosts/ieslamarisma.net/httpdocs/proyectos/2026/joseangelaquino/laravel/vendor/inertiajs/inertia-laravel/src/Middleware.php(122): Illuminate\\Pipeline\\Pipeline->Illuminate\\Pipeline\\{closure}()
#9 /var/www/vhosts/ieslamarisma.net/httpdocs/proyectos/2026/joseangelaquino/laravel/vendor/laravel/framework/src/Illuminate/Pipeline/Pipeline.php(209): Inertia\\Middleware->handle()
#10 /var/www/vhosts/ieslamarisma.net/httpdocs/proyectos/2026/joseangelaquino/laravel/vendor/laravel/framework/src/Illuminate/Routing/Middleware/SubstituteBindings.php(51): Illuminate\\Pipeline\\Pipeline->Illuminate\\Pipeline\\{closure}()
#11 /var/www/vhosts/ieslamarisma.net/httpdocs/proyectos/2026/joseangelaquino/laravel/vendor/laravel/framework/src/Illuminate/Pipeline/Pipeline.php(209): Illuminate\\Routing\\Middleware\\SubstituteBindings->handle()
#12 /var/www/vhosts/ieslamarisma.net/httpdocs/proyectos/2026/joseangelaquino/laravel/vendor/laravel/framework/src/Illuminate/Auth/Middleware/Authenticate.php(64): Illuminate\\Pipeline\\Pipeline->Illuminate\\Pipeline\\{closure}()
#13 /var/www/vhosts/ieslamarisma.net/httpdocs/proyectos/2026/joseangelaquino/laravel/vendor/laravel/framework/src/Illuminate/Pipeline/Pipeline.php(209): Illuminate\\Auth\\Middleware\\Authenticate->handle()
#14 /var/www/vhosts/ieslamarisma.net/httpdocs/proyectos/2026/joseangelaquino/laravel/vendor/laravel/framework/src/Illuminate/Foundation/Http/Middleware/VerifyCsrfToken.php(88): Illuminate\\Pipeline\\Pipeline->Illuminate\\Pipeline\\{closure}()
#15 /var/www/vhosts/ieslamarisma.net/httpdocs/proyectos/2026/joseangelaquino/laravel/vendor/laravel/framework/src/Illuminate/Pipeline/Pipeline.php(209): Illuminate\\Foundation\\Http\\Middleware\\VerifyCsrfToken->handle()
#16 /var/www/vhosts/ieslamarisma.net/httpdocs/proyectos/2026/joseangelaquino/laravel/vendor/laravel/framework/src/Illuminate/View/Middleware/ShareErrorsFromSession.php(49): Illuminate\\Pipeline\\Pipeline->Illuminate\\Pipeline\\{closure}()
#17 /var/www/vhosts/ieslamarisma.net/httpdocs/proyectos/2026/joseangelaquino/laravel/vendor/laravel/framework/src/Illuminate/Pipeline/Pipeline.php(209): Illuminate\\View\\Middleware\\ShareErrorsFromSession->handle()
#18 /var/www/vhosts/ieslamarisma.net/httpdocs/proyectos/2026/joseangelaquino/laravel/vendor/laravel/framework/src/Illuminate/Session/Middleware/StartSession.php(121): Illuminate\\Pipeline\\Pipeline->Illuminate\\Pipeline\\{closure}()
#19 /var/www/vhosts/ieslamarisma.net/httpdocs/proyectos/2026/joseangelaquino/laravel/vendor/laravel/framework/src/Illuminate/Session/Middleware/StartSession.php(64): Illuminate\\Session\\Middleware\\StartSession->handleStatefulRequest()
#20 /var/www/vhosts/ieslamarisma.net/httpdocs/proyectos/2026/joseangelaquino/laravel/vendor/laravel/framework/src/Illuminate/Pipeline/Pipeline.php(209): Illuminate\\Session\\Middleware\\StartSession->handle()
#21 /var/www/vhosts/ieslamarisma.net/httpdocs/proyectos/2026/joseangelaquino/laravel/vendor/laravel/framework/src/Illuminate/Cookie/Middleware/AddQueuedCookiesToResponse.php(37): Illuminate\\Pipeline\\Pipeline->Illuminate\\Pipeline\\{closure}()
#22 /var/www/vhosts/ieslamarisma.net/httpdocs/proyectos/2026/joseangelaquino/laravel/vendor/laravel/framework/src/Illuminate/Pipeline/Pipeline.php(209): Illuminate\\Cookie\\Middleware\\AddQueuedCookiesToResponse->handle()
#23 /var/www/vhosts/ieslamarisma.net/httpdocs/proyectos/2026/joseangelaquino/laravel/vendor/laravel/framework/src/Illuminate/Cookie/Middleware/EncryptCookies.php(75): Illuminate\\Pipeline\\Pipeline->Illuminate\\Pipeline\\{closure}()
#24 /var/www/vhosts/ieslamarisma.net/httpdocs/proyectos/2026/joseangelaquino/laravel/vendor/laravel/framework/src/Illuminate/Pipeline/Pipeline.php(209): Illuminate\\Cookie\\Middleware\\EncryptCookies->handle()
#25 /var/www/vhosts/ieslamarisma.net/httpdocs/proyectos/2026/joseangelaquino/laravel/vendor/laravel/framework/src/Illuminate/Pipeline/Pipeline.php(127): Illuminate\\Pipeline\\Pipeline->Illuminate\\Pipeline\\{closure}()
#26 /var/www/vhosts/ieslamarisma.net/httpdocs/proyectos/2026/joseangelaquino/laravel/vendor/laravel/framework/src/Illuminate/Routing/Router.php(807): Illuminate\\Pipeline\\Pipeline->then()
#27 /var/www/vhosts/ieslamarisma.net/httpdocs/proyectos/2026/joseangelaquino/laravel/vendor/laravel/framework/src/Illuminate/Routing/Router.php(786): Illuminate\\Routing\\Router->runRouteWithinStack()
#28 /var/www/vhosts/ieslamarisma.net/httpdocs/proyectos/2026/joseangelaquino/laravel/vendor/laravel/framework/src/Illuminate/Routing/Router.php(750): Illuminate\\Routing\\Router->runRoute()
#29 /var/www/vhosts/ieslamarisma.net/httpdocs/proyectos/2026/joseangelaquino/laravel/vendor/laravel/framework/src/Illuminate/Routing/Router.php(739): Illuminate\\Routing\\Router->dispatchToRoute()
#30 /var/www/vhosts/ieslamarisma.net/httpdocs/proyectos/2026/joseangelaquino/laravel/vendor/laravel/framework/src/Illuminate/Foundation/Http/Kernel.php(201): Illuminate\\Routing\\Router->dispatch()
#31 /var/www/vhosts/ieslamarisma.net/httpdocs/proyectos/2026/joseangelaquino/laravel/vendor/laravel/framework/src/Illuminate/Pipeline/Pipeline.php(170): Illuminate\\Foundation\\Http\\Kernel->Illuminate\\Foundation\\Http\\{closure}()
#32 /var/www/vhosts/ieslamarisma.net/httpdocs/proyectos/2026/joseangelaquino/laravel/vendor/laravel/framework/src/Illuminate/Foundation/Http/Middleware/TransformsRequest.php(21): Illuminate\\Pipeline\\Pipeline->Illuminate\\Pipeline\\{closure}()
#33 /var/www/vhosts/ieslamarisma.net/httpdocs/proyectos/2026/joseangelaquino/laravel/vendor/laravel/framework/src/Illuminate/Foundation/Http/Middleware/ConvertEmptyStringsToNull.php(31): Illuminate\\Foundation\\Http\\Middleware\\TransformsRequest->handle()
#34 /var/www/vhosts/ieslamarisma.net/httpdocs/proyectos/2026/joseangelaquino/laravel/vendor/laravel/framework/src/Illuminate/Pipeline/Pipeline.php(209): Illuminate\\Foundation\\Http\\Middleware\\ConvertEmptyStringsToNull->handle()
#35 /var/www/vhosts/ieslamarisma.net/httpdocs/proyectos/2026/joseangelaquino/laravel/vendor/laravel/framework/src/Illuminate/Foundation/Http/Middleware/TransformsRequest.php(21): Illuminate\\Pipeline\\Pipeline->Illuminate\\Pipeline\\{closure}()
#36 /var/www/vhosts/ieslamarisma.net/httpdocs/proyectos/2026/joseangelaquino/laravel/vendor/laravel/framework/src/Illuminate/Foundation/Http/Middleware/TrimStrings.php(51): Illuminate\\Foundation\\Http\\Middleware\\TransformsRequest->handle()
#37 /var/www/vhosts/ieslamarisma.net/httpdocs/proyectos/2026/joseangelaquino/laravel/vendor/laravel/framework/src/Illuminate/Pipeline/Pipeline.php(209): Illuminate\\Foundation\\Http\\Middleware\\TrimStrings->handle()
#38 /var/www/vhosts/ieslamarisma.net/httpdocs/proyectos/2026/joseangelaquino/laravel/vendor/laravel/framework/src/Illuminate/Http/Middleware/ValidatePostSize.php(27): Illuminate\\Pipeline\\Pipeline->Illuminate\\Pipeline\\{closure}()
#39 /var/www/vhosts/ieslamarisma.net/httpdocs/proyectos/2026/joseangelaquino/laravel/vendor/laravel/framework/src/Illuminate/Pipeline/Pipeline.php(209): Illuminate\\Http\\Middleware\\ValidatePostSize->handle()
#40 /var/www/vhosts/ieslamarisma.net/httpdocs/proyectos/2026/joseangelaquino/laravel/vendor/laravel/framework/src/Illuminate/Foundation/Http/Middleware/PreventRequestsDuringMaintenance.php(110): Illuminate\\Pipeline\\Pipeline->Illuminate\\Pipeline\\{closure}()
#41 /var/www/vhosts/ieslamarisma.net/httpdocs/proyectos/2026/joseangelaquino/laravel/vendor/laravel/framework/src/Illuminate/Pipeline/Pipeline.php(209): Illuminate\\Foundation\\Http\\Middleware\\PreventRequestsDuringMaintenance->handle()
#42 /var/www/vhosts/ieslamarisma.net/httpdocs/proyectos/2026/joseangelaquino/laravel/vendor/laravel/framework/src/Illuminate/Http/Middleware/HandleCors.php(49): Illuminate\\Pipeline\\Pipeline->Illuminate\\Pipeline\\{closure}()
#43 /var/www/vhosts/ieslamarisma.net/httpdocs/proyectos/2026/joseangelaquino/laravel/vendor/laravel/framework/src/Illuminate/Pipeline/Pipeline.php(209): Illuminate\\Http\\Middleware\\HandleCors->handle()
#44 /var/www/vhosts/ieslamarisma.net/httpdocs/proyectos/2026/joseangelaquino/laravel/vendor/laravel/framework/src/Illuminate/Http/Middleware/TrustProxies.php(58): Illuminate\\Pipeline\\Pipeline->Illuminate\\Pipeline\\{closure}()
#45 /var/www/vhosts/ieslamarisma.net/httpdocs/proyectos/2026/joseangelaquino/laravel/vendor/laravel/framework/src/Illuminate/Pipeline/Pipeline.php(209): Illuminate\\Http\\Middleware\\TrustProxies->handle()
#46 /var/www/vhosts/ieslamarisma.net/httpdocs/proyectos/2026/joseangelaquino/laravel/vendor/laravel/framework/src/Illuminate/Foundation/Http/Middleware/InvokeDeferredCallbacks.php(22): Illuminate\\Pipeline\\Pipeline->Illuminate\\Pipeline\\{closure}()
#47 /var/www/vhosts/ieslamarisma.net/httpdocs/proyectos/2026/joseangelaquino/laravel/vendor/laravel/framework/src/Illuminate/Pipeline/Pipeline.php(209): Illuminate\\Foundation\\Http\\Middleware\\InvokeDeferredCallbacks->handle()
#48 /var/www/vhosts/ieslamarisma.net/httpdocs/proyectos/2026/joseangelaquino/laravel/vendor/laravel/framework/src/Illuminate/Pipeline/Pipeline.php(127): Illuminate\\Pipeline\\Pipeline->Illuminate\\Pipeline\\{closure}()
#49 /var/www/vhosts/ieslamarisma.net/httpdocs/proyectos/2026/joseangelaquino/laravel/vendor/laravel/framework/src/Illuminate/Foundation/Http/Kernel.php(176): Illuminate\\Pipeline\\Pipeline->then()
#50 /var/www/vhosts/ieslamarisma.net/httpdocs/proyectos/2026/joseangelaquino/laravel/vendor/laravel/framework/src/Illuminate/Foundation/Http/Kernel.php(145): Illuminate\\Foundation\\Http\\Kernel->sendRequestThroughRouter()
#51 /var/www/vhosts/ieslamarisma.net/httpdocs/proyectos/2026/joseangelaquino/gym-reservas/index.php(28): Illuminate\\Foundation\\Http\\Kernel->handle()
#52 {main}
"} 
[2026-05-12 23:18:48] production.ERROR: http_response_code(): Cannot set response code - headers already sent (output started at /var/www/vhosts/ieslamarisma.net/httpdocs/proyectos/2026/joseangelaquino/laravel/vendor/symfony/http-foundation/Response.php:388) {"userId":14,"exception":"[object] (ErrorException(code: 0): http_response_code(): Cannot set response code - headers already sent (output started at /var/www/vhosts/ieslamarisma.net/httpdocs/proyectos/2026/joseangelaquino/laravel/vendor/symfony/http-foundation/Response.php:388) at /var/www/vhosts/ieslamarisma.net/httpdocs/proyectos/2026/joseangelaquino/gym-reservas/index.php:41)
[stacktrace]
#0 /var/www/vhosts/ieslamarisma.net/httpdocs/proyectos/2026/joseangelaquino/laravel/vendor/laravel/framework/src/Illuminate/Foundation/Bootstrap/HandleExceptions.php(258): Illuminate\\Foundation\\Bootstrap\\HandleExceptions->handleError()
#1 [internal function]: Illuminate\\Foundation\\Bootstrap\\HandleExceptions->Illuminate\\Foundation\\Bootstrap\\{closure}()
#2 /var/www/vhosts/ieslamarisma.net/httpdocs/proyectos/2026/joseangelaquino/gym-reservas/index.php(41): http_response_code()
#3 {main}
"} 
[2026-05-12 23:20:19] production.ERROR: http_response_code(): Cannot set response code - headers already sent (output started at /var/www/vhosts/ieslamarisma.net/httpdocs/proyectos/2026/joseangelaquino/laravel/vendor/symfony/http-foundation/Response.php:388) {"exception":"[object] (ErrorException(code: 0): http_response_code(): Cannot set response code - headers already sent (output started at /var/www/vhosts/ieslamarisma.net/httpdocs/proyectos/2026/joseangelaquino/laravel/vendor/symfony/http-foundation/Response.php:388) at /var/www/vhosts/ieslamarisma.net/httpdocs/proyectos/2026/joseangelaquino/gym-reservas/index.php:41)
[stacktrace]
#0 /var/www/vhosts/ieslamarisma.net/httpdocs/proyectos/2026/joseangelaquino/laravel/vendor/laravel/framework/src/Illuminate/Foundation/Bootstrap/HandleExceptions.php(258): Illuminate\\Foundation\\Bootstrap\\HandleExceptions->handleError()
#1 [internal function]: Illuminate\\Foundation\\Bootstrap\\HandleExceptions->Illuminate\\Foundation\\Bootstrap\\{closure}()
#2 /var/www/vhosts/ieslamarisma.net/httpdocs/proyectos/2026/joseangelaquino/gym-reservas/index.php(41): http_response_code()
#3 {main}
"} 
[2026-05-12 23:20:28] production.ERROR: Login fallido: These credentials do not match our records.  
